farm,day,same_farm,n,warm,negative,max_gap
F13,51,False,292,2,245,3.1191666666666684
F13,51,True,146,1,128,3.1191666666666684
F13,143,False,293,2,251,3.1191666666666684
F13,143,True,146,1,129,3.1191666666666684
F13,194,False,42,0,39,0.05791666666666728
F13,194,True,22,0,19,0.05791666666666728
F47,72,False,276,2,231,3.1191666666666684
F47,72,True,139,1,111,2.5308333333333337
F47,191,False,42,0,39,0.05791666666666728
F47,191,True,20,0,20,-0.02833333333333421
F13,57,False,291,2,243,3.1191666666666684
F13,57,True,144,1,125,3.1191666666666684
F47,68,False,278,2,232,3.1191666666666684
F47,68,True,141,1,113,2.5308333333333337
