seed,segment,n,days,baseline,candidate,change_pct
7,high,744,31,0.5012851166495015,0.5249376282209015,4.718374989764129
7,ordinary,7896,329,0.11054362173132662,0.10662427319323053,-3.545522099521903
7,pass1,7536,314,0.16754154360132353,0.16933260389533475,1.069024586685896
7,pass2,1104,46,0.25521522752371895,0.266994963712018,4.6156086776617755
7,F13,4320,180,0.16336040118051703,0.16344613746285336,0.05248290388415455
7,F47,4320,180,0.1972962051306388,0.20377034689808732,3.2814324853139842
101,high,744,31,0.501917123634803,0.5196729553557115,3.5376023022134717
101,ordinary,7896,329,0.11126624819725948,0.10801653271939238,-2.920665997568117
101,pass1,7536,314,0.16832280222403495,0.16947075203318288,0.681993047870022
101,pass2,1104,46,0.25478881629886085,0.2634348747147786,3.39342147803543
101,F13,4320,180,0.16303367880899192,0.16333036618738114,0.18197919629650006
101,F47,4320,180,0.19858145334501345,0.2028774237763933,2.1633291322106007
2024,high,744,31,0.5000017726706028,0.5160657999885171,3.212794073131664
2024,ordinary,7896,329,0.11216212846247095,0.10904527930957801,-2.778878392929063
2024,pass1,7536,314,0.16747483669390256,0.16853067457427087,0.6304456843854611
2024,pass2,1104,46,0.25884240838350137,0.26579354880866324,2.6854720092323703
2024,F13,4320,180,0.1639271195239292,0.16394099835383213,0.008466463598733043
2024,F47,4320,180,0.19793390770177569,0.20180217534325806,1.9543228779733024
