key,validator,fold,seed,train_rows,val_rows,train_days,validation_days,train_raw_rmse,train_postprocessed_rmse,validation_rmse,baseline_v2_rmse,elapsed_seconds,prediction_sha256,repeat_prediction
42988cb02daa69da8691a8980180c452a3a1cd4d747446f89316784407bcdbd9,DIAG10,0,7,6288,912,262,38,0.02796068288444437,0.0543984238875173,0.14937480945411874,0.14480243014405594,11.093000000109896,2ab32847c081efe3e2a3465287a754f91670245a207bb5e577b6bfe43866496a,PASS
ce58d2ac3af9babee61c23173653e364e9ba4c18e57631229c27fd5bd07c0b1d,DIAG10,0,101,6288,912,262,38,0.027820381914605643,0.05449622032615832,0.14512812159410118,0.14429077791941713,11.125,6b0a8e569dc8860533fce83d64f59df2fcbe5faa067670692a773ccf249440c4,PASS
c4dfe24a138f9bf1baafa634d7b251e936043417fcb60aa7434c3e20bf1edcfc,DIAG10,0,2024,6288,912,262,38,0.027892962594868658,0.05432922131832705,0.15358122213248807,0.14374650810688208,11.438000000081956,99cd9f16ab469975717147d8912283498ab235cf3d6c01c297d1525a63b36512,PASS
e01c3883e0bec1db8eeb57b65a1f69ef273dff05f7636a55d2c226b0a07b135c,DIAG10,1,7,6552,720,273,30,0.029903141924705192,0.054827679179740865,0.17396707374295817,0.12954165779843319,11.389999999897555,470e1a429fbd9f0fa5aeaf847ba464dfe033d139034942b4628dc6d589084cf2,PASS
e8814d1d41b5604814b57ad3a222b30933647e4f4ba98f5e876099c6b414c706,DIAG10,1,101,6552,720,273,30,0.029191804260076993,0.054409579890588526,0.1530580323387365,0.12643119906130842,11.5,72bc2ad431b4c41362ec13e8ed80fe2ea69225dd6e42908157bbfd5554b4a2f6,PASS
08f981413c4a7cf4a8c856722ea29594acf024d238d151071a79b68490e8c796,DIAG10,1,2024,6552,720,273,30,0.0290933414694378,0.05448451354736764,0.16833821803704824,0.12868122620176756,11.640000000130385,c84127f4891214eb7ea3e3c1ec575a18211b712f24a5f4cdb872b10b5b8e3b7c,PASS
7b0d7f623326b7da32db34d9342b1e19182f62cc4e686fa66f2999da1e3aa801,DIAG10,2,7,6216,960,259,40,0.027205700713528926,0.052498996528973246,0.17667686071450622,0.1468630790389529,11.578999999910593,6d1ae56d7ac14638aa07f1f2143f5676f59ad2dfb37c5b68940a744936d170cc,PASS
65d6f96c3570edff7fc627a924ecef48659f2dfeaefcb1c5f1eb9962a4a00516,DIAG10,2,101,6216,960,259,40,0.026828245837313615,0.05218209450359084,0.18692810462572407,0.14869848255256013,11.405999999959022,6d15dfb8117d2fcd1c50a04104541c02ec9a1ac76e70c87eab34f409f95ec279,PASS
878af2f268a089152d30e712c2a5e48164b06aaf61be7ec1e021669f6948a97f,DIAG10,2,2024,6216,960,259,40,0.027084124937853022,0.05239637897620966,0.19466933002147,0.14349813684916277,11.688000000081956,d1f41b5f0b7390057adfd78b8e8b2994f08ef7225547777326b21f1e48f7268b,PASS
819491fa2864244e26d235f2e982bd4cc3ef25644ac8700ee63c0f32586bb251,DIAG10,3,7,6408,792,267,33,0.02764559979140378,0.04750698155584099,0.1588759634333178,0.136587884898752,11.688000000081956,4dec7244d2879b16b8556d9501443824f24103a7129077129e761ebe8c426fdf,PASS
71f785e39c931b452da18ec24fe703b2d95f96b1b8eee41b3522209c204c1a94,DIAG10,3,101,6408,792,267,33,0.02747152397755071,0.04731285050855059,0.16235126370205435,0.1381123250467322,11.375,25d4566f33a84e9eda85825af0e24be0b8b05100e1ace18e62b37657a163ef96,PASS
57074cf2acb44e39600d4fdfd20aed18ddddfbc2708f8d684725abc813607e56,DIAG10,3,2024,6408,792,267,33,0.02739372350491883,0.04728078973154405,0.1561956819611509,0.13510831736387685,11.75,0d604fd0d6b1a9ef79c4f1e1f60b13a0391513b2b9dc6054ff3856a1c87646a8,PASS
08cce8353648302dfe70a2bd80da0b6a99162572bf7a1c4852bbcadacf96625d,DIAG10,4,7,6120,960,255,40,0.027258540487458505,0.0483478821759942,0.2915505887520783,0.247384799552214,11.390000000130385,8ea4555422006a5adfeb8b8c9be3f794627c2d6fa02642361c1a6ca03174d833,PASS
7962d41e6cbee19f9a8fe3d0363b15b6032de553e33f73ff2c9280ebf73b77af,DIAG10,4,101,6120,960,255,40,0.0275308397045343,0.04843820766042196,0.2687988857556992,0.2524566082291652,11.547000000020489,ccdc22cd6fe76dafef8f9699f669792e08648a5150ce853a9b9594a4a83a995b,PASS
f27d82d49cc5c494aed46e52cdcaad3d9dd1c2cf05eefa0a697864d57e10ff41,DIAG10,4,2024,6120,960,255,40,0.02732458942435513,0.048276493793787914,0.2712577976333119,0.2462374867186321,11.827999999979511,2a425e10adf5975fc3acb4d0ad53ec09fc1c24d06649efb173e9fbce4e696409,PASS
d59613104e4de11126e30391670fa09648811c686b2bf9588510b119fb42531f,DIAG10,5,7,6576,672,274,28,0.026070914847708678,0.05175869771750944,0.3370131779366179,0.33777270199026677,11.75,fd8969d727c5a0afa16ac8f78598cfc5dddc3c99f58732b6d8c3831026c50d43,PASS
8926d129addf8d64b52c380a35278a283af9a8bd8d5e2d8700858dfa80dbd190,DIAG10,5,101,6576,672,274,28,0.026213621342329723,0.05170872299406799,0.34892961302240033,0.34107217629689657,11.625,e48e9c4513f10e8d4e88c3401201551cbf00a89ef0809c2a561905d0cf45c920,PASS
79782156f9ebb1daa808737981785ff0642c83a9866951cf9738507dc69fed5f,DIAG10,5,2024,6576,672,274,28,0.026442429458091457,0.05195759134723123,0.336827759629781,0.3415481590655293,11.687000000150874,c7329ea9d30822e26f1a56c7f481a8d1b35d6a058f279f75d8dd04d70bc6a8f5,PASS
21ae3bd49be237021781aed839b833fcacc901cf129ab760aed29a700db497a8,DIAG10,6,7,6288,960,262,40,0.0262201988522835,0.05308655168370141,0.23094681342062262,0.2183001273090489,11.641000000061467,c96c03540cf5496f4be18a2a2bbcfdabe4aa6e12ebbb904385355557bceb78df,PASS
98144a263e2b752f098a6740511076fb2ba26a2849ebb7dbf47fce3002daf463,DIAG10,6,101,6288,960,262,40,0.02636510576031727,0.05341186537540874,0.22756670150774216,0.218036175225103,11.686999999918044,00837423ddb2877a268961210666177b1affa0555a060886eb42c43963097fae,PASS
3ffe4e17d885fcf99e4819e408a6eca99dafc7b27d63685d62148c2c66ba11fc,DIAG10,6,2024,6288,960,262,40,0.025950926754159227,0.053051029220968576,0.2380630448647721,0.21279217545953946,11.905999999959022,06532903dd5e56f2318a052a5d4e56b8e4b053c91b8c4783b7dc2d32f2953713,PASS
62a668a57ab90fb1af2286bba804950d0a80902bd3f268e7c86bb2c8e48d8b3f,DIAG10,7,7,6576,744,274,31,0.02800152502699412,0.05271890475150309,0.18528381877009908,0.16831401374308919,11.702999999979511,a0fceb5cc0057b8b426c7b08d54d4eb3ec9576d7b6839a9d722d82e2c24d3e83,PASS
aaa9fefada86ec5ca6bb75f2a95d182c33f9a867c3e3ba7f67d1d4cacbbdb367,DIAG10,7,101,6576,744,274,31,0.028524273998845502,0.05294372466523589,0.19775966666143538,0.16627352043063565,12.109999999869615,d4eb1073e2dde73fc184e156d4adcd55ab9e8f85d91ac25f0e7f1871ec1396f6,PASS
7140dd0ccb61a81ff815d430feabdd142cc7caa019ba094268f37b60dad22e7c,DIAG10,7,2024,6576,744,274,31,0.028368560432914445,0.05281862274599049,0.20170820724696154,0.16836054722697957,11.780999999959022,8f5c0a675d73c0463994abe503c0a5d66850a98c3d9717cfbc5319b690afd700,PASS
6b6fa8ea0f732cb17d9dc94a8f58beeeced471eb1972546378486aa4eb26be81,DIAG10,8,7,6192,960,258,40,0.02507896781891364,0.0504384829613484,0.33658800420768864,0.3202693594265833,11.625,819de6687b1016275a26db1952c3b195b696d695393e7602f0e1ab292e80cb97,PASS
a6ede52cf91c10f39343086279115d708902c61de8a36ffb830afe75cdec7135,DIAG10,8,101,6192,960,258,40,0.02463623629670701,0.05021624432894637,0.3338848997286813,0.3192394865404499,12.297000000020489,1901c354b06a8d3b809d785db7db76b06c37eb8451fd7ba3f17c294c2770a434,PASS
d4d9f97bfdd6b1e89ead6ecfbe0d7f275c1ae09b49e719f44a4667da1d1cc976,DIAG10,8,2024,6192,960,258,40,0.025209202070860557,0.05042283549379248,0.32418136670177317,0.32279675266623264,11.109999999869615,6b6b0f227d45d342daac65ddef4fe141df520d1ef7e0bbf47c983142bb64e625,PASS
5d0e7320c1e54bb1f1d9e3f91e40fa44046b6702c0258b62b8dbb9ceaaaff193,DIAG10,9,7,6192,960,258,40,0.027192563142440403,0.05401881428354922,0.17435895624561454,0.1732340789271371,11.983999999938533,aff63d459abfb45c7bccbcdc59db8c6fa51f5ecf42247786668129e53bc211c2,PASS
7aaeb13d8f43ee9e23e9a2c3508d8e1014630696db964c2887032f319bbd9a76,DIAG10,9,101,6192,960,258,40,0.027666827468527933,0.054173914808730836,0.17853382935503262,0.16892626848448852,11.718000000109896,28482eb063fa8477bb8e5acfb8f963d7faab13aaaacc3be8b66d895b91ad03b4,PASS
bf68cd0e56f0c02efb19c76d68b9ad95ebd9334daff2fb813a2be8209178c2d3,DIAG10,9,2024,6192,960,258,40,0.027363964162544774,0.054170079618699296,0.18589839080043502,0.169297209418294,11.593999999808148,e1c1c1e731e8200b496169c4465351f3f1f268f0191c01b5cb58d0893710f89e,PASS
fab7370a61d802cadd480ff4b03a6274ba353883817350341219a0fd4cc676ac,A,0,7,6072,1272,253,53,0.027786017248715655,0.0547909136578114,0.14971863417881398,0.1438989768964322,11.547000000020489,1fdb7ee302457b933c22fa5283a1a74ff2ef770e276186b79d659276ea64ea41,PASS
a339e6b8ee0fe025c6d4588011498fda7762c19d8ca77fa8813d54f7417f9347,A,0,101,6072,1272,253,53,0.027643674179601074,0.054723605890511715,0.15919852562659736,0.1477551246443692,11.391000000061467,cb67a66fa4f5a46957c3074e1f56b06bb47fdb1a1678acf061113c8b414cdea0,PASS
f4531be5d387e55fd87c50f0da8c600b7bbfd1486a440a3524469f3fa761bc6c,A,0,2024,6072,1272,253,53,0.027660231723301978,0.05466079876879655,0.1483764636695236,0.14454736611108984,11.390000000130385,7b2f6029b17f6834ed0f938fa0c93994b139a9ec313b5960e21c5dc77b21e12d,PASS
92881aa71085388b7211ca3f4845d788dad1a6993c9730b9a6911fde39d6ecca,A,1,7,5928,1320,247,55,0.02547066582902696,0.0527555197769689,0.19728518944732928,0.17171288170809426,11.360000000102445,1f347f670231d12c15edb2403eceda33486cd95a5dd1480cb6d8e75471271e0c,PASS
c0422d2d4ef16977cf35d2f336c68126d5cf35ff8405ea3f4acaed773e76b70f,A,1,101,5928,1320,247,55,0.02560303930078555,0.05277090024929347,0.19690810556826893,0.17350288046486032,11.031999999890104,15d46f8403df4be691bafa76e6ad35485ddd2f616ab65ae89b3ad1d051fb8355,PASS
520fdfe4c69b56b24a6bd41358d63b3a01cbb4ddb730d9d34537a77abb5e68af,A,1,2024,5928,1320,247,55,0.025300153695760358,0.052604223615684176,0.19227807671731026,0.1709583111470358,11.484999999869615,ed47d0142e69d8df62d53973f7c02489d06031ca8621bca03a1c5a7633ea42f2,PASS
16a4448f840212a84b9cd272085709538092b862ddd88a9ff4336c596b61ca74,A,2,7,6000,1272,250,53,0.021115651646929842,0.04676459070093887,0.3144671395815692,0.24633535379315752,11.75,18a06e7aae4716239fcae06f7de0f1916997b4bb43659f6b18ff92703f7bc0a8,PASS
4e991be284b3078b6f6dc450ddefb855eb4b52ee6fd5ec8e7f9e9f311350f545,A,2,101,6000,1272,250,53,0.021169031210356615,0.04686905123039835,0.303689208443225,0.24948488719083842,11.452999999979511,99c20312a2944cb10e8e2d7e8a336823a370f1d3d779e7662b844c0bed010b78,PASS
02acbe3288b62afd99735f7af372d3d4ed971d5fdc72cac0b43a4efc6db97c57,A,2,2024,6000,1272,250,53,0.020659931496657766,0.04660210217601945,0.3000731728126262,0.24996056807756012,11.609999999869615,d38f71101c13e01eb790c9f7ab1b384980ff075ce22bc373993a8d57ffc2bb4f,PASS
3f60b6cc291253c93495ef7c6170016443f9856b8edabe7e45adafd52704acf2,A,3,7,6024,1248,251,52,0.022078553608012138,0.04821067145498581,0.2974004618328437,0.2892753793420148,11.625,d4bb1cb65dbfb066addfa60a0fadc0bf630f655a5aa8b397f8e140be349fd7b9,PASS
f1143aa209e7520bda3cf967b951fd9e3db28c2f8538fb6dd2a87e2a5b4e3590,A,3,101,6024,1248,251,52,0.021925789208115158,0.04818607082001938,0.2958079904062313,0.28869344460212865,11.344000000040978,01a572339d44a84c9e707b6761611e04e16bd498342637295c2c10fdd757f51d,PASS
0029e4a8843181bce9b18f8921a829a824e5ced8897db4c73b08584ecc54ce91,A,3,2024,6024,1248,251,52,0.02222540431185512,0.048374657467946634,0.29218781122194554,0.28876647124276206,11.765000000130385,4f6b454f0e5e6bcd0097ebb8218192b50a2cee074d5d6649e70b63d73e444e7d,PASS
b35c49e6400c9cce89b9497544a739afae8e2f90498c9e892d1b65020756e1d0,A,4,7,6096,1224,254,51,0.024098599323817086,0.040719648420410544,0.2720672382505862,0.2671308975636892,11.327999999979511,7a5a12e6014c5c078d51a4f3891d61db6af6244f854f37f21040b9d96aefe4eb,PASS
613f8963b20f3a30176bc587ac34fa57551ecef80052e59b34c5cd475793ad75,A,4,101,6096,1224,254,51,0.023425685960419152,0.040301124023696254,0.2728061026299851,0.26853638164692706,11.688000000081956,1210568c08c79866b8ba14a01a719003c4147c0bc5a04cb853a952482a6e4905,PASS
7c30c2742355e7b9b523873a7ec81eb9778c00ad38dd3ea2e9e7aa7389005891,A,4,2024,6096,1224,254,51,0.023452339435797546,0.040376485084274646,0.2723377146994886,0.26759682571979704,11.812999999849126,79e02e77ce32f18db25f450d99896448f27cc182bfdcd89719a6ba22fa0e9101,PASS
bd54170d4d1060f413fb43195abb4a4f1b6a62c9fe0720f6122550d609425e17,B,0,7,5952,1272,248,53,0.02898755669587005,0.05571274245223495,0.12432415636781961,0.08158072968846342,12.218000000109896,29534d1ec583b9024fa387c8df59fda3c15d15c40d3d8d978536570cdb3b5fab,PASS
83d9212fea4fb09504212ed75a658434bfa1e46b43b58239cb0e33c816ea032c,B,0,101,5952,1272,248,53,0.02876288123935574,0.05568541359912353,0.11886331964608401,0.08596648517729523,12.422000000020489,e51ed1c02bd2c306469542bbf8df5ba57cd4fd89ce9a9f16555e7bd34124f717,PASS
e6b1ca9c8a15e432600a179c3ee5b8d9832ff513508e87cf9d7ac04161fda1e2,B,0,2024,5952,1272,248,53,0.02861035856193379,0.05556516536967421,0.11133045968881833,0.08188512610656935,12.061999999918044,99e025c1484a9439247c9fd453b5600252846d97ce27ffd53e5efa7e7ec8cf74,PASS
67d481ba92260ebfbcd914d50e67930551b2fe8826b813e317ed21dfb5550a48,B,1,7,5904,1320,246,55,0.024381973539811336,0.050617545273353354,0.1727733519497592,0.1831880858390555,11.5,86aef959af248ef6905fb96bf48d65ff860783e763fd28f7d8768044212f67e1,PASS
596ddc7b95cf4e574987e0356490ba82b3dd7d7d37a394d5a40789f564230780,B,1,101,5904,1320,246,55,0.024319744585529178,0.05059796270132217,0.1803468196523237,0.18038096404190934,12.297000000020489,8e0bfb068434bbb734bb0a668cecaded6eb9ca387855aee7ff8229ac9ba5bc0d,PASS
df1edc29223185b9a0719ec247408a739f572a39181ecd0ed919c55be10ca35a,B,1,2024,5904,1320,246,55,0.024429564073818598,0.050609204842115924,0.19006945775740858,0.18170574183869004,11.516000000061467,3ca3b6ac08145af86cc64cc4f6ce29347e5d7e8fbfb86a87a16f794b41de7474,PASS
02aeb9c6ccc78dc8c56f602a383c2ac321adfc28594d7083e57e2dc39bfe482d,B,2,7,6120,1224,255,51,0.02362227286342383,0.04964967360302639,0.3142292533281927,0.308066585700286,12.531000000191852,77ba803e70943f0ed53278cbb907c4ebc5c1059d12179e60697bfa0935a42691,PASS
9d14a6aa0e6b5c63cbdbb6160a85dd8b0b8fa784db3baa7c573eeb53f1766c7e,B,2,101,6120,1224,255,51,0.023831549617133643,0.049703237994205424,0.3231233851200082,0.3070123590706621,11.719000000040978,196fe812d9b3831456c46912d499551b274112387b971f058fd58e2d129d15d8,PASS
80855a5d45124c6fef96ad633a9ad737c57000e57e9b12c33ad8f3bfc6744f3e,B,2,2024,6120,1224,255,51,0.024011696532974337,0.04980241470363796,0.31228278995768766,0.3078393024174002,11.844000000040978,7d471647e28bf96171c230c4bdafe1c0dddba03f1c7a4223886ec47bb8062708,PASS
1959a443b53cfd53d5d5baaa1236c4de18640e23408e0711b4423f2cd4566a18,B,3,7,5976,1296,249,54,0.021218884359693983,0.047411326107092124,0.23904374100196818,0.2274344070089881,11.844000000040978,8cb34454e67f77c620682e6328f08bfc2f81e2b28047c7a537441ed8e174dbec,PASS
4e2bed1a385c039584e3f2a301263a18119872ca2d6c0fda72aca91c726b4507,B,3,101,5976,1296,249,54,0.020932225082597504,0.04732598139640704,0.2416218576485567,0.22690709359970493,11.764999999897555,7d11d40174f55e23670dcc97618c63d9e43330039103ecf2194750dfc5010440,PASS
4b87eb7f1dfb0f10d9c3f654c2ac6327eb768c33b386cb1bb669f6ddf262ff7a,B,3,2024,5976,1296,249,54,0.02131001088694925,0.04740863937352856,0.23140224559174236,0.2314763920729236,11.843999999808148,19869058ef0dacf3898d8aee88ae4e8ed5c962cecdb2e6a33a978f7ff17ad956,PASS
ba9d89b6c768f34a7e0912f317852f672371bd3174e54fceb3adeff7cea10277,B,4,7,6120,1200,255,50,0.021678508571804145,0.04430655332446853,0.27378570840689587,0.23722668350328383,12.109999999869615,da3b375e6ddf0ccdb83ad7cb02491acf93a267096f3b3b2f70f2fed744a9530f,PASS
701d3ae028c9a01a598bb6c4aeba3c028d7026113431c176d42432cef6b27da1,B,4,101,6120,1200,255,50,0.02169025594333147,0.04425805134005067,0.2742676079115349,0.2317796066696464,12.359999999869615,6c917e7d7da4b4ad38137a8983439648f46b276cef4cdbf6958d91d49f8d190e,PASS
d451af0994567551bd148c34b3883944982ee60f746b3e2bc692525f9c938ddb,B,4,2024,6120,1200,255,50,0.021348559268791735,0.04409364098588005,0.28241032210730566,0.23707249717452986,12.25,a39d6db8f3268d654a963a004a4f277cfc2b5ead9cd76d202879b87c34ce64e7,PASS
244c04c3bc5ffcc3db7e08a4cdc34ee68aa6683c753ede784fc10ec9e0735d20,EXT10,0,7,4584,1800,191,75,0.01343166479014685,0.0383868912740115,0.43155461289856384,0.41516447332991585,11.25,aa40a0000b4389668daf19fb6321a4124906d543993c1e6a9f0b5ef3f509a482,PASS
c9cc023abf426fd13bdec700a002f4e408af361f349359d2e518a5be6e93db7a,EXT10,0,101,4584,1800,191,75,0.013295801740962426,0.03834688636264721,0.43723259715883267,0.4125695883034238,11.156999999890104,6f9984cdd2ba6146c191d3b5f9847f33d9f38512ae1c5451a355e763a7683399,PASS
4862a9973fd1fbca97e98e9a004ccbd050fed643ca1d001f0786564ac1166e65,EXT10,0,2024,4584,1800,191,75,0.013468113446790603,0.038368117810317515,0.43910253616136413,0.4147632611091927,11.468999999808148,9c9e35e105c4350d66da48f15b9735334a278b4d85d398aad25dc0b061156889,PASS
34b2867ff9c75239552f9bf944090263f1eac89dc1b024a227b01dc4c59be38b,EXT12,0,7,2400,4632,100,193,0.005332928828746225,0.03425827462910636,0.42507228543323355,0.4154779004631347,9.687999999849126,182ead173cd14b62871b83fa38b6a7b69dc2c426cc2d020bf62c6b0876188cb9,PASS
1e0304cfcb453c47eff5bf75d38b047c7d113f66971b3e236e9a309a17feea7f,EXT12,0,101,2400,4632,100,193,0.005161266499294502,0.034245256888987975,0.41418272547029084,0.4161324000927995,9.719000000040978,27251692bfff239c3b3fa9aba9eea631237c1698570c3627930092ec46d42b66,PASS
dac421641f75d4732276c6d500391b99af00a35dcc4009bb99144bf15a2673db,EXT12,0,2024,2400,4632,100,193,0.005238397119134939,0.03425084563387274,0.41610248485706336,0.416967003059605,9.875,e6748e3e1ff6b49e8a093b7e4190c03ef4f07d2c735dd7c7b7bf6a1a47bb7f2a,PASS
