V,farm,day,q,E1,E4,nwin,cB,cA,y,sg,r
DIAG10y,F13,180,0.22581434998935979,0.38867414738980904,0.3968901515151515,11,0.4146360132407864,0.3811015943961326,0.2919583333333333,0.33424835132997327,-0.04229001799663995
DIAG10y,F13,183,0.08028277785556455,0.34690715884998696,0.34572916666666675,14,0.3436237875342047,0.34719376669380625,0.3569166666666666,0.31248674336151433,0.044429923305152275
DIAG10y,F47,239,0.22756201841280385,0.7645305845323198,0.8510801282051284,13,1.226444749127302,0.6284496018070647,0.433875,0.3845123485752182,0.0493626514247818
DIAG10y,F13,179,0.6644659406388148,0.41687031167348176,0.41306770833333334,8,0.4234059149362776,0.4039277037667802,0.4014166666666667,0.36639629261246043,0.03502037405420627
DIAG10y,F13,182,0.4849699752792882,0.3843680167516074,0.3831145833333333,16,0.4016845542460369,0.3680621697960822,0.33537500000000003,0.309784273608449,0.025590726391551022
DIAG10y,F47,241,0.5593806845015457,0.7010610874024517,0.6768814102564102,13,0.7658244028112225,0.618841932613549,0.65225,0.7450669794068617,-0.09281697940686173
DIAG10y,F47,180,0.6301371985943771,0.20655581104449114,0.19713020833333333,16,0.23280773479579508,0.1618302705805877,0.20129166666666667,0.2173810019942611,-0.016089335327594434
DIAG10y,F13,242,0.1714572348352172,0.7447166000708092,0.8997023809523809,14,1.242134841381188,0.6417817127029708,0.43204166666666666,0.5248473844256634,-0.09280571775899671
DIAG10y,F13,181,0.14151942698460698,0.37729722276136546,0.3883777777777778,15,0.40668373297454047,0.37245289405181964,0.38358333333333333,0.34438755584812064,0.03919577748521269
DIAG10y,F47,240,0.10359465645044483,0.6903987036527378,0.8510801282051284,13,1.226444749127302,0.6284496018070647,0.47258333333333336,0.4483949013180269,0.02418843201530646
DIAG10y,F47,179,0.473454301481648,0.1975765825634711,0.20091666666666672,12,0.2311331397507972,0.16740351992529875,0.248,0.23430244479338846,0.013697555206611534
DIAG10y,F47,243,0.3469945195026617,0.7410000598311074,0.7580128205128205,13,0.902061628815301,0.6554150480522624,0.449,0.39362952286186,0.05537047713814003
DIAG10y,F13,244,0.17321677997144838,0.8229611454476767,0.9522769607843138,17,1.2706711388765428,0.7291628177311219,0.44004166666666666,0.4364403617970616,0.003601304869605082
DIAG10y,F13,245,0.3939661989270116,0.7843835545952702,0.7715989583333334,16,0.9638232916228376,0.6677346300500543,0.84025,0.7939507093375626,0.04629929066243743
DIAG10y,F13,195,0.37159365124419413,0.3949716741379226,0.3735027777777778,15,0.33601132334013223,0.42983652245616144,0.55625,0.5202021886332889,0.03604781136671109
DIAG10y,F47,195,0.1833791765048706,0.21526590102988805,0.2372222222222222,12,0.2894195138856461,0.19861407429572567,0.19183333333333333,0.2840163473852199,-0.09218301405188659
DIAG10y,F47,192,0.02065129890476762,0.16956462697381783,0.24558928571428576,14,0.3167152206400682,0.16646169653605106,0.14441666666666667,0.40775479470738296,-0.2633381280407163
DIAG10y,F47,191,1.0,0.19351052716911565,0.22852864583333335,16,0.19351052716911565,0.27458452411025525,0.29050000000000004,0.8889839473048924,-0.5984839473048924
DIAG10y,F47,194,0.8940292175804226,0.3152605551421649,0.258875,12,0.330090883533536,0.1901435503841745,0.253375,0.3305907838679173,-0.07721578386791728
DIAG10y,F13,198,0.863269484414138,0.3393251244449391,0.3807916666666667,15,0.32380823623177174,0.4372934238409952,0.27608333333333335,0.28032357941533087,-0.004240246081997523
DIAG10y,F47,196,0.26265921348118465,0.23134658249885465,0.24841666666666667,10,0.30079193583536834,0.20660841227852844,0.18425,0.21787970897520634,-0.03362970897520634
DIAG10y,F13,197,0.7719175930463507,0.3508942576390096,0.38177083333333334,14,0.3215902659847514,0.450070108185879,0.5479166666666667,0.5090306293324649,0.03888603733420182
DIAG10y,F13,196,0.3541151142899098,0.3773724047999452,0.3691698717948719,13,0.3351818763407912,0.40050393200829526,0.5474166666666667,0.5041192406196822,0.0432974260469845
DIAG10,F13,180,0.18246758921195938,0.32893938912294635,0.3392760416666667,8,0.3536428526947541,0.3234257466255336,0.2919583333333333,0.34204335436264416,-0.05008502102931084
DIAG10,F13,179,0.8334446985040452,0.3700050999638783,0.36820138888888887,6,0.37110595422465803,0.36449641222333984,0.4014166666666667,0.36359158631318916,0.037825080353477536
DIAG10,F13,182,0.6723549647215015,0.3495716917323369,0.34448076923076926,13,0.3584087973535798,0.3314372132618771,0.33537500000000003,0.3092705609890719,0.026104439010928127
DIAG10,F47,180,0.6564219547282937,0.2092420490382042,0.19713020833333333,16,0.2340807981087638,0.16178645505515926,0.20129166666666667,0.2127399587933195,-0.011448292126652826
DIAG10,F13,181,0.12915896103973712,0.335387094364497,0.3478402777777778,12,0.36429648574449885,0.3310993922605743,0.38358333333333333,0.3492485683305974,0.03433476500273591
DIAG10,F47,179,0.49324786833220047,0.19871246626609343,0.20091666666666672,12,0.23092338375924967,0.16735992643910946,0.248,0.2321858929059424,0.01581410709405759
DIAG10,F13,183,0.11582318857832125,0.34729203227398603,0.3458784722222223,12,0.3428129519230197,0.3478787716698239,0.3569166666666666,0.3235830544139327,0.0333336122527339
DIAG10,F47,192,0.05796639003004712,0.18830680653241302,0.26390350877192986,19,0.33824071209659623,0.1790808859742931,0.14441666666666667,0.16590468951585316,-0.021488022849186494
DIAG10,F47,191,1.0,0.29583882600376515,0.2518472222222222,18,0.29583882600376515,0.20144128491561145,0.29050000000000004,0.34698774561057794,-0.0564877456105779
DIAG10y,F47,209,0.42106689906693195,0.7397808862123691,0.7407388888888888,15,0.7471237584435426,0.7344403029297036,0.6549583333333334,0.5515505815011585,0.10340775183217488
DIAG10y,F13,213,0.34024393336509795,0.4214952764204391,0.4009338235294117,17,0.36051330776730084,0.45294439212879506,0.292,0.27796685470374116,0.01403314529625882
DIAG10y,F47,212,1.0,1.0714689201542897,0.9299222222222221,15,1.0714689201542897,0.7984834302809173,0.521125,0.39226201451606396,0.128862985483936
DIAG10y,F13,212,0.1253603635410197,0.4190396029863584,0.5495384615384615,13,0.70282474595212,0.3783652415616271,0.29433333333333334,0.304336334709192,-0.010003001375858689
DIAG10y,F47,210,0.7986990722211957,0.9675291890492624,0.8928671875,16,1.014798530805079,0.7799792367392431,0.51825,0.5048616786035964,0.013388321396403557
DIAG10y,F13,211,0.6826617203461512,0.5865369187834933,0.5380416666666666,14,0.6873016704399955,0.3697706377312537,0.5396666666666666,0.41305448181045507,0.12661218485621156
DIAG10,F47,209,0.3922485269182178,0.758153748843266,0.7710166666666666,25,0.8511739298678012,0.6981176475804889,0.6549583333333334,0.5327021438517704,0.12225618948156303
DIAG10,F13,195,0.3625185681728213,0.37108364768426155,0.35259375000000004,12,0.3105468010826976,0.40550932638802367,0.55625,0.5065576289200382,0.04969237107996183
DIAG10,F13,198,0.8914577028180637,0.32285977137232336,0.36825892857142856,14,0.30982789662761734,0.42989053656661014,0.27608333333333335,0.2612963306215143,0.014787002711819042
DIAG10,F47,193,0.6532046700565172,0.2871336588131305,0.26097916666666665,18,0.3423689874116904,0.183095422200874,0.381,0.37647870555529184,0.004521294444708168
DIAG10,F47,196,0.2472060050909522,0.22725295673926446,0.23277314814814817,9,0.25042222651870566,0.2196445238057071,0.18425,0.21491223163184134,-0.03066223163184134
DIAG10,F13,197,0.6983520326822472,0.34944584509811427,0.36834935897435894,13,0.3065565251536591,0.4487398798960302,0.5479166666666667,0.5108663892138409,0.03705027745282585
DIAG10,F47,195,0.26245006498113577,0.22109834483370788,0.24259935897435894,13,0.2911685983525597,0.1961645176904692,0.19183333333333333,0.20310523731972663,-0.0112719039863933
DIAG10,F13,196,0.33458319097051703,0.36580280833818135,0.35357986111111117,12,0.3180889676417837,0.38979416061096755,0.5474166666666667,0.4998974363571051,0.047519230309561566
DIAG10,F13,211,0.6328284187272145,0.5720413807815901,0.5380416666666666,14,0.6881955468018807,0.3718470820932372,0.5396666666666666,0.48004998277280175,0.059616683893864875
DIAG10,F47,194,0.8608397768800783,0.2839342077346983,0.2525527777777778,15,0.29777094303803203,0.1983406964264708,0.253375,0.2311341717443365,0.02224082825566351
DIAG10y,F47,215,0.4628408791472487,0.8582328327480921,0.8544886363636365,22,0.9549442658474707,0.7749018364350329,0.7052499999999999,0.66951187928061,0.035738120719389976
DIAG10y,F47,214,1.0,1.0688618400322853,0.9324810606060606,22,1.0688618400322853,0.8027533990142893,0.5314583333333333,0.5210328349459749,0.0104254983873584
DIAG10y,F13,218,0.09404167407575476,0.6792905802921259,0.8136477272727273,11,1.0079976822746406,0.6451696221128527,0.38949999999999996,0.3839463265806897,0.005553673419310234
DIAG10y,F13,215,0.27088727588837813,0.648935860932736,0.7153645833333334,12,0.8980032715437904,0.5563998371578011,0.32666666666666666,0.380840487059212,-0.05417382039254531
DIAG10y,F47,216,1.0,1.0810297618638813,0.9337083333333335,22,1.0810297618638813,0.7986245472522606,0.5559583333333333,0.7741374003941558,-0.21817906706082246
DIAG10,F13,213,0.34788479130710015,0.5839085407303879,0.6316712962962964,18,0.7436533471791786,0.49868926058935154,0.292,0.40922198269879356,-0.11722198269879358
DIAG10,F47,212,1.0,1.10865323105311,0.9216213768115943,23,1.10865323105311,0.7691931752056149,0.521125,0.4004574030454242,0.12066759695457574
DIAG10,F47,214,1.0,1.10865323105311,0.9216213768115943,23,1.10865323105311,0.7691931752056149,0.5314583333333333,0.45875139077052185,0.0727069425628114
DIAG10,F13,212,0.1395112000845014,0.459406254367267,0.5592407407407408,18,0.685566643617819,0.4227388307831123,0.29433333333333334,0.33168831510201313,-0.037354981768679796
DIAG10,F13,215,0.28457065286824307,0.6482888000182392,0.7153645833333334,12,0.9011951072477662,0.5476922655717025,0.32666666666666666,0.2720381173108009,0.05462854935586575
DIAG10,F47,210,0.7784761034559694,0.9976892245671581,0.897263888888889,24,1.065652513600553,0.7588536079579453,0.51825,0.5019055910830406,0.01634440891695943
DIAG10,F13,214,1.0,0.739769446723771,0.6188171296296296,18,0.739769446723771,0.47165214237137315,0.9180416666666668,0.657098365967732,0.2609433006989348
DIAG10,F13,232,1.0,1.010012879004217,0.8227800925925925,18,1.010012879004217,0.6771447152103036,0.738625,0.702960775127044,0.03566422487295595
DIAG10,F47,215,0.477730593424909,0.8319312558342693,0.8323604166666666,20,0.9246920223270462,0.7470810703452363,0.7052499999999999,0.6694934210211371,0.03575657897886286
DIAG10,F47,230,0.08906147495007427,0.7361601395912898,0.8674067460317461,21,1.0633055257098614,0.7041754888057336,0.460875,0.44762833964186605,0.013246660358133933
DIAG10,F13,218,0.08722045051913616,0.7235617861338302,0.8578083333333332,15,1.0618524304652668,0.6912364974901725,0.38949999999999996,0.3700471514506338,0.01945284854936613
DIAG10,F47,216,1.0,0.9214659418222904,0.830425,20,0.9214659418222904,0.7453990083590166,0.5559583333333333,0.8790542240367122,-0.32309589070337885
DIAG10y,F47,230,0.1252327339721751,0.7207336036983255,0.8193157051282051,26,0.9791442913186793,0.6837392188429401,0.460875,0.44026481494637015,0.020610185053629826
DIAG10y,F13,231,0.9497370473173448,0.9735334939789956,0.7995472222222222,15,0.9920975068207042,0.6227596177612197,0.620875,0.8180431373842763,-0.1971681373842763
DIAG10,F13,244,0.14840285642083284,0.6962410756211548,0.8997624999999999,10,1.306483647884341,0.5898976695678741,0.44004166666666666,0.3882884921300393,0.05175317453662737
DIAG10,F47,239,0.12901785030723914,0.6958900216025211,0.952763888888889,9,1.5093766502837227,0.5753889342689236,0.433875,0.5232149125268577,-0.08933991252685769
DIAG10,F47,242,0.44096683791238084,0.7613862006012679,0.7475032051282052,13,0.911797339497234,0.6427414961295884,0.7242083333333333,0.7860705200795531,-0.061862186746219794
DIAG10,F13,242,0.12058558068074356,0.6706512671760875,0.8823219696969695,11,1.220225410149837,0.5952934885204784,0.43204166666666666,0.517311251677492,-0.08526958501082538
DIAG10,F13,245,0.4544895824224447,0.9155785316227042,0.8997624999999999,10,1.306483647884341,0.5898976695678741,0.84025,0.7481175948631088,0.09213240513689125
DIAG10,F47,240,0.06947653958722536,0.6402791687946079,0.952763888888889,9,1.5093766502837227,0.5753889342689236,0.47258333333333336,0.4294461587452682,0.04313717458806515
DIAG10,F47,243,0.2657997597154182,0.72069996792298,0.7580128205128205,13,0.9168978018843829,0.6496712018421995,0.449,0.505717712661783,-0.05671771266178299
DIAG10y,F13,232,1.0,1.0616051296037232,0.8432361111111111,12,1.0616051296037232,0.6858976122020058,0.738625,0.6319668577232714,0.10665814227672854
EL1,F13,181,0.12962757679271958,0.3367972470512731,0.3478402777777778,12,0.3642783899162214,0.3327043853496686,0.38358333333333333,0.34383149559562676,0.039751837737706575
EL1,F13,180,0.19848540398482545,0.3304560280831952,0.3392760416666667,8,0.3544326414803675,0.3245185095152418,0.2919583333333333,0.33814929147471656,-0.04619095814138324
EL1,F13,183,0.11741832752054086,0.34673940194389175,0.34572916666666675,14,0.34365186148457755,0.3471501671435205,0.3569166666666666,0.314863136907516,0.04205352975915061
EL1,F13,179,0.7503504624524385,0.3700441766821443,0.36820138888888887,6,0.3718405442309832,0.36464498694501496,0.4014166666666667,0.36447783879827317,0.03693882786839353
EL1,F13,182,0.538816662065996,0.3467014074822634,0.34448076923076926,13,0.3585402991044761,0.33286961534723497,0.33537500000000003,0.3103489436458033,0.025026056354196746
EL1,F13,197,0.7460168205782637,0.34409902276840537,0.36834935897435894,13,0.30709719870373187,0.4527833191346931,0.5479166666666667,0.5065033038204788,0.04141336284618791
EL1,F13,196,0.3537422677293928,0.3659220555612047,0.35357986111111117,12,0.31830543978712666,0.39198597527066903,0.5474166666666667,0.5024830371455061,0.044933629521160534
EL1,F13,211,0.6544190353815394,0.5772139807702368,0.5380416666666666,14,0.6853310181559544,0.37247513645227165,0.5396666666666666,0.4670454033077846,0.07262126335888203
EL1,F13,195,0.37345100635604117,0.37214240923600517,0.35259375000000004,12,0.31092315035172907,0.40863180443196284,0.55625,0.5078978805446218,0.048352119455378206
EL1,F13,198,0.9083667746235321,0.3204226776754509,0.36825892857142856,14,0.30896437888542067,0.4340096203134586,0.27608333333333335,0.2630911885419232,0.012992144791410143
EL1,F13,213,0.3274420927873966,0.4937875397839474,0.5556151960784315,17,0.6842238338374159,0.4010715699041493,0.292,0.2871047230272044,0.00489527697279557
EL1,F13,212,0.1373278323659074,0.4657896188006833,0.5692254901960785,17,0.6872622400200283,0.43053363612088885,0.29433333333333334,0.2288987386510618,0.06543459468227153
EL1,F13,215,0.2645947308430408,0.6404960500205412,0.7153645833333334,12,0.9053063644030773,0.5452187698633962,0.32666666666666666,0.26535650872281114,0.061310157943855526
EL1,F13,214,1.0,0.6776524916845924,0.5486887254901961,17,0.6776524916845924,0.4262741863800391,0.9180416666666668,0.6493883292865572,0.26865333738010955
EL1,F13,217,1.0,1.0163159700552737,0.8136477272727273,11,1.0163159700552737,0.6298784083650665,1.69325,0.66148115098466,1.0317688490153398
EL1,F13,232,1.0,0.9976457509518143,0.8070598958333333,16,0.9976457509518143,0.6491203094223712,0.738625,0.7042357558436944,0.03438924415630562
EL1,F13,218,0.08692805056735112,0.6925711359972554,0.843849358974359,13,1.0530256392915882,0.6582544457199242,0.38949999999999996,0.37442066713903066,0.015079332860969297
EL1,F13,242,0.1429203534621343,0.7665515056290282,0.9419345238095237,14,1.2800657812549423,0.6809216087148152,0.43204166666666666,0.47148546456259544,-0.03944379789592878
EL1,F13,243,0.48133945150128027,0.9506034842018949,0.9313249999999998,15,1.2320466481195946,0.6894120391593673,1.7187916666666665,0.7959150424520662,0.9228766242146003
EL1,F13,244,0.1708429125940054,0.790929317939211,0.9358583333333333,15,1.2582068072470947,0.6946495556655465,0.44004166666666666,0.3614510300331893,0.07859063663347737
EL1,F13,245,0.4067400073243439,0.742445806648512,0.7281964285714285,14,0.9143022051399659,0.6246207828071265,0.84025,0.7525013737563014,0.08774862624369861
EL1,F47,180,0.6105786120415376,0.20110489972655932,0.19090555555555555,15,0.2280406621917259,0.1588719845123179,0.20129166666666667,0.21686160015838327,-0.015569933491716592
EL1,F47,179,0.4378179240256043,0.18955766588718692,0.1927727272727273,11,0.22384516152727457,0.16285514226944028,0.248,0.22938207269317937,0.01861792730682063
EL1,F47,192,0.04257569537044277,0.17867157911749393,0.25739814814814815,18,0.3353902597445877,0.17170245709607362,0.14441666666666667,0.1663351010459995,-0.02191843437933283
EL1,F47,191,1.0,0.2900533470839073,0.2443357843137255,17,0.2900533470839073,0.19411868019519263,0.29050000000000004,0.3659461931976029,-0.07544619319760287
EL1,F47,193,0.6746069031511729,0.2879163052942287,0.2670324074074074,18,0.336382577154794,0.1874357422959031,0.381,0.42402951754670387,-0.043029517546703866
EL1,F47,196,0.21478342255376423,0.2200332840577064,0.2413184523809524,14,0.28893935260782233,0.201185132270015,0.18425,0.21427711698507348,-0.030027116985073488
EL1,F47,209,0.4050213446140552,0.7407972902754791,0.7407388888888888,15,0.7404055336614361,0.7410639717591673,0.6549583333333334,0.5558135336201674,0.09914479971316603
EL1,F47,195,0.22156746427661045,0.2182169635272711,0.24457499999999996,15,0.29718877190751836,0.19573899333825603,0.19183333333333333,0.20232414436426094,-0.01049081103092761
EL1,F47,210,0.7872330232429003,0.9609556147380618,0.8928671875,16,1.0080554413453207,0.786687316812399,0.51825,0.49243096510742834,0.025819034892571646
EL1,F47,194,0.8814143291777466,0.5301475522347874,0.472615,25,0.5481448069896006,0.39637896015479185,0.253375,0.23594958134185284,0.017425418658147174
EL1,F47,215,0.3759784493351306,0.8717040605166695,0.909675,20,1.1069631306448786,0.7299584104111779,0.7052499999999999,0.666779065868987,0.03847093413101288
EL1,F47,214,1.0,1.1135662402278383,0.9116104166666666,20,1.1135662402278383,0.7308146948777218,0.5314583333333333,0.5261877195705479,0.00527061376278537
EL1,F47,216,1.0,1.100187442011068,0.8888611111111111,21,1.100187442011068,0.7096397867361331,0.5559583333333333,0.8320081115254071,-0.27604977819207377
EL1,F47,212,1.0,0.9755446237010925,0.82446875,20,0.9755446237010925,0.7096397867361331,0.521125,0.5311738658319101,-0.010048865831910114
EL1,F47,240,0.10122103115925714,0.6920541293497833,0.8510801282051284,13,1.2393017767032442,0.6304227682643748,0.47258333333333336,0.44518672709859947,0.02739660623473389
EL1,F47,230,0.0811151131721657,0.8201943924613322,0.8738219696969697,22,0.9414814966501062,0.8094877007705372,0.460875,0.4425717651011723,0.01830323489882768
EL1,F47,239,0.1790868276173476,0.7394649782884881,0.8510801282051284,13,1.2393017767032442,0.6304227682643748,0.433875,0.5029932070862816,-0.06911820708628158
EL1,F47,242,0.5414447070337303,0.7681098195664153,0.7406994047619049,14,0.8704873506747365,0.647226311758211,0.7242083333333333,0.7488936349384145,-0.0246853016050812
EL1,F47,243,0.2989689190532876,0.7220787284376607,0.7504583333333333,14,0.8803791181904511,0.6545683174210866,0.449,0.5923529759790508,-0.14335297597905078
