context,query_farm,level,farm,day,delta_weight,raw_contribution,centered_contribution
common_101,F13,daymean,F13,37,6.944444444444444e-05,2.4791666666666665e-05,-1.1582229898292074e-05
common_101,F13,daymean,F13,55,0.0009027777777777777,0.00043104166666666665,-4.181898867779697e-05
common_101,F13,daymean,F13,71,0.0011111111111111111,0.000634236111111111,5.225376607177126e-05
common_101,F13,daymean,F13,72,-0.0014583333333333334,-0.000680763888888889,8.308793897524462e-05
common_101,F13,daymean,F13,76,0.0007986111111111095,0.00014805555555555503,-0.0002702442549414696
common_101,F13,daymean,F13,77,-0.0009027777777777778,-0.00043173611111111114,4.112454423335251e-05
common_101,F13,daymean,F13,78,0.004374999999999999,0.0023443749999999992,5.2819516407599195e-05
common_101,F13,daymean,F13,79,-0.0059722222222222225,-0.0029672916666666667,0.00016086343791978498
common_101,F13,daymean,F13,80,-0.022962962962962963,-0.013254895833333334,-0.0012272607025203097
common_101,F13,daymean,F13,81,-0.0001388888888888889,-6.916666666666666e-05,3.5811264632508135e-06
common_101,F13,daymean,F13,82,-0.020972222222222222,-0.011235798611111111,-0.000250881848493572
common_101,F13,daymean,F13,83,-0.0008333333333333334,-0.0004708333333333333,-3.434657455382841e-05
common_101,F13,daymean,F13,84,-0.011493055555555555,-0.006195347222222222,-0.0001754673407215508
common_101,F13,daymean,F13,85,0.00031250000000000006,0.00021420138888888883,5.0518854346574504e-05
common_101,F13,daymean,F13,89,-0.0084375,-0.004750104166666666,-0.0003306757340241799
common_101,F13,daymean,F13,90,0.022291666666666658,0.01204878472222222,0.0003727639248704675
common_101,F13,daymean,F13,91,-0.07109953703703703,-0.04045302083333333,-0.003212213066909743
common_101,F13,daymean,F13,93,-0.21611111111111103,-0.08560204861111108,0.02759351749904048
common_101,F13,daymean,F13,94,0.04124999999999999,0.016145763888888883,-0.005460330670696601
common_101,F13,daymean,F13,95,0.0034722222222222216,0.001625208333333333,-0.00019348649491460372
common_101,F13,daymean,F13,96,-0.0025694444444444436,-0.000852395833333333,0.0004934383395701398
common_101,F13,daymean,F13,104,-0.23249999999999993,-0.07450458333333332,0.04727522236614851
common_101,F13,daymean,F13,106,-0.08274305555555554,-0.02614010416666666,0.017199393590481667
common_101,F13,daymean,F13,119,0.0016666666666666666,0.0005229166666666666,-0.0003500568508923431
common_101,F13,daymean,F13,120,-0.0011805555555555556,-0.001309791666666667,-0.0006914354250623681
common_101,F13,daymean,F13,121,0.017430555555555553,0.023659305555555555,0.01452945751775091
common_101,F13,daymean,F13,130,0.05124999999999999,0.04010069444444443,0.013256758779504893
common_101,F13,daymean,F13,131,0.00034722222222222224,0.00026006944444444444,7.819996161965074e-05
common_101,F13,daymean,F13,132,0.042638888888888886,0.03964222222222222,0.017308649731337555
common_101,F13,daymean,F13,133,0.012743055555555556,0.012681840277777778,0.006007230258107849
common_101,F13,daymean,F13,134,0.0004861111111111111,0.00036722222222222223,0.00011260494626751105
common_101,F13,daymean,F13,135,0.01972222222222222,0.019695694444444443,0.009365507819996162
common_101,F13,daymean,F13,137,0.0009027777777777778,0.0010546527777777778,0.0005817921224333142
common_101,F13,daymean,F13,139,0.018055555555555554,0.025909027777777777,0.016451814670888503
common_101,F13,daymean,F13,140,6.944444444444444e-05,4.993055555555555e-05,1.3556658990596814e-05
common_101,F13,daymean,F13,146,0.0007638888888888889,0.0012433333333333333,0.0008432204711187872
common_101,F13,daymean,F13,156,0.0004166666666666667,0.0003079166666666667,8.967328727691423e-05
common_101,F13,daymean,F13,171,0.010069444444444445,0.008676458333333333,0.0034022433314143162
common_101,F13,daymean,F13,172,0.0021527777777777778,0.002322013888888889,0.0011944230953751678
common_101,F13,daymean,F13,174,-0.000625,-0.0006047222222222222,-0.00027735715313759353
common_101,F13,daymean,F13,177,0.0022916666666666667,0.0023049305555555557,0.001104591968911917
common_101,F13,daymean,F13,178,0.0001388888888888889,0.0003059722222222222,0.00023322442909230474
common_101,F13,daymean,F13,196,0.0018055555555555557,0.0010033333333333333,5.761202264440607e-05
common_101,F13,daymean,F13,197,0.0019444444444444446,0.0010997569444444444,8.12878406255997e-05
common_101,F13,daymean,F13,211,-0.00017361111111111066,1.4340277777778049e-05,0.00010527501919017462
common_101,F13,daymean,F13,213,-0.00010416666666666667,-3.15625e-05,2.2998344847438114e-05
common_101,F13,daymean,F13,214,-0.0006944444444444446,-0.0007315972222222223,-0.00036785825657263487
common_101,F13,daymean,F13,241,0.0004166666666666667,0.0006070833333333334,0.0003888399539435809
common_101,F13,daymean,F13,245,0.0006944444444444445,0.0005958333333333333,0.00023209436768374594
common_101,F13,daymean,F47,69,6.944444444444446e-05,1.541666666666667e-05,-2.095722989829207e-05
common_101,F13,daymean,F47,71,0.001388888888888889,0.0005145833333333334,-0.00021289459796584149
common_101,F13,daymean,F47,102,-0.0009722222222222222,-0.00021423611111111112,0.0002949984407983113
common_101,F13,daymean,F47,103,-0.004027777777777772,-0.002471874999999996,-0.0003621889992323923
common_101,F13,daymean,F47,117,0.008958333333333334,0.008376944444444444,0.003684711787564767
common_101,F13,daymean,F47,118,6.944444444444444e-05,2.1527777777777776e-05,-1.4846118787180961e-05
common_101,F13,daymean,F47,119,0.22229166666666664,0.18679451388888885,0.07036167098445595
common_101,F13,daymean,F47,120,-0.005972222222222221,-0.002602291666666666,0.0005258634379197847
common_101,F13,daymean,F47,122,0.0009027777777777777,0.0005389583333333333,6.60976779888697e-05
common_101,F13,daymean,F47,123,0.01565972222222222,0.006996875,-0.0012054386753981958
common_101,F13,daymean,F47,124,0.023321759259259257,0.011616770833333331,-0.0005987960963986434
common_101,F13,daymean,F47,125,0.0002777777777777778,0.00018333333333333334,3.7837747073498384e-05
common_101,F13,daymean,F47,126,0.08952546296296295,0.04452385416666666,-0.0023681608216593085
common_101,F13,daymean,F47,128,-0.008159722222222223,-0.00386625,0.0004076828463826519
common_101,F13,daymean,F47,129,-0.00020833333333333332,-0.00014194444444444443,-3.282275474956823e-05
common_101,F13,daymean,F47,130,-0.0002777777777777777,-0.00013666666666666666,8.828919593168287e-06
common_101,F13,daymean,F47,131,0.00034722222222222224,0.00024243055555555557,6.0561072730761855e-05
common_101,F13,daymean,F47,132,-0.0010416666666666667,-0.0028190972222222224,-0.002273488773747841
common_101,F13,daymean,F47,136,0.0014583333333333334,0.0024774305555555556,0.0017135787276914218
common_101,F13,daymean,F47,138,0.013541666666666667,0.023314305555555553,0.016221395725388603
common_101,F13,daymean,F47,139,0.0006944444444444445,0.0012988194444444447,0.0009350804787948571
common_101,F13,daymean,F47,152,-0.0001388888888888889,-6.319444444444444e-05,9.553348685473034e-06
common_101,F13,daymean,F47,154,0.002916666666666667,0.004741458333333334,0.0032137546776050663
common_101,F13,daymean,F47,174,0.0014583333333333334,0.002029861111111111,0.0012660092832469778
common_101,F13,daymean,F47,176,0.0025347222222222225,0.0024646180555555554,0.0011369708309345616
common_101,F13,daymean,F47,177,0.0022916666666666667,0.00318875,0.0019884114133563616
common_101,F13,daymean,F47,196,0.0016666666666666663,0.0002936805555555555,-0.0005792929620034541
common_101,F13,daymean,F47,209,0.020208333333333335,0.013024722222222224,0.00243991832181923
common_101,F13,daymean,F47,241,0.03145833333333333,0.019962916666666667,0.003485541522740357
common_101,F13,daymean,F47,242,0.0001388888888888889,0.00010041666666666666,2.7668873536749185e-05
common_101,F13,hour0,F13,55,0.0033333333333333335,0.0016616666666666668,-8.428036845135286e-05
common_101,F13,hour0,F13,76,0.016666666666666666,0.009033333333333334,0.00030359815774323636
common_101,F13,hour0,F13,78,0.013333333333333332,0.007559999999999999,0.0005762118595279213
common_101,F13,hour0,F13,79,-0.0033333333333333335,-0.0015933333333333333,0.00015261370178468626
common_101,F13,hour0,F13,80,-0.006666666666666666,-0.0037466666666666672,-0.000254772596430628
common_101,F13,hour0,F13,82,-0.023333333333333334,-0.012123333333333335,9.829591249280288e-05
common_101,F13,hour0,F13,84,0.0016666666666666668,0.0009133333333333336,4.0359815774323646e-05
common_101,F13,hour0,F13,89,-0.001666666666666667,-0.0009216666666666669,-4.8693149107657e-05
common_101,F13,hour0,F13,90,0.026666666666666665,0.014353333333333334,0.00038575705238917825
common_101,F13,hour0,F13,91,-0.11833333333333322,-0.06696833333333327,-0.004987213586643631
common_101,F13,hour0,F13,93,-0.2383333333333333,-0.09042833333333333,0.03440687967760506
common_101,F13,hour0,F13,94,0.041666666666666664,0.015671666666666667,-0.006152671272308578
common_101,F13,hour0,F13,95,0.0033333333333333335,0.0015766666666666668,-0.00016928036845135293
common_101,F13,hour0,F13,96,-0.005000000000000001,-0.001846666666666667,0.0007722538860103627
common_101,F13,hour0,F13,104,-0.24333333333333346,-0.07455666666666672,0.05289746689694879
common_101,F13,hour0,F13,106,-0.0883333333333333,-0.02666999999999999,0.01959759643062751
common_101,F13,hour0,F13,119,0.0016666666666666668,0.0005283333333333333,-0.00034464018422567644
common_101,F13,hour0,F13,120,-0.0033333333333333335,-0.004,-0.002254052964881981
common_101,F13,hour0,F13,121,0.015000000000000001,0.020411666666666668,0.01255490500863558
common_101,F13,hour0,F13,130,0.09499999999999992,0.07562333333333326,0.025863842832469758
common_101,F13,hour0,F13,132,0.011666666666666667,0.008643333333333333,0.002532518710420265
common_101,F13,hour0,F13,133,0.0033333333333333335,0.0031316666666666663,0.001385719631548647
common_101,F13,hour0,F13,139,0.0016666666666666668,0.0016683333333333333,0.0007953598157743235
common_101,F13,hour0,F13,171,0.01,0.00826,0.003022158894645941
common_101,F13,hour0,F13,172,0.0016666666666666668,0.0014316666666666668,0.000558693149107657
common_101,F13,hour0,F13,177,0.0016666666666666668,0.0016216666666666667,0.0007486931491076569
common_101,F13,hour0,F13,196,0.0016666666666666668,0.0009116666666666667,3.869314910765698e-05
common_101,F13,hour0,F13,211,-0.001666666666666667,-0.0007883333333333332,8.464018422567648e-05
common_101,F13,hour0,F13,214,-0.0016666666666666668,-0.0013216666666666667,-0.000448693149107657
common_101,F13,hour0,F47,69,0.0016666666666666668,0.000615,-0.0002579735175590098
common_101,F13,hour0,F47,102,-0.0033333333333333335,-0.0007333333333333333,0.0010126137017846862
common_101,F13,hour0,F47,103,-0.0133333333333333,-0.008538333333333311,-0.0015545451928612516
common_101,F13,hour0,F47,117,0.008333333333333333,0.006988333333333333,0.002623465745538285
common_101,F13,hour0,F47,119,0.2983333333333338,0.2497583333333337,0.09349607369027071
common_101,F13,hour0,F47,120,-0.01,-0.003815,0.0014228411053540584
common_101,F13,hour0,F47,122,0.0016666666666666668,0.0009783333333333334,0.00010535981577432352
common_101,F13,hour0,F47,123,0.01916666666666667,0.008261666666666667,-0.0017775287852619458
common_101,F13,hour0,F47,124,0.022500000000000003,0.010623333333333334,-0.0011618091537132986
common_101,F13,hour0,F47,126,0.085,0.04193666666666667,-0.0025849827288428316
common_101,F13,hour0,F47,128,-0.013333333333333334,-0.006145,0.0008387881404720778
common_101,F13,hour0,F47,138,0.016666666666666666,0.029249999999999998,0.0205202648244099
common_101,F13,hour0,F47,154,0.0033333333333333335,0.005415,0.0036690529648819806
common_101,F13,hour0,F47,176,0.0033333333333333335,0.00315,0.0014040529648819806
common_101,F13,hour0,F47,177,0.0016666666666666668,0.0016400000000000002,0.0007670264824409902
common_101,F13,hour0,F47,196,0.0016666666666666668,0.00030166666666666666,-0.0005713068508923432
common_101,F13,hour0,F47,209,0.03333333333333333,0.021338333333333334,0.0038788629821531386
common_101,F13,hour0,F47,241,0.028333333333333335,0.016506666666666666,0.0016661168681634997
common_101,F47,daymean,F13,80,6.944444444444444e-05,4.041666666666666e-05,4.042770101707924e-06
common_101,F47,daymean,F13,82,0.0006944444444444445,0.0003807638888888889,1.7024923239301505e-05
common_101,F47,daymean,F13,84,0.000625,0.00033395833333333335,6.593264248704685e-06
common_101,F47,daymean,F13,91,0.00020833333333333337,0.000104375,-4.746689694876221e-06
common_101,F47,daymean,F13,93,0.0024305555555555556,0.0010000694444444445,-0.0002730169353291115
common_101,F47,daymean,F13,96,0.0004166666666666667,0.00016208333333333336,-5.6160046056419106e-05
common_101,F47,daymean,F13,104,-0.0029861111111111113,-0.0009420138888888889,0.000622063663404337
common_101,F47,daymean,F13,106,0.000625,0.00020243055555555558,-0.0001249345135290731
common_101,F47,daymean,F13,120,0.0011805555555555556,0.001360763888888889,0.0007424076472845903
common_101,F47,daymean,F13,121,0.02451388888888889,0.032756041666666666,0.01991605617923623
common_101,F47,daymean,F13,129,-0.0067013888888888895,-0.0047541319444444445,-0.001244050925925926
common_101,F47,daymean,F13,130,0.0008333333333333334,0.000653888888888889,0.00021740213010938404
common_101,F47,daymean,F13,131,-0.0002777777777777778,-0.00021263888888888892,-6.714330262905393e-05
common_101,F47,daymean,F13,132,0.0001388888888888889,0.00010902777777777778,3.62799846478603e-05
common_101,F47,daymean,F13,133,0.0001388888888888889,0.00013770833333333332,6.496054020341586e-05
common_101,F47,daymean,F13,135,0.015625,0.015949513888888888,0.007765387161773172
common_101,F47,daymean,F13,137,0.11673611111111108,0.12571201388888886,0.06456749376319323
common_101,F47,daymean,F13,138,-0.00038194444444444446,-0.00026569444444444443,-6.563801333717136e-05
common_101,F47,daymean,F13,139,0.012569444444444444,0.016275,0.009691324721742467
common_101,F47,daymean,F13,140,0.00020833333333333335,0.000145625,3.650331030512377e-05
common_101,F47,daymean,F13,141,-0.00034722222222222224,-0.00026444444444444443,-8.257496161965071e-05
common_101,F47,daymean,F13,142,-0.005347222222222222,-0.0023233333333333335,0.00047745670216848966
common_101,F47,daymean,F13,146,0.002638888888888889,0.004475208333333334,0.0030930002638649015
common_101,F47,daymean,F13,154,-0.0014583333333333334,-0.0006174305555555555,0.00014642127230857804
common_101,F47,daymean,F13,155,0.016180555555555556,0.013105138888888888,0.004630020989253502
common_101,F47,daymean,F13,156,0.06788194444444443,0.05123079861111109,0.01567531471886394
common_101,F47,daymean,F13,169,-0.005185185185185186,-0.0041765509259259264,-0.0014606333157423403
common_101,F47,daymean,F13,170,-0.0016666666666666661,-0.0007838194444444442,8.915407311456533e-05
common_101,F47,daymean,F13,171,0.008263888888888888,0.007001527777777777,0.002673034086547687
common_101,F47,daymean,F13,172,0.0009027777777777778,0.0008411111111111112,0.00036825045576664744
common_101,F47,daymean,F13,173,-0.002777777777777778,-0.0011524305555555556,0.000302525307042794
common_101,F47,daymean,F13,174,-0.0036111111111111114,-0.0034536805555555558,-0.001562237934177701
common_101,F47,daymean,F13,175,0.0015277777777777779,0.001454375,0.0006541492755709078
common_101,F47,daymean,F13,176,-0.0020833333333333333,-0.0008863194444444445,0.00020489745250431782
common_101,F47,daymean,F13,177,0.00034722222222222224,0.00036020833333333337,0.00017833885050853965
common_101,F47,daymean,F13,196,0.0016666666666666668,0.0009133333333333335,4.0359815774323646e-05
common_101,F47,daymean,F13,211,0.00020833333333333335,0.00010937500000000002,2.533103051237847e-07
common_101,F47,daymean,F13,213,0.003333333333333333,0.0010013194444444444,-0.0007446275906735751
common_101,F47,daymean,F13,214,0.014861111111111111,0.013993263888888888,0.006209250023987718
common_101,F47,daymean,F13,241,0.0009722222222222223,0.0014355555555555556,0.0009263210036461334
common_101,F47,daymean,F13,242,-0.004375,-0.0018743055555555557,0.00041724992803684503
common_101,F47,daymean,F13,243,0.00125,0.002123958333333333,0.001469228195164076
common_101,F47,daymean,F13,244,-0.0002314814814814815,-0.00010375,1.74963218831958e-05
common_101,F47,daymean,F47,69,0.00034722222222222224,0.00012527777777777778,-5.659170504701593e-05
common_101,F47,daymean,F47,103,-0.002916666666666667,-0.0019290277777777778,-0.0004013241220495108
common_101,F47,daymean,F47,117,-0.002430555555555555,-0.002021458333333333,-0.0007483719535597774
common_101,F47,daymean,F47,119,0.0042361111111111115,0.004164930555555555,0.0019461228650930725
common_101,F47,daymean,F47,120,-0.059861111111111115,-0.023949097222222222,0.0074052016167722124
common_101,F47,daymean,F47,121,0.0009722222222222223,0.0006014583333333333,9.222378142391097e-05
common_101,F47,daymean,F47,122,0.0002777777777777778,0.00016875,2.3254413740165038e-05
common_101,F47,daymean,F47,123,-0.00020833333333333335,-8.722222222222223e-05,2.1899467472654002e-05
common_101,F47,daymean,F47,124,-0.004930555555555555,-0.0023185416666666667,0.00026400498944540384
common_101,F47,daymean,F47,126,0.0025,0.0012102777777777778,-9.918249856073687e-05
common_101,F47,daymean,F47,127,0.00031250000000000006,0.00023326388888888892,6.958135434657455e-05
common_101,F47,daymean,F47,128,-0.04353009259259259,-0.02126451388888889,0.0015358569412460808
common_101,F47,daymean,F47,129,-0.0023263888888888883,-0.001648194444444444,-0.00042966890951832645
common_101,F47,daymean,F47,130,-0.007789351851851851,-0.0035113888888888885,0.0005685498424806497
common_101,F47,daymean,F47,132,0.008819444444444444,0.02774013888888889,0.02312065402513913
common_101,F47,daymean,F47,136,0.03027777777777777,0.04918756944444443,0.03332855054212242
common_101,F47,daymean,F47,137,-0.0004166666666666667,-0.00021833333333333335,-8.995394358090233e-08
common_101,F47,daymean,F47,138,0.02034722222222222,0.03461326388888889,0.023955712195355975
common_101,F47,daymean,F47,139,0.2918749999999999,0.4827911805555554,0.3299116932930339
common_101,F47,daymean,F47,140,-0.0005555555555555556,-0.00022222222222222226,6.876895029744768e-05
common_101,F47,daymean,F47,152,-0.002905092592592593,-0.0012449305555555555,0.0002767107840785518
common_101,F47,daymean,F47,154,0.025763888888888888,0.04135111111111111,0.02785639548551142
common_101,F47,daymean,F47,167,-0.0034722222222222225,-0.0016594444444444445,0.00015925038380349254
common_101,F47,daymean,F47,168,-0.030520833333333334,-0.024425555555555555,-0.008439228015256189
common_101,F47,daymean,F47,169,-0.008715277777777778,-0.0034681944444444448,0.0010967295744578772
common_101,F47,daymean,F47,170,-0.30596064814814816,-0.24098372685185188,-0.0807264009027378
common_101,F47,daymean,F47,174,0.001319444444444444,0.0016590277777777773,0.0009679237430435613
common_101,F47,daymean,F47,175,0.00034722222222222224,0.00020243055555555558,2.0561072730761865e-05
common_101,F47,daymean,F47,176,0.0001388888888888889,0.00013173611111111112,5.898831798119362e-05
common_101,F47,daymean,F47,239,0.012268518518518512,0.005322499999999997,-0.001103555059809377
common_101,F47,daymean,F47,240,-0.0005555555555555556,-0.00026777777777777775,2.3213394741892144e-05
common_101,F47,daymean,F47,241,0.11541666666666664,0.0748476736111111,0.01439425752014968
common_101,F47,daymean,F47,242,-0.29767361111111107,-0.21567114583333327,-0.05975443820763768
common_101,F47,daymean,F47,243,-6.944444444444444e-05,-3.638888888888889e-05,-1.4992323930150388e-08
common_101,F47,hour0,F13,104,-0.005,-0.00155,0.0010689205526770293
common_101,F47,hour0,F13,121,0.023333333333333334,0.030885000000000003,0.018663370754173864
common_101,F47,hour0,F13,129,-0.011666666666666667,-0.008343333333333333,-0.0022325187104202645
common_101,F47,hour0,F13,130,0.006666666666666667,0.005253333333333334,0.0017614392630972944
common_101,F47,hour0,F13,135,0.01,0.009681666666666665,0.004443825561312608
common_101,F47,hour0,F13,137,0.16333333333333325,0.1570199999999999,0.07146859527921699
common_101,F47,hour0,F13,139,0.018333333333333333,0.018945,0.009342291306850893
common_101,F47,hour0,F13,142,-0.005,-0.002921666666666667,-0.0003027461139896375
common_101,F47,hour0,F13,146,-0.0016666666666666668,-0.002656666666666667,-0.001783693149107657
common_101,F47,hour0,F13,155,0.016666666666666666,0.013743333333333333,0.005013598157743235
common_101,F47,hour0,F13,156,0.04666666666666661,0.036784999999999964,0.012341741508347713
common_101,F47,hour0,F13,169,-0.0033333333333333335,-0.0026,-0.0008540529648819806
common_101,F47,hour0,F13,170,-0.0016666666666666668,-0.0008066666666666667,6.630685089234311e-05
common_101,F47,hour0,F13,171,0.02666666666666667,0.02223666666666667,0.008269090385722511
common_101,F47,hour0,F13,173,-0.0016666666666666668,-0.0006966666666666667,0.00017630685089234315
common_101,F47,hour0,F13,174,-0.0016666666666666668,-0.0015216666666666668,-0.000648693149107657
common_101,F47,hour0,F13,176,-0.0016666666666666668,-0.00068,0.00019297351755900982
common_101,F47,hour0,F13,196,0.0016666666666666668,0.0008916666666666668,1.869314910765696e-05
common_101,F47,hour0,F13,213,0.0033333333333333335,0.0010066666666666666,-0.0007392803684513529
common_101,F47,hour0,F13,214,0.013333333333333334,0.010616666666666667,0.003632878526194589
common_101,F47,hour0,F13,241,0.0,5.333333333333362e-05,5.33333333333334e-05
common_101,F47,hour0,F13,242,-0.0033333333333333335,-0.0014133333333333333,0.00033261370178468624
common_101,F47,hour0,F13,243,0.0,0.0,0.0
common_101,F47,hour0,F47,103,-0.005,-0.00336,-0.0007410794473229708
common_101,F47,hour0,F47,117,-0.015,-0.011771666666666668,-0.003914905008635579
common_101,F47,hour0,F47,120,-0.06166666666666665,-0.02352666666666666,0.008773353483016692
common_101,F47,hour0,F47,124,-0.005,-0.002275,0.0003439205526770292
common_101,F47,hour0,F47,126,0.0016666666666666668,0.0008233333333333334,-4.964018422567644e-05
common_101,F47,hour0,F47,128,-0.03833333333333333,-0.01763,0.002448390903857224
common_101,F47,hour0,F47,129,-0.0033333333333333335,-0.0022983333333333337,-0.0005523862982153139
common_101,F47,hour0,F47,130,-0.018333333333333333,-0.008533333333333334,0.0010693753598157735
common_101,F47,hour0,F47,132,-0.008333333333333333,-0.0194,-0.015035132412204954
common_101,F47,hour0,F47,136,-0.0016666666666666668,-0.00276,-0.0018870264824409901
common_101,F47,hour0,F47,139,0.3866666666666668,0.6318750000000003,0.4293451439263099
common_101,F47,hour0,F47,140,-0.0016666666666666668,-0.0006700000000000001,0.00020297351755900974
common_101,F47,hour0,F47,152,-0.005833333333333334,-0.0024716666666666667,0.0005837406447898676
common_101,F47,hour0,F47,154,0.055,0.08815833333333334,0.059350207253886005
common_101,F47,hour0,F47,167,-0.005,-0.0022983333333333337,0.000320587219343696
common_101,F47,hour0,F47,168,-0.013333333333333334,-0.009966666666666667,-0.0029828785261945883
common_101,F47,hour0,F47,169,-0.019166666666666665,-0.00752,0.002519195451928612
common_101,F47,hour0,F47,170,-0.21833333333333374,-0.13436500000000023,-0.020005469199769758
common_101,F47,hour0,F47,174,0.0016666666666666668,0.0019733333333333334,0.0011003598157743235
common_101,F47,hour0,F47,176,0.0016666666666666668,0.0015833333333333333,0.0007103598157743236
common_101,F47,hour0,F47,239,0.0016666666666666663,0.0007249999999999998,-0.00014797351755900976
common_101,F47,hour0,F47,240,-0.0016666666666666668,-0.0007783333333333335,9.464018422567638e-05
common_101,F47,hour0,F47,241,0.15499999999999997,0.09141833333333332,0.01023179620034542
common_101,F47,hour0,F47,242,-0.4749999999999989,-0.3489199999999992,-0.10012254749568197
common_2024,F13,daymean,F13,55,-0.002638888888888889,-0.0013278472222222224,5.436084724620989e-05
common_2024,F13,daymean,F13,71,-0.0002777777777777778,-0.0001625,-1.700441374016503e-05
common_2024,F13,daymean,F13,72,-0.000625,-0.00029083333333333326,3.653173575129537e-05
common_2024,F13,daymean,F13,76,0.006284722222222221,0.0032352430555555554,-5.659458357321018e-05
common_2024,F13,daymean,F13,77,0.00013888888888888892,7.284722222222222e-05,9.942909230474162e-08
common_2024,F13,daymean,F13,78,0.005937499999999998,0.00331173611111111,0.00020176795480713862
common_2024,F13,daymean,F13,79,-0.0006944444444444445,-0.00034500000000000004,1.87389656495874e-05
common_2024,F13,daymean,F13,80,-0.024097222222222218,-0.013794374999999998,-0.0011726328919593172
common_2024,F13,daymean,F13,81,-0.0001388888888888889,-6.708333333333333e-05,5.664459796584149e-06
common_2024,F13,daymean,F13,82,-0.016979166666666667,-0.0090725,-0.00017908228986758816
common_2024,F13,daymean,F13,84,-0.009305555555555555,-0.0049757291666666665,-0.00010162702696219565
common_2024,F13,daymean,F13,85,0.0034027777777777776,0.0018536458333333334,7.13249016503552e-05
common_2024,F13,daymean,F13,89,-0.007083333333333332,-0.004004027777777777,-0.0002938903281519865
common_2024,F13,daymean,F13,90,0.02315972222222222,0.012604375,0.0004736804955862611
common_2024,F13,daymean,F13,91,-0.07135416666666666,-0.04058732638888888,-0.003213147668393783
common_2024,F13,daymean,F13,92,0.0008333333333333334,0.0004141666666666667,-2.2320092112838217e-05
common_2024,F13,daymean,F13,93,-0.21704861111111104,-0.08637531249999997,0.027311301213778533
common_2024,F13,daymean,F13,94,0.03559027777777777,0.01396267361111111,-0.0046789483784302425
common_2024,F13,daymean,F13,95,-0.0002777777777777778,-0.00012333333333333334,2.2162252926501624e-05
common_2024,F13,daymean,F13,96,-0.0026388888888888877,-0.0009287847222222221,0.00045342334724620965
common_2024,F13,daymean,F13,104,-0.2542708333333333,-0.08138788194444442,0.05179514032815197
common_2024,F13,daymean,F13,106,-0.06968749999999999,-0.02208086805555555,0.014420337147380537
common_2024,F13,daymean,F13,119,6.944444444444444e-05,2.2499999999999998e-05,-1.3873896564958738e-05
common_2024,F13,daymean,F13,120,-0.0013888888888888887,-0.002152569444444444,-0.0014250915131452694
common_2024,F13,daymean,F13,121,0.0077083333333333335,0.010621805555555556,0.006584303036845136
common_2024,F13,daymean,F13,129,-0.0006944444444444445,-0.0005148611111111111,-0.00015112214546152372
common_2024,F13,daymean,F13,130,0.056770833333333326,0.04452684027777777,0.014791179835924007
common_2024,F13,daymean,F13,131,0.0011111111111111111,0.0008466666666666667,0.0002646843216273268
common_2024,F13,daymean,F13,132,0.06034722222222222,0.056270555555555546,0.024661639440606408
common_2024,F13,daymean,F13,133,0.024027777777777776,0.023838263888888888,0.011252895677413164
common_2024,F13,daymean,F13,134,0.00048611111111111115,0.0003699305555555556,0.00011531327960084439
common_2024,F13,daymean,F13,135,0.011805555555555555,0.012074444444444443,0.005890882028401458
common_2024,F13,daymean,F13,137,0.0015972222222222223,0.0018420833333333334,0.0010054837123392823
common_2024,F13,daymean,F13,139,0.022083333333333333,0.03065583333333333,0.01908893422567645
common_2024,F13,daymean,F13,141,-0.0005555555555555556,-0.0004622222222222222,-0.00017123104970255228
common_2024,F13,daymean,F13,146,0.0016666666666666668,0.002453402777777778,0.0015804292602187681
common_2024,F13,daymean,F13,156,0.0005902777777777778,0.00043038194444444444,0.00012120382364229514
common_2024,F13,daymean,F13,171,0.012499999999999999,0.010666319444444444,0.004119018062751871
common_2024,F13,daymean,F13,172,0.0044444444444444444,0.00429375,0.0019658206198426404
common_2024,F13,daymean,F13,174,-0.00020833333333333337,-0.00016875000000000004,-5.962831030512378e-05
common_2024,F13,daymean,F13,177,0.0006944444444444445,0.0006525694444444443,0.00028883047879485696
common_2024,F13,daymean,F13,178,0.0018055555555555557,0.0024841666666666666,0.0015384453559777393
common_2024,F13,daymean,F13,179,6.944444444444444e-05,2.7986111111111112e-05,-8.387785453847628e-06
common_2024,F13,daymean,F13,196,0.0018055555555555555,0.0009952430555555556,4.95217448666283e-05
common_2024,F13,daymean,F13,197,0.0052430555555555555,0.0029270833333333336,0.00018085414267894848
common_2024,F13,daymean,F13,211,0.0015624999999999994,0.0007833333333333329,-3.50793393782383e-05
common_2024,F13,daymean,F13,212,-0.00034722222222222224,-0.00012604166666666666,5.5827816158127036e-05
common_2024,F13,daymean,F13,214,0.004930555555555556,0.004883472222222222,0.002300925566110152
common_2024,F13,daymean,F13,241,0.0009722222222222222,0.0013974305555555556,0.0008881960036461333
common_2024,F13,daymean,F13,243,0.0007638888888888889,0.0013004166666666667,0.0009003038044521206
common_2024,F13,daymean,F47,71,-6.944444444444444e-05,-2.6805555555555557e-05,9.568341009403184e-06
common_2024,F13,daymean,F47,102,-0.004999999999999999,-0.0010996527777777775,0.0015192677748992512
common_2024,F13,daymean,F47,103,-0.03263888888888888,-0.02163631944444444,-0.0045405880589138355
common_2024,F13,daymean,F47,104,-0.0016666666666666668,-0.0003479166666666666,0.0005250568508923432
common_2024,F13,daymean,F47,117,0.014652777777777777,0.013817222222222222,0.006142330047015928
common_2024,F13,daymean,F47,118,-0.0016666666666666666,-0.00047833333333333327,0.0003946401842256764
common_2024,F13,daymean,F47,119,0.22020833333333337,0.18610402777777782,0.07076240177029362
common_2024,F13,daymean,F47,120,0.012430555555555554,0.005073020833333333,-0.001437906651794281
common_2024,F13,daymean,F47,121,-0.0006249999999999999,-0.0003604166666666666,-3.305159758203798e-05
common_2024,F13,daymean,F47,123,0.01590277777777778,0.007051527777777779,-0.0012780945355977738
common_2024,F13,daymean,F47,124,0.029398148148148142,0.01477159722222222,-0.0006266856569436442
common_2024,F13,daymean,F47,125,0.003263888888888889,0.0021863194444444447,0.00047674630589138373
common_2024,F13,daymean,F47,126,0.07015046296296296,0.03502052083333333,-0.0017231770133691537
common_2024,F13,daymean,F47,127,-0.0009722222222222222,-0.0006347222222222223,-0.00012548767031279987
common_2024,F13,daymean,F47,128,-0.003611111111111111,-0.0018213194444444446,7.012317693340999e-05
common_2024,F13,daymean,F47,130,-0.0020833333333333333,-0.0010065972222222223,8.461967472653996e-05
common_2024,F13,daymean,F47,131,0.0011805555555555556,0.0008476388888888889,0.00022928264728459027
common_2024,F13,daymean,F47,136,0.0010416666666666667,0.0017727083333333336,0.0012270998848589523
common_2024,F13,daymean,F47,138,0.007708333333333333,0.013360625,0.009323122481289579
common_2024,F13,daymean,F47,139,0.0001388888888888889,0.00027277777777777776,0.0002000299846478603
common_2024,F13,daymean,F47,152,-0.0009027777777777778,-0.00040493055555555557,6.793009978890806e-05
common_2024,F13,daymean,F47,154,0.0027083333333333334,0.004366666666666666,0.0029480847006332755
common_2024,F13,daymean,F47,167,-0.00034722222222222224,-0.00014805555555555554,3.381392726923815e-05
common_2024,F13,daymean,F47,168,0.0001388888888888889,0.00011805555555555555,4.530776242563808e-05
common_2024,F13,daymean,F47,169,-0.00020833333333333332,-8.180555555555556e-05,2.7316134139320664e-05
common_2024,F13,daymean,F47,174,0.002361111111111111,0.0033183333333333333,0.0020816208501247364
common_2024,F13,daymean,F47,176,0.0038194444444444448,0.003704027777777778,0.0017034634667050471
common_2024,F13,daymean,F47,177,0.0004166666666666667,0.0004254166666666667,0.00020717328727691426
common_2024,F13,daymean,F47,209,0.020416666666666663,0.01319534722222222,0.0025014216321243526
common_2024,F13,daymean,F47,241,0.026319444444444444,0.017033819444444445,0.0032481126463250816
common_2024,F13,daymean,F47,243,-0.0005555555555555556,-0.0002276388888888889,6.335228363078105e-05
common_2024,F13,hour0,F13,55,-0.0016666666666666668,-0.0008516666666666667,2.1306850892343078e-05
common_2024,F13,hour0,F13,72,0.0016666666666666668,0.0007750000000000001,-9.797351755900972e-05
common_2024,F13,hour0,F13,76,0.028333333333333335,0.015400000000000002,0.0005594502014968352
common_2024,F13,hour0,F13,78,0.006666666666666666,0.0037799999999999995,0.0002881059297639606
common_2024,F13,hour0,F13,80,-0.008333333333333333,-0.004623333333333334,-0.0002584657455382851
common_2024,F13,hour0,F13,82,-0.02,-0.01029,0.00018568221070811686
common_2024,F13,hour0,F13,84,-0.0016666666666666668,-0.000855,1.797351755900974e-05
common_2024,F13,hour0,F13,85,0.006666666666666667,0.0036566666666666674,0.0001647725964306279
common_2024,F13,hour0,F13,89,2.168404344971009e-19,5.499999999999993e-05,5.499999999999987e-05
common_2024,F13,hour0,F13,90,0.026666666666666665,0.014428333333333333,0.0004607570523891782
common_2024,F13,hour0,F13,91,-0.11166666666666655,-0.06324333333333326,-0.004754107656879669
common_2024,F13,hour0,F13,93,-0.22249999999999978,-0.08414499999999991,0.03239696459412777
common_2024,F13,hour0,F13,94,0.0425,0.016005,-0.006255824697754749
common_2024,F13,hour0,F13,96,-0.008333333333333333,-0.0032566666666666664,0.001108200921128382
common_2024,F13,hour0,F13,104,-0.279166666666667,-0.08576583333333343,0.06045723085780087
common_2024,F13,hour0,F13,106,-0.08083333333333328,-0.024475833333333315,0.01786338226827863
common_2024,F13,hour0,F13,120,-0.0033333333333333335,-0.003995000000000001,-0.002249052964881981
common_2024,F13,hour0,F13,121,0.006666666666666667,0.009033333333333334,0.005541439263097294
common_2024,F13,hour0,F13,130,0.10999999999999989,0.08768999999999992,0.03007374784110533
common_2024,F13,hour0,F13,132,0.013333333333333334,0.009906666666666668,0.0029228785261945886
common_2024,F13,hour0,F13,133,0.006666666666666667,0.006301666666666666,0.0028097725964306274
common_2024,F13,hour0,F13,134,0.0016666666666666668,0.0012683333333333333,0.0003953598157743236
common_2024,F13,hour0,F13,139,0.0016666666666666668,0.0018866666666666667,0.0010136931491076567
common_2024,F13,hour0,F13,171,0.011666666666666667,0.009605,0.0034941853770869315
common_2024,F13,hour0,F13,172,0.006666666666666667,0.0057083333333333335,0.0022164392630972946
common_2024,F13,hour0,F13,177,0.0016666666666666668,0.0016216666666666667,0.0007486931491076569
common_2024,F13,hour0,F13,178,0.0016666666666666668,0.0018950000000000002,0.0010220264824409902
common_2024,F13,hour0,F13,211,-0.0016666666666666668,-0.0008816666666666668,-8.693149107656953e-06
common_2024,F13,hour0,F13,212,-0.0016666666666666668,-0.0006050000000000001,0.0002679735175590098
common_2024,F13,hour0,F13,214,0.005,0.003995,0.001376079447322971
common_2024,F13,hour0,F13,241,0.0016666666666666668,0.0024683333333333337,0.001595359815774324
common_2024,F13,hour0,F47,102,-0.005,-0.0011,0.0015189205526770296
common_2024,F13,hour0,F47,103,-0.04666666666666662,-0.030713333333333297,-0.006270074841681054
common_2024,F13,hour0,F47,104,-0.0016666666666666668,-0.00034,0.0005329735175590098
common_2024,F13,hour0,F47,117,0.011666666666666667,0.009436666666666668,0.0033258520437535986
common_2024,F13,hour0,F47,118,-0.0016666666666666666,-0.00047833333333333327,0.0003946401842256764
common_2024,F13,hour0,F47,119,0.3133333333333339,0.26269166666666716,0.098572645365573
common_2024,F13,hour0,F47,120,0.013333333333333332,0.005221666666666666,-0.001762121473805411
common_2024,F13,hour0,F47,123,0.021666666666666667,0.00918,-0.0021686557282671274
common_2024,F13,hour0,F47,124,0.025,0.0121,-0.0009946027633851466
common_2024,F13,hour0,F47,125,0.0033333333333333335,0.002191666666666667,0.0004457196315486473
common_2024,F13,hour0,F47,126,0.06333333333333334,0.031376666666666664,-0.0017963270005757045
common_2024,F13,hour0,F47,127,-0.0016666666666666668,-0.0010916666666666668,-0.00021869314910765697
common_2024,F13,hour0,F47,128,-0.0016666666666666668,-0.0007916666666666668,8.130685089234305e-05
common_2024,F13,hour0,F47,130,-0.0016666666666666668,-0.0007700000000000001,0.00010297351755900973
common_2024,F13,hour0,F47,136,0.0,-5.00000000000023e-06,-5.000000000000013e-06
common_2024,F13,hour0,F47,138,0.01,0.01755,0.012312158894645943
common_2024,F13,hour0,F47,154,0.0033333333333333335,0.005001666666666666,0.0032557196315486474
common_2024,F13,hour0,F47,176,0.005,0.004723333333333334,0.0021044127806563043
common_2024,F13,hour0,F47,209,0.028333333333333335,0.018131666666666667,0.0032911168681635013
common_2024,F13,hour0,F47,241,0.025,0.014563333333333334,0.001468730569948186
common_2024,F13,hour0,F47,243,-0.0033333333333333335,-0.0013633333333333334,0.0003826137017846863
common_2024,F47,daymean,F13,80,0.0008333333333333334,0.0004748611111111112,3.837435233160626e-05
common_2024,F47,daymean,F13,83,0.00020833333333333332,0.0001167361111111111,7.614421416234887e-06
common_2024,F47,daymean,F13,84,0.0011111111111111111,0.000630138888888889,4.815654384954904e-05
common_2024,F47,daymean,F13,93,0.0004861111111111111,0.0002073611111111111,-4.725616484360007e-05
common_2024,F47,daymean,F13,104,-0.003402777777777778,-0.0011029166666666668,0.0006794042650163115
common_2024,F47,daymean,F13,106,-0.008611111111111111,-0.002730486111111111,0.0017798770629437726
common_2024,F47,daymean,F13,120,0.0018055555555555557,0.0026797222222222222,0.0017340009115332949
common_2024,F47,daymean,F13,121,0.025069444444444443,0.03413486111111111,0.021003884451161005
common_2024,F47,daymean,F13,129,-0.006388888888888889,-0.004550069444444444,-0.0012036709604682403
common_2024,F47,daymean,F13,130,0.0024305555555555556,0.0018923611111111112,0.0006192747313375552
common_2024,F47,daymean,F13,131,0.00034722222222222224,0.00024777777777777775,6.590829495298407e-05
common_2024,F47,daymean,F13,133,0.00020833333333333332,0.00020416666666666668,9.504497697179043e-05
common_2024,F47,daymean,F13,135,0.0125,0.012827291666666667,0.006279990284974093
common_2024,F47,daymean,F13,137,0.10020833333333332,0.10607874999999999,0.05359121725676453
common_2024,F47,daymean,F13,138,0.0007638888888888889,0.0005777777777777779,0.00017766491556323166
common_2024,F47,daymean,F13,139,0.010416666666666666,0.013689930555555556,0.008233846070811745
common_2024,F47,daymean,F13,141,-0.003576388888888889,-0.002612673611111111,-0.000739417938015736
common_2024,F47,daymean,F13,142,-0.0030208333333333333,-0.0013317708333333335,0.0002504936672423719
common_2024,F47,daymean,F13,146,0.005902777777777778,0.009579236111111111,0.006487454903089619
common_2024,F47,daymean,F13,154,-0.0025,-0.001033125,0.0002763352763385147
common_2024,F47,daymean,F13,155,0.022152777777777778,0.017770902777777778,0.00616762977355594
common_2024,F47,daymean,F13,156,0.09097222222222219,0.06856486111111108,0.020915056611015156
common_2024,F47,daymean,F13,169,-0.008159722222222223,-0.006594965277777778,-0.002321032431395126
common_2024,F47,daymean,F13,170,-0.0005555555555555557,-0.0002326388888888889,5.835228363078104e-05
common_2024,F47,daymean,F13,171,0.012291666666666664,0.010593333333333331,0.004155153641335636
common_2024,F47,daymean,F13,172,-0.0011805555555555556,-0.0012217361111111112,-0.0006033798695068126
common_2024,F47,daymean,F13,173,-0.0011805555555555556,-0.00047541666666666674,0.0001429395749376319
common_2024,F47,daymean,F13,174,-0.003541666666666667,-0.0033434722222222225,-0.0014884034974093265
common_2024,F47,daymean,F13,175,0.0024305555555555556,0.0028286805555555556,0.0015555941757819998
common_2024,F47,daymean,F13,176,-0.0012152777777777778,-0.0005515625,8.498068988677796e-05
common_2024,F47,daymean,F13,177,0.000625,0.0006401388888888889,0.00031277381980426025
common_2024,F47,daymean,F13,178,6.944444444444444e-05,0.000185625,0.00014925110343504128
common_2024,F47,daymean,F13,211,0.0001388888888888889,7.291666666666667e-05,1.6887353674918978e-07
common_2024,F47,daymean,F13,213,0.0011111111111111111,0.0003327777777777778,-0.0002492045672615621
common_2024,F47,daymean,F13,214,0.007430555555555555,0.0060127777777777775,0.002120770845327193
common_2024,F47,daymean,F13,241,0.0031944444444444446,0.004672222222222223,0.0029990229802341205
common_2024,F47,daymean,F13,242,-0.0030208333333333333,-0.0013167708333333334,0.00026549366724237187
common_2024,F47,daymean,F13,243,0.003541666666666667,0.0061715277777777775,0.0043164590529648815
common_2024,F47,daymean,F13,244,-0.00034722222222222224,-0.0001627777777777778,1.909170504701591e-05
common_2024,F47,daymean,F13,245,-0.0008333333333333334,-0.0006906944444444444,-0.00025420768566493954
common_2024,F47,daymean,F47,69,6.944444444444444e-05,2.5069444444444443e-05,-1.1304452120514296e-05
common_2024,F47,daymean,F47,71,0.00041666666666666664,0.00017069444444444445,-4.754893494530799e-05
common_2024,F47,daymean,F47,103,-0.000625,-0.0004106249999999999,-8.325993091537132e-05
common_2024,F47,daymean,F47,104,0.0011805555555555556,0.00025361111111111114,-0.0003647451304931875
common_2024,F47,daymean,F47,117,-0.013333333333333332,-0.010534722222222221,-0.003550934081750144
common_2024,F47,daymean,F47,119,0.004027777777777778,0.0035870138888888887,0.001477327888121282
common_2024,F47,daymean,F47,120,-0.048472222222222215,-0.019731875,0.0056571048023412
common_2024,F47,daymean,F47,123,-0.0005555555555555556,-0.00021826388888888888,7.272728363078105e-05
common_2024,F47,daymean,F47,124,-0.005416666666666667,-0.002504513888888889,0.0003326500431778928
common_2024,F47,daymean,F47,125,-0.0016666666666666668,-0.0011293055555555557,-0.0002563320379965458
common_2024,F47,daymean,F47,127,-0.0021527777777777778,-0.0014755555555555557,-0.0003479647620418346
common_2024,F47,daymean,F47,128,-0.03407407407407407,-0.01646361111111111,0.0013838474700953102
common_2024,F47,daymean,F47,129,-0.004999999999999998,-0.0034880555555555546,-0.0008691350028785259
common_2024,F47,daymean,F47,130,-0.011481481481481481,-0.005482013888888889,0.0005318036765176227
common_2024,F47,daymean,F47,132,0.014513888888888889,0.03782222222222222,0.030220077840145847
common_2024,F47,daymean,F47,136,0.03506944444444443,0.05701861111111109,0.03864979334580693
common_2024,F47,daymean,F47,137,0.00020833333333333335,0.00010916666666666667,4.4976971790451167e-08
common_2024,F47,daymean,F47,138,0.021805555555555554,0.036841458333333334,0.025420054811936287
common_2024,F47,daymean,F47,139,0.2834722222222221,0.47145326388888875,0.3229750181107272
common_2024,F47,daymean,F47,140,-0.00041666666666666664,-0.00016736111111111113,5.088226827864132e-05
common_2024,F47,daymean,F47,152,-0.008819444444444442,-0.003821041666666666,0.0007984431970830933
common_2024,F47,daymean,F47,154,0.034027777777777775,0.05374847222222222,0.035925262905392434
common_2024,F47,daymean,F47,167,-0.0012500000000000002,-0.0005511805555555556,0.00010354958261370176
common_2024,F47,daymean,F47,168,-0.02315972222222222,-0.018199479166666664,-0.006068784662252927
common_2024,F47,daymean,F47,169,-0.006180555555555555,-0.0024769444444444444,0.0007603323498368833
common_2024,F47,daymean,F47,170,-0.29864583333333333,-0.23285774305555557,-0.0764318008779505
common_2024,F47,daymean,F47,174,-6.944444444444444e-05,-8.222222222222222e-05,-4.584832565726348e-05
common_2024,F47,daymean,F47,175,-0.0011458333333333333,-0.0004932986111111111,0.00010687068221070812
common_2024,F47,daymean,F47,176,0.0015277777777777779,0.0014552777777777778,0.0006550520533486854
common_2024,F47,daymean,F47,209,-0.00027777777777777783,-0.00017486111111111115,-2.9365524851276163e-05
common_2024,F47,daymean,F47,239,0.012777777777777782,0.0054994444444444466,-0.0011933525235079641
common_2024,F47,daymean,F47,240,-0.002013888888888889,-0.000965,8.984300038380348e-05
common_2024,F47,daymean,F47,241,0.08249999999999999,0.053263888888888875,0.010051699769717903
common_2024,F47,daymean,F47,242,-0.2809722222222222,-0.20351624999999998,-0.05634746449817693
common_2024,F47,daymean,F47,243,-0.004583333333333333,-0.001985,0.0004156771732872769
common_2024,F47,hour0,F13,106,-0.008333333333333333,-0.0025383333333333334,0.0018265342544617157
common_2024,F47,hour0,F13,121,0.018333333333333333,0.02454166666666667,0.014938957973517561
common_2024,F47,hour0,F13,129,-0.013333333333333334,-0.009436666666666666,-0.0024528785261945883
common_2024,F47,hour0,F13,130,0.0033333333333333335,0.0026383333333333337,0.000892386298215314
common_2024,F47,hour0,F13,135,0.01,0.00969,0.004452158894645941
common_2024,F47,hour0,F13,137,0.1516666666666666,0.14580666666666658,0.06636607656879674
common_2024,F47,hour0,F13,139,0.02,0.020606666666666665,0.01013098445595855
common_2024,F47,hour0,F13,141,-0.0016666666666666668,-0.0011233333333333334,-0.00025035981577432365
common_2024,F47,hour0,F13,142,-0.0033333333333333335,-0.0022033333333333336,-0.00045738629821531394
common_2024,F47,hour0,F13,154,-0.0016666666666666668,-0.0007116666666666667,0.0001613068508923431
common_2024,F47,hour0,F13,155,0.018333333333333333,0.015066666666666667,0.005463957973517559
common_2024,F47,hour0,F13,156,0.05666666666666655,0.04549499999999991,0.01581390040299364
common_2024,F47,hour0,F13,169,-0.005,-0.003851666666666667,-0.0012327461139896374
common_2024,F47,hour0,F13,171,0.025,0.021153333333333336,0.008058730569948186
common_2024,F47,hour0,F13,172,-0.0033333333333333335,-0.0028,-0.0010540529648819803
common_2024,F47,hour0,F13,173,-0.0016666666666666668,-0.000675,0.00019797351755900972
common_2024,F47,hour0,F13,174,-0.0033333333333333335,-0.0030600000000000002,-0.0013140529648819808
common_2024,F47,hour0,F13,214,0.013333333333333334,0.010621666666666668,0.0036378785261945894
common_2024,F47,hour0,F13,242,-0.005,-0.0021616666666666668,0.00045725388601036265
common_2024,F47,hour0,F13,243,0.01,0.01583,0.01059215889464594
common_2024,F47,hour0,F47,103,-0.0016666666666666668,-0.0010733333333333335,-0.0002003598157743236
common_2024,F47,hour0,F47,117,-0.02666666666666667,-0.020570000000000005,-0.006602423719055845
common_2024,F47,hour0,F47,119,0.0033333333333333335,0.00281,0.0010640529648819805
common_2024,F47,hour0,F47,120,-0.04833333333333331,-0.018589999999999995,0.006726232009211281
common_2024,F47,hour0,F47,123,-0.0016666666666666668,-0.0006916666666666667,0.00018130685089234313
common_2024,F47,hour0,F47,124,-0.0033333333333333335,-0.0015166666666666668,0.00022928036845135282
common_2024,F47,hour0,F47,125,-0.0016666666666666668,-0.0010883333333333335,-0.00021535981577432362
common_2024,F47,hour0,F47,127,-0.0016666666666666668,-0.0010716666666666667,-0.00019869314910765694
common_2024,F47,hour0,F47,128,-0.03833333333333333,-0.017648333333333335,0.0024300575705238905
common_2024,F47,hour0,F47,129,-0.005,-0.003485,-0.0008660794473229705
common_2024,F47,hour0,F47,130,-0.016666666666666666,-0.0076566666666666675,0.0010730685089234307
common_2024,F47,hour0,F47,132,-0.011666666666666667,-0.03441,-0.028299185377086936
common_2024,F47,hour0,F47,136,-0.006666666666666667,-0.010881666666666666,-0.007389772596430627
common_2024,F47,hour0,F47,139,0.3916666666666666,0.6404666666666666,0.4353178900402993
common_2024,F47,hour0,F47,140,-0.0016666666666666668,-0.0006700000000000001,0.00020297351755900974
common_2024,F47,hour0,F47,152,-0.006666666666666667,-0.0028183333333333333,0.0006735607369027059
common_2024,F47,hour0,F47,154,0.08666666666666666,0.13758166666666666,0.09218704375359814
common_2024,F47,hour0,F47,168,-0.016666666666666666,-0.012450000000000001,-0.003720264824409903
common_2024,F47,hour0,F47,169,-0.008333333333333333,-0.00325,0.0011148675877950486
common_2024,F47,hour0,F47,170,-0.23000000000000048,-0.14188166666666696,-0.02141132124352336
common_2024,F47,hour0,F47,175,-0.0016666666666666668,-0.0007216666666666667,0.0001513068508923431
common_2024,F47,hour0,F47,176,0.0033333333333333335,0.0031683333333333333,0.0014223862982153139
common_2024,F47,hour0,F47,209,-0.0016666666666666668,-0.00107,-0.00019702648244099028
common_2024,F47,hour0,F47,239,0.0033333333333333335,0.0014466666666666668,-0.0002992803684513529
common_2024,F47,hour0,F47,240,-0.0033333333333333335,-0.0015966666666666668,0.00014928036845135293
common_2024,F47,hour0,F47,241,0.10333333333333333,0.06054833333333333,0.006423975244674725
common_2024,F47,hour0,F47,242,-0.4283333333333326,-0.31460666666666615,-0.090252472654001
common_2024,F47,hour0,F47,243,-0.01,-0.004118333333333333,0.0011195077720207256
common_7,F13,daymean,F13,55,-0.0020833333333333333,-0.0010752777777777776,1.593911917098439e-05
common_7,F13,daymean,F13,71,0.00017361111111111112,9.916666666666667e-05,8.231925254269821e-06
common_7,F13,daymean,F13,72,-0.0025,-0.001126388888888889,0.0001830713874496258
common_7,F13,daymean,F13,76,-0.002152777777777779,-0.0016605555555555553,-0.0005329647620418341
common_7,F13,daymean,F13,77,-0.002777777777777778,-0.0013159722222222223,0.00013898364037612734
common_7,F13,daymean,F13,78,-0.003229166666666666,-0.0020232638888888887,-0.00033187769861830736
common_7,F13,daymean,F13,79,-0.0027083333333333334,-0.001364513888888889,5.4068077144501966e-05
common_7,F13,daymean,F13,80,-0.017511574074074075,-0.010074027777777777,-0.0009017435273140155
common_7,F13,daymean,F13,81,-0.0001388888888888889,-6.777777777777778e-05,4.970015352139703e-06
common_7,F13,daymean,F13,82,-0.029027777777777777,-0.015574965277777776,-0.00037067651362502485
common_7,F13,daymean,F13,84,-0.015937499999999997,-0.008365381944444443,-1.757268278641359e-05
common_7,F13,daymean,F13,85,0.0025347222222222225,0.0014246875000000002,9.704027537900602e-05
common_7,F13,daymean,F13,89,-0.0052430555555555555,-0.0030823958333333333,-0.0003361666426789485
common_7,F13,daymean,F13,90,0.012569444444444442,0.006767395833333333,0.0001837205550758019
common_7,F13,daymean,F13,91,-0.06943287037037037,-0.03940722222222222,-0.003039387973357642
common_7,F13,daymean,F13,93,-0.2496180555555555,-0.09860423611111108,0.032141735091633074
common_7,F13,daymean,F13,94,0.03777777777777778,0.015050416666666667,-0.004736983064670889
common_7,F13,daymean,F13,95,0.0013194444444444445,0.0006391666666666667,-5.1937368067549394e-05
common_7,F13,daymean,F13,96,0.0015972222222222173,0.0005507986111111094,-0.0002858010098829392
common_7,F13,daymean,F13,104,-0.1890624999999999,-0.06037038194444441,0.0386575514536557
common_7,F13,daymean,F13,106,-0.05378472222222222,-0.017010381944444444,0.011161200945116098
common_7,F13,daymean,F13,120,-0.002013888888888889,-0.002810069444444445,-0.001755226444060641
common_7,F13,daymean,F13,121,0.009861111111111112,0.013624097222222223,0.008459003909998082
common_7,F13,daymean,F13,129,-0.00020833333333333335,-0.00015166666666666668,-4.2544976971790446e-05
common_7,F13,daymean,F13,130,0.042152777777777775,0.033034722222222215,0.010955767007292267
common_7,F13,daymean,F13,131,0.0008333333333333334,0.0005983333333333333,0.00016184657455382845
common_7,F13,daymean,F13,132,0.04868055555555555,0.045137986111111104,0.01963988461907503
common_7,F13,daymean,F13,133,0.023888888888888887,0.023947048611111108,0.011434428192765304
common_7,F13,daymean,F13,135,0.015347222222222222,0.015475069444444444,0.007436438303588562
common_7,F13,daymean,F13,137,0.0006944444444444445,0.0008947916666666668,0.0005310527010170793
common_7,F13,daymean,F13,138,-6.944444444444444e-05,-5.236111111111111e-05,-1.598721454615237e-05
common_7,F13,daymean,F13,139,0.013958333333333333,0.019883263888888888,0.012572110679332182
common_7,F13,daymean,F13,141,0.00020833333333333335,0.00017333333333333334,6.42116436384571e-05
common_7,F13,daymean,F13,142,-0.0009027777777777778,-0.0004049305555555556,6.793009978890806e-05
common_7,F13,daymean,F13,146,0.0014583333333333334,0.0022201388888888887,0.0014562870610247555
common_7,F13,daymean,F13,156,0.0009027777777777778,0.0006471527777777777,0.00017429212243331413
common_7,F13,daymean,F13,171,0.007500000000000001,0.006406736111111111,0.002478355282095567
common_7,F13,daymean,F13,172,0.002638888888888889,0.0027162500000000003,0.0013340419305315678
common_7,F13,daymean,F13,174,0.00034722222222222224,0.0003354861111111111,0.00015361662828631742
common_7,F13,daymean,F13,177,0.0018055555555555557,0.001818125,0.0008724036893110727
common_7,F13,daymean,F13,178,0.002361111111111111,0.004849930555555555,0.0036132180723469584
common_7,F13,daymean,F13,179,-0.00041666666666666664,-0.000165,5.3243379389752434e-05
common_7,F13,daymean,F13,196,-0.00024305555555555555,-0.00013538194444444445,-8.073306467088856e-06
common_7,F13,daymean,F13,197,-3.472222222222223e-05,-2.4270833333333338e-05,-6.083885050853981e-06
common_7,F13,daymean,F13,211,0.00024305555555555563,0.00012079861111111102,-6.510026866244544e-06
common_7,F13,daymean,F13,212,-0.00041666666666666664,-0.00012041666666666665,9.782671272308579e-05
common_7,F13,daymean,F13,214,0.0044444444444444444,0.004416805555555556,0.002088876175398196
common_7,F13,daymean,F13,243,6.944444444444444e-05,0.00012625,8.987610343504127e-05
common_7,F13,daymean,F13,245,6.944444444444444e-05,5.923611111111111e-05,2.286221454615237e-05
common_7,F13,daymean,F47,37,0.0009027777777777778,9.493055555555555e-05,-0.0003779300997889081
common_7,F13,daymean,F47,102,-0.0033333333333333322,-0.0007033333333333332,0.0010426137017846859
common_7,F13,daymean,F47,103,-0.023263888888888886,-0.015322638888888887,-0.0031373835396277107
common_7,F13,daymean,F47,104,0.0016666666666666668,0.00035993055555555556,-0.0005130429620034542
common_7,F13,daymean,F47,117,0.01798611111111111,0.016410486111111112,0.006989646900786797
common_7,F13,daymean,F47,119,0.24895833333333334,0.209949375,0.07954895581462292
common_7,F13,daymean,F47,120,0.010381944444444442,0.004357187499999999,-0.0010807100364613313
common_7,F13,daymean,F47,121,0.0016666666666666668,0.0009800694444444444,0.00010709592688543463
common_7,F13,daymean,F47,122,0.0016666666666666668,0.0010033333333333333,0.00013035981577432353
common_7,F13,daymean,F47,123,0.011423611111111112,0.005147291666666667,-0.0008362143182690459
common_7,F13,daymean,F47,124,0.028437499999999998,0.014215868055555555,-0.0006792425877950484
common_7,F13,daymean,F47,125,0.0022916666666666667,0.0015145138888888888,0.0003141753022452505
common_7,F13,daymean,F47,126,0.07359953703703703,0.03670184027777777,-0.0018484277649843267
common_7,F13,daymean,F47,127,-0.0008333333333333334,-0.000546875,-0.00011038824122049513
common_7,F13,daymean,F47,128,-0.00650462962962963,-0.0031309722222222225,0.0002760494226955797
common_7,F13,daymean,F47,130,-0.004247685185185185,-0.002055625,0.00016924500655664295
common_7,F13,daymean,F47,131,0.0007638888888888889,0.0005356944444444444,0.00013558158222989826
common_7,F13,daymean,F47,136,0.003472222222222222,0.0057311111111111104,0.003912416282863173
common_7,F13,daymean,F47,138,0.005138888888888889,0.00879388888888889,0.0061022205430819425
common_7,F13,daymean,F47,139,0.0008333333333333334,0.0014545833333333336,0.0010180965745538286
common_7,F13,daymean,F47,154,0.007361111111111112,0.011264375,0.007408741964114374
common_7,F13,daymean,F47,169,-0.0007638888888888889,-0.00030305555555555554,9.705730665899058e-05
common_7,F13,daymean,F47,174,0.0019444444444444446,0.0018406944444444447,0.0008222253406255998
common_7,F13,daymean,F47,176,0.0031944444444444446,0.0031399652777777775,0.0014667660357896757
common_7,F13,daymean,F47,177,0.00020833333333333332,0.00041798611111111116,0.0003088644214162349
common_7,F13,daymean,F47,209,0.01833333333333333,0.011919999999999998,0.0023172913068508928
common_7,F13,daymean,F47,241,0.014930555555555555,0.009632916666666666,0.0018125289052005372
common_7,F13,daymean,F47,242,-0.0001388888888888889,-0.00010263888888888889,-2.9891095758971406e-05
common_7,F13,hour0,F13,55,0.0016666666666666668,0.0008516666666666667,-2.1306850892343078e-05
common_7,F13,hour0,F13,76,0.015,0.008098333333333334,0.00024157167530224603
common_7,F13,hour0,F13,77,-0.0016666666666666668,-0.0007700000000000001,0.00010297351755900973
common_7,F13,hour0,F13,78,0.008333333333333333,0.004731666666666666,0.0003667990788716174
common_7,F13,hour0,F13,80,-0.016666666666666666,-0.009323333333333335,-0.0005935981577432366
common_7,F13,hour0,F13,82,-0.011666666666666667,-0.006013333333333334,9.748128957973482e-05
common_7,F13,hour0,F13,84,-0.006666666666666666,-0.0034200000000000003,7.189407023603896e-05
common_7,F13,hour0,F13,85,0.0016666666666666668,0.0009066666666666668,3.369314910765697e-05
common_7,F13,hour0,F13,90,0.023333333333333334,0.012641666666666667,0.00042003742084053094
common_7,F13,hour0,F13,91,-0.1099999999999999,-0.06225833333333328,-0.004642081174438681
common_7,F13,hour0,F13,93,-0.27583333333333326,-0.10457166666666663,0.03990545048934943
common_7,F13,hour0,F13,94,0.03083333333333333,0.011531666666666666,-0.004618343408175013
common_7,F13,hour0,F13,95,0.0016666666666666668,0.0007833333333333334,-8.964018422567648e-05
common_7,F13,hour0,F13,96,0.0033333333333333327,0.0012599999999999998,-0.00048594703511801925
common_7,F13,hour0,F13,104,-0.23333333333333361,-0.07134833333333342,0.05086795912492809
common_7,F13,hour0,F13,106,-0.055,-0.01654833333333333,0.012259792746113989
common_7,F13,hour0,F13,120,-0.0016666666666666668,-0.0019533333333333334,-0.0010803598157743234
common_7,F13,hour0,F13,121,0.006666666666666667,0.008631666666666666,0.005139772596430628
common_7,F13,hour0,F13,130,0.09166666666666658,0.07313999999999993,0.02512645653425444
common_7,F13,hour0,F13,131,0.0016666666666666668,0.0011966666666666666,0.0003236931491076569
common_7,F13,hour0,F13,132,0.016666666666666666,0.012375,0.0036452648244099024
common_7,F13,hour0,F13,133,-0.0016666666666666668,-0.0015683333333333333,-0.0006953598157743235
common_7,F13,hour0,F13,139,0.0016666666666666668,0.0018866666666666667,0.0010136931491076567
common_7,F13,hour0,F13,146,0.0016666666666666668,0.002416666666666667,0.0015436931491076568
common_7,F13,hour0,F13,171,0.006666666666666667,0.005496666666666667,0.0020047725964306277
common_7,F13,hour0,F13,172,0.0033333333333333335,0.0028433333333333336,0.0010973862982153139
common_7,F13,hour0,F13,177,0.0033333333333333335,0.0032366666666666668,0.0014907196315486473
common_7,F13,hour0,F13,178,0.0016666666666666668,0.002156666666666667,0.001283693149107657
common_7,F13,hour0,F13,211,0.0,2.3333333333333322e-05,2.3333333333333356e-05
common_7,F13,hour0,F13,214,0.0033333333333333335,0.00266,0.0009140529648819807
common_7,F13,hour0,F47,102,-0.0033333333333333335,-0.0007033333333333334,0.0010426137017846863
common_7,F13,hour0,F47,103,-0.028333333333333287,-0.018518333333333303,-0.0036777835348301615
common_7,F13,hour0,F47,104,0.0016666666666666668,0.00036,-0.0005129735175590099
common_7,F13,hour0,F47,117,0.015,0.012215,0.004358238341968913
common_7,F13,hour0,F47,119,0.3400000000000006,0.2844116666666672,0.10632506908462885
common_7,F13,hour0,F47,120,0.009999999999999998,0.0039299999999999995,-0.0013078411053540585
common_7,F13,hour0,F47,121,0.0016666666666666668,0.0009966666666666668,0.00012369314910765688
common_7,F13,hour0,F47,122,0.0016666666666666668,0.000975,0.00010202648244099018
common_7,F13,hour0,F47,123,0.011666666666666667,0.00508,-0.0010308146229130685
common_7,F13,hour0,F47,124,0.030000000000000002,0.014396666666666667,-0.001316856649395509
common_7,F13,hour0,F47,125,0.0016666666666666668,0.0010883333333333335,0.00021535981577432362
common_7,F13,hour0,F47,126,0.065,0.03210666666666667,-0.0019393005181347145
common_7,F13,hour0,F47,127,-0.0016666666666666668,-0.00107,-0.00019702648244099028
common_7,F13,hour0,F47,128,-0.01,-0.004633333333333334,0.000604507772020725
common_7,F13,hour0,F47,130,-0.0033333333333333335,-0.0015450000000000001,0.00020094703511801945
common_7,F13,hour0,F47,136,0.005,0.00828,0.00566107944732297
common_7,F13,hour0,F47,138,0.005,0.008775,0.006156079447322971
common_7,F13,hour0,F47,154,0.008333333333333333,0.01337,0.00900513241220495
common_7,F13,hour0,F47,169,-0.0016666666666666668,-0.0006500000000000001,0.00022297351755900976
common_7,F13,hour0,F47,176,0.0016666666666666668,0.0015733333333333333,0.0007003598157743235
common_7,F13,hour0,F47,209,0.025,0.016045,0.002950397236614854
common_7,F13,hour0,F47,241,0.015,0.008745,0.0008882383419689117
common_7,F47,daymean,F13,80,0.00034722222222222224,0.00020104166666666664,1.9172183841872954e-05
common_7,F47,daymean,F13,82,0.0001388888888888889,7.465277777777777e-05,1.9049846478602946e-06
common_7,F47,daymean,F13,104,-0.0021527777777777778,-0.000688125,0.000439465793513721
common_7,F47,daymean,F13,106,-0.007569444444444445,-0.0024072916666666665,0.0015574630589138359
common_7,F47,daymean,F13,120,0.0005555555555555556,0.0005644444444444445,0.0002734532719247745
common_7,F47,daymean,F13,121,0.019791666666666666,0.025993541666666665,0.015626981145653425
common_7,F47,daymean,F13,129,-0.016006944444444445,-0.011644618055555556,-0.003260434897332566
common_7,F47,daymean,F13,130,0.00034722222222222224,0.0002697222222222222,8.785273939742852e-05
common_7,F47,daymean,F13,131,0.0007638888888888889,0.0005651388888888889,0.00016502602667434275
common_7,F47,daymean,F13,132,0.0002777777777777778,0.0002579861111111111,0.00011249052485127616
common_7,F47,daymean,F13,133,0.0008680555555555556,0.000871875,0.0004172012929380157
common_7,F47,daymean,F13,135,0.012777777777777779,0.01289263888888889,0.006199841920936481
common_7,F47,daymean,F13,137,0.10277777777777776,0.10953701388888887,0.05570364697274994
common_7,F47,daymean,F13,138,-0.0013194444444444445,-0.0009261111111111112,-0.000235007076376895
common_7,F47,daymean,F13,139,0.005833333333333334,0.00794125,0.004885842688543466
common_7,F47,daymean,F13,141,-0.00024305555555555555,-0.00012236111111111106,4.947526866244465e-06
common_7,F47,daymean,F13,142,-0.0022222222222222222,-0.0009811111111111112,0.00018285357896756857
common_7,F47,daymean,F13,146,0.0038888888888888883,0.0066147222222222215,0.004577784014584532
common_7,F47,daymean,F13,154,-0.0020833333333333333,-0.0008680555555555555,0.0002231613413932067
common_7,F47,daymean,F13,155,0.017013888888888887,0.013736458333333333,0.004824853674918442
common_7,F47,daymean,F13,156,0.06246527777777775,0.04712010416666665,0.014401784206486275
common_7,F47,daymean,F13,169,-0.006446759259259259,-0.005208483796296296,-0.0018317737318492933
common_7,F47,daymean,F13,171,0.01486111111111111,0.012748194444444442,0.004964180579543273
common_7,F47,daymean,F13,172,0.0006944444444444445,0.00033270833333333335,-3.103063231625412e-05
common_7,F47,daymean,F13,173,-0.0007638888888888889,-0.0003391666666666667,6.094619554787947e-05
common_7,F47,daymean,F13,174,-0.0018055555555555557,-0.0017131944444444447,-0.0007674731337555173
common_7,F47,daymean,F13,175,0.003263888888888889,0.0032983333333333337,0.0015887601947802727
common_7,F47,daymean,F13,176,0.0,-3.0555555555555594e-06,-3.0555555555555586e-06
common_7,F47,daymean,F13,177,0.0013194444444444445,0.0013089583333333334,0.0006178542985991173
common_7,F47,daymean,F13,196,0.0004861111111111111,0.0002584027777777778,3.7855018230666115e-06
common_7,F47,daymean,F13,211,0.0004166666666666667,0.00022243055555555558,4.18717616580312e-06
common_7,F47,daymean,F13,213,0.0005555555555555556,0.0001611111111111111,-0.00012988006140855882
common_7,F47,daymean,F13,214,0.006944444444444442,0.006920972222222221,0.003283582565726348
common_7,F47,daymean,F13,241,0.0012499999999999998,0.0018860416666666667,0.0012313115284974094
common_7,F47,daymean,F13,242,-0.0022916666666666667,-0.0009812500000000001,0.00021908858664363838
common_7,F47,daymean,F13,243,0.005763888888888889,0.009536944444444443,0.006517911029552868
common_7,F47,daymean,F13,244,0.00024305555555555558,0.00011496527777777778,-1.2343360199577817e-05
common_7,F47,daymean,F47,69,0.0010416666666666667,0.000374375,-0.00017123344847438113
common_7,F47,daymean,F47,71,6.944444444444444e-05,2.7430555555555556e-05,-8.943341009403184e-06
common_7,F47,daymean,F47,74,0.0004861111111111111,0.0001011111111111111,-0.0001535061648436001
common_7,F47,daymean,F47,103,0.0010416666666666667,0.0006697222222222223,0.00012411377374784116
common_7,F47,daymean,F47,117,-0.005069444444444445,-0.005230555555555556,-0.002575261106313568
common_7,F47,daymean,F47,119,0.0018055555555555557,0.0017961805555555556,0.0008504592448666283
common_7,F47,daymean,F47,120,-0.06444444444444444,-0.025924027777777775,0.007830948234503933
common_7,F47,daymean,F47,122,0.0001388888888888889,8.513888888888888e-05,1.2391095758971408e-05
common_7,F47,daymean,F47,123,-6.944444444444444e-05,-3.180555555555556e-05,4.568341009403183e-06
common_7,F47,daymean,F47,124,-0.0022569444444444447,-0.0010544444444444444,0.00012770719391671462
common_7,F47,daymean,F47,126,0.00013888888888888892,6.875e-05,-3.9977931299174816e-06
common_7,F47,daymean,F47,127,-0.0014583333333333334,-0.0010009375,-0.00023708567213586644
common_7,F47,daymean,F47,128,-0.016377314814814813,-0.007809444444444444,0.0007687328287916582
common_7,F47,daymean,F47,129,-0.011840277777777774,-0.008211111111111108,-0.002009361746785645
common_7,F47,daymean,F47,130,0.004050925925925927,0.002291805555555556,0.00016999492259962923
common_7,F47,daymean,F47,132,0.014166666666666666,0.03563375,0.02821347510074842
common_7,F47,daymean,F47,136,0.03777777777777778,0.06095736111111111,0.04116996137977355
common_7,F47,daymean,F47,137,0.00020833333333333335,0.00010916666666666667,4.4976971790451167e-08
common_7,F47,daymean,F47,138,0.020902777777777777,0.035380833333333334,0.02443229046728075
common_7,F47,daymean,F47,139,0.3209722222222221,0.5331973611111109,0.3650772111878717
common_7,F47,daymean,F47,140,-0.0006944444444444445,-0.00027729166666666673,8.644729898292072e-05
common_7,F47,daymean,F47,152,-0.011111111111111112,-0.004819791666666667,0.0010000317837267317
common_7,F47,daymean,F47,154,0.03611111111111111,0.057469652777777776,0.038555226563999234
common_7,F47,daymean,F47,167,-0.0013194444444444447,-0.0005261111111111111,0.00016499292362310495
common_7,F47,daymean,F47,168,-0.025659722222222223,-0.02030611111111111,-0.006865956330358856
common_7,F47,daymean,F47,169,-0.005486111111111111,-0.0022767361111111113,0.0005968017175206293
common_7,F47,daymean,F47,170,-0.2909490740740741,-0.2277911689814815,-0.07539666700649268
common_7,F47,daymean,F47,174,0.0010416666666666667,0.0008692361111111112,0.00032362766263673
common_7,F47,daymean,F47,175,-0.0004166666666666667,-0.000166875,5.136837938975244e-05
common_7,F47,daymean,F47,176,0.0009375,0.0009437499999999999,0.00045270239637305697
common_7,F47,daymean,F47,239,0.015312500000000001,0.006730034722222222,-0.00129040947035118
common_7,F47,daymean,F47,240,-0.0009027777777777778,-0.0004161805555555556,5.668009978890805e-05
common_7,F47,daymean,F47,241,0.08104166666666665,0.05259055555555554,0.010142218264248703
common_7,F47,daymean,F47,242,-0.3238194444444444,-0.23471746527777773,-0.06510598559537516
common_7,F47,daymean,F47,243,0.0038888888888888883,0.0015649999999999996,-0.00047193820763768947
common_7,F47,hour0,F13,104,-0.0033333333333333335,-0.00102,0.0007259470351180196
common_7,F47,hour0,F13,106,-0.006666666666666667,-0.0020266666666666666,0.0014652274035693725
common_7,F47,hour0,F13,121,0.02,0.026155,0.015679317789291883
common_7,F47,hour0,F13,129,-0.013333333333333334,-0.009458333333333332,-0.002474545192861255
common_7,F47,hour0,F13,130,0.0033333333333333335,0.0025933333333333338,0.0008473862982153139
common_7,F47,hour0,F13,135,0.01,0.009671666666666665,0.004433825561312608
common_7,F47,hour0,F13,137,0.15999999999999992,0.15388333333333323,0.07007787564766835
common_7,F47,hour0,F13,138,-0.0016666666666666668,-0.0011583333333333333,-0.00028535981577432353
common_7,F47,hour0,F13,139,0.015000000000000001,0.015478333333333334,0.007621571675302246
common_7,F47,hour0,F13,141,-0.0016666666666666668,-0.0011733333333333333,-0.0003003598157743235
common_7,F47,hour0,F13,142,-0.0016666666666666668,-0.0007483333333333334,0.0001246401842256764
common_7,F47,hour0,F13,146,0.0016666666666666668,0.002416666666666667,0.0015436931491076568
common_7,F47,hour0,F13,154,-0.0033333333333333335,-0.001395,0.0003509470351180196
common_7,F47,hour0,F13,155,0.02,0.01638,0.005904317789291882
common_7,F47,hour0,F13,156,0.0466666666666666,0.037196666666666614,0.012753408175014379
common_7,F47,hour0,F13,169,-0.006666666666666667,-0.005143333333333334,-0.0016514392630972944
common_7,F47,hour0,F13,171,0.03166666666666667,0.026685000000000004,0.010098503166378815
common_7,F47,hour0,F13,174,-0.0016666666666666668,-0.0015383333333333336,-0.0006653598157743237
common_7,F47,hour0,F13,175,0.0,4.666666666666686e-05,4.6666666666666645e-05
common_7,F47,hour0,F13,177,0.0016666666666666668,0.00161,0.0007370264824409903
common_7,F47,hour0,F13,196,0.0016666666666666668,0.0009116666666666667,3.869314910765698e-05
common_7,F47,hour0,F13,214,0.0016666666666666666,0.0015899999999999998,0.0007170264824409902
common_7,F47,hour0,F13,241,0.0016666666666666668,0.0023833333333333332,0.0015103598157743235
common_7,F47,hour0,F13,242,-0.0016666666666666668,-0.00072,0.00015297351755900977
common_7,F47,hour0,F13,243,0.006666666666666666,0.010381666666666666,0.006889772596430627
common_7,F47,hour0,F13,244,0.0008333333333333334,0.00036250000000000003,-7.398675877950489e-05
common_7,F47,hour0,F47,74,0.0016666666666666668,0.000345,-0.0005279735175590098
common_7,F47,hour0,F47,103,-0.0016666666666666668,-0.0010983333333333335,-0.00022535981577432364
common_7,F47,hour0,F47,117,-0.011666666666666667,-0.008978333333333335,-0.0028675187104202655
common_7,F47,hour0,F47,119,0.0016666666666666668,0.001405,0.0005320264824409903
common_7,F47,hour0,F47,120,-0.07333333333333329,-0.028056666666666653,0.010354168105929757
common_7,F47,hour0,F47,124,-0.005,-0.002275,0.0003439205526770292
common_7,F47,hour0,F47,126,0.0016666666666666668,0.0008233333333333334,-4.964018422567644e-05
common_7,F47,hour0,F47,127,-0.0016666666666666668,-0.0010766666666666667,-0.00020369314910765696
common_7,F47,hour0,F47,128,-0.030000000000000002,-0.013830000000000002,0.0018835233160621751
common_7,F47,hour0,F47,129,-0.016666666666666666,-0.011633333333333334,-0.0029035981577432354
common_7,F47,hour0,F47,130,-0.011666666666666667,-0.005365,0.0007458146229130682
common_7,F47,hour0,F47,132,-0.013333333333333334,-0.03908166666666667,-0.03209787852619459
common_7,F47,hour0,F47,136,-0.0016666666666666668,-0.0026800000000000005,-0.0018070264824409908
common_7,F47,hour0,F47,138,-0.0016666666666666668,-0.002986666666666667,-0.002113693149107657
common_7,F47,hour0,F47,139,0.4133333333333333,0.6740966666666666,0.45759923431203214
common_7,F47,hour0,F47,140,-0.0016666666666666668,-0.0006700000000000001,0.00020297351755900974
common_7,F47,hour0,F47,152,-0.013333333333333334,-0.005656666666666667,0.0013271214738054117
common_7,F47,hour0,F47,154,0.08333333333333333,0.13307499999999997,0.0894263241220495
common_7,F47,hour0,F47,168,-0.021666666666666667,-0.016103333333333334,-0.004754677605066206
common_7,F47,hour0,F47,169,-0.011666666666666667,-0.004633333333333333,0.0014774812895797349
common_7,F47,hour0,F47,170,-0.22166666666666707,-0.13670166666666692,-0.020596188831318404
common_7,F47,hour0,F47,174,0.0033333333333333335,0.0029800000000000004,0.0012340529648819805
common_7,F47,hour0,F47,239,0.005833333333333333,0.0025341666666666663,-0.0005212406447898675
common_7,F47,hour0,F47,241,0.10166666666666667,0.05974666666666666,0.006495282095567068
common_7,F47,hour0,F47,242,-0.4549999999999992,-0.33429999999999943,-0.09597822970639015
purged1_7,F13,daymean,F13,10,6.944444444444444e-05,2.5972222222222223e-05,-1.0980460112631284e-05
purged1_7,F13,daymean,F13,50,-0.0022916666666666667,-0.0009673611111111111,0.00025207740593905463
purged1_7,F13,daymean,F13,55,0.0009027777777777778,0.00045750000000000006,-2.2884870353095584e-05
purged1_7,F13,daymean,F13,57,-0.000625,-0.0003514583333333334,-1.8884192319651785e-05
purged1_7,F13,daymean,F13,71,0.0005902777777777778,0.0003427777777777778,2.8679977931522956e-05
purged1_7,F13,daymean,F13,72,-0.0002777777777777778,-0.00011833333333333333,2.9477396006080696e-05
purged1_7,F13,daymean,F13,76,-0.010625,-0.006067951388888889,-0.00041419099165630226
purged1_7,F13,daymean,F13,77,-0.0014583333333333334,-0.0006698611111111112,0.0001061452179208125
purged1_7,F13,daymean,F13,78,0.0017361111111111106,0.0009705555555555551,4.6738497184217785e-05
purged1_7,F13,daymean,F13,79,-0.0004166666666666667,-0.00020777777777777778,1.3938316231343264e-05
purged1_7,F13,daymean,F13,80,-0.01861111111111111,-0.010785138888888888,-0.0008818200231481487
purged1_7,F13,daymean,F13,82,-0.017326388888888888,-0.009293298611111112,-7.360436856516145e-05
purged1_7,F13,daymean,F13,84,-0.0039583333333333345,-0.002185520833333334,-7.921794024668351e-05
purged1_7,F13,daymean,F13,85,0.0007638888888888889,0.00040722222222222234,7.427165388337169e-07
purged1_7,F13,daymean,F13,89,-0.006666666666666667,-0.0036595138888888892,-0.00011205638474295252
purged1_7,F13,daymean,F13,90,-0.009583333333333333,-0.005236701388888889,-0.00013723122667910518
purged1_7,F13,daymean,F13,91,-0.03100694444444444,-0.017556562499999998,-0.0010571898374879091
purged1_7,F13,daymean,F13,93,-0.1292592592592592,-0.05087464120370369,0.01790661818223695
purged1_7,F13,daymean,F13,94,0.02126157407407407,0.008299907407407407,-0.0030137721674469075
purged1_7,F13,daymean,F13,96,-0.0009027777777777782,-0.0003525347222222225,0.0001278501481308734
purged1_7,F13,daymean,F13,100,-0.15116898148148142,-0.06214245370370368,0.01829737695888323
purged1_7,F13,daymean,F13,102,-0.0659375,-0.024847118055555555,0.01023945382138785
purged1_7,F13,daymean,F13,104,-0.08843749999999995,-0.028232812499999985,0.01882642845343593
purged1_7,F13,daymean,F13,106,-0.052615740740740734,-0.01655708333333333,0.011440732315707337
purged1_7,F13,daymean,F13,108,0.0016666666666666668,0.0007706944444444445,-0.00011616993159203972
purged1_7,F13,daymean,F13,109,0.15114583333333328,0.05161142361111109,-0.028816089490697534
purged1_7,F13,daymean,F13,110,0.01653935185185185,0.005726145833333333,-0.0030747513427509436
purged1_7,F13,daymean,F13,120,0.0011805555555555556,0.0016089583333333333,0.0009807627336408237
purged1_7,F13,daymean,F13,121,0.0017361111111111112,0.002437916666666667,0.001514099608295329
purged1_7,F13,daymean,F13,130,0.02881944444444444,0.022657361111111107,0.007321997942146906
purged1_7,F13,daymean,F13,131,0.0009027777777777778,0.0007065972222222223,0.00022621235186912666
purged1_7,F13,daymean,F13,132,0.03680555555555555,0.03437097222222222,0.014786050584749862
purged1_7,F13,daymean,F13,133,0.010625,0.010614444444444444,0.004960684047211858
purged1_7,F13,daymean,F13,134,0.0016666666666666668,0.0012597222222222224,0.0003728578461857381
purged1_7,F13,daymean,F13,135,0.014930555555555555,0.015040416666666665,0.007095589964673162
purged1_7,F13,daymean,F13,137,6.944444444444444e-05,8.173611111111112e-05,4.478342877625761e-05
purged1_7,F13,daymean,F13,139,0.005763888888888889,0.008326180555555555,0.005259107921762715
purged1_7,F13,daymean,F13,153,0.0005555555555555556,0.0008709722222222222,0.0005753507635433942
purged1_7,F13,daymean,F13,156,0.0005555555555555556,0.0004225694444444445,0.0001269479857656164
purged1_7,F13,daymean,F13,159,0.011111111111111112,0.006554791666666667,0.0006423624930901056
purged1_7,F13,daymean,F13,160,0.003194444444444444,0.0015529166666666664,-0.00014690672073659465
purged1_7,F13,daymean,F13,177,0.0002777777777777778,0.00027395833333333336,0.00012614760399391932
purged1_7,F13,daymean,F13,197,0.00020833333333333335,0.00012284722222222222,1.198917521766168e-05
purged1_7,F13,daymean,F13,211,-0.00041666666666666675,-0.0002140277777777778,7.688316231343249e-06
purged1_7,F13,daymean,F13,213,-0.00020833333333333335,-6.3125e-05,4.773304700456053e-05
purged1_7,F13,daymean,F13,231,0.03541666666666666,0.021041874999999995,0.0021960070092247102
purged1_7,F13,daymean,F13,232,0.0001388888888888889,0.000105,3.109463533029299e-05
purged1_7,F13,daymean,F13,233,-6.944444444444444e-05,-4.3819444444444445e-05,-6.866762109590938e-06
purged1_7,F13,daymean,F47,74,0.0016666666666666668,0.00034673611111111114,-0.0005401282649253732
purged1_7,F13,daymean,F47,97,-0.046527777777777765,-0.02810569444444444,-0.0033473972800925934
purged1_7,F13,daymean,F47,99,-0.029340277777777778,-0.018491284722222223,-0.002878776435746616
purged1_7,F13,daymean,F47,101,0.005729166666666666,0.003760972222222222,0.0007123759295968079
purged1_7,F13,daymean,F47,103,-0.01815972222222222,-0.012098125,-0.0024349985694358083
purged1_7,F13,daymean,F47,108,-0.0013194444444444512,-0.0004175694444444491,0.00028453151991777114
purged1_7,F13,daymean,F47,109,0.0007638888888888889,0.00017722222222222225,-0.00022925728346116637
purged1_7,F13,daymean,F47,117,0.0019444444444444444,0.001833541666666667,0.0007988665612907685
purged1_7,F13,daymean,F47,119,0.19159722222222214,0.1600550694444444,0.0581026188825836
purged1_7,F13,daymean,F47,120,0.016666666666666666,0.006602847222222222,-0.002265796538142619
purged1_7,F13,daymean,F47,121,-0.00020833333333333332,-0.00011923611111111111,-8.378064106550582e-06
purged1_7,F13,daymean,F47,122,-0.0016666666666666668,-0.0010130555555555557,-0.00012619117951907137
purged1_7,F13,daymean,F47,123,0.02222222222222222,0.010029097222222222,-0.0017957611249308997
purged1_7,F13,daymean,F47,124,0.045300925925925925,0.022466006944444443,-0.0016394594986583262
purged1_7,F13,daymean,F47,126,0.03700231481481482,0.018422256944444448,-0.0012673639596433325
purged1_7,F13,daymean,F47,128,-0.0016782407407407408,-0.0008197916666666667,7.323148975895975e-05
purged1_7,F13,daymean,F47,130,-0.0020833333333333333,-0.0010754166666666668,3.31638033789385e-05
purged1_7,F13,daymean,F47,136,-0.0011805555555555556,-0.0019495833333333331,-0.0013213877336408237
purged1_7,F13,daymean,F47,138,0.0009027777777777777,0.0015845138888888888,0.0011041290185357933
purged1_7,F13,daymean,F47,139,6.944444444444444e-05,0.00013215277777777778,9.520009544292429e-05
purged1_7,F13,daymean,F47,151,0.0009722222222222222,0.0011656944444444445,0.0006483568917564954
purged1_7,F13,daymean,F47,154,0.0009027777777777777,0.0013321527777777778,0.0008517679074246822
purged1_7,F13,daymean,F47,157,0.0008333333333333333,0.0006940277777777778,0.0002505955897595357
purged1_7,F13,daymean,F47,168,-0.0001388888888888889,-9.98611111111111e-05,-2.5955746441404094e-05
purged1_7,F13,daymean,F47,176,0.0007638888888888889,0.0007591666666666667,0.0003526871609832781
purged1_7,F13,daymean,F47,209,0.013148148148148145,0.008547685185185182,0.0015513106631195879
purged1_7,F13,daymean,F47,216,-0.0018055555555555555,-0.0010134027777777778,-5.263303707158658e-05
purged1_7,F13,daymean,F47,231,-0.002361111111111111,-0.004472569444444445,-0.003216178245059425
purged1_7,F13,daymean,F47,241,0.009212962962962963,0.005942592592592592,0.0010402034028353607
purged1_7,F13,hour0,F13,55,0.0016666666666666668,0.0008516666666666667,-3.519770936981748e-05
purged1_7,F13,hour0,F13,76,-0.013333333333333336,-0.007258333333333335,-0.0001634183250414608
purged1_7,F13,hour0,F13,78,0.0033333333333333335,0.00189,0.00011627124792703152
purged1_7,F13,hour0,F13,80,-0.005833333333333334,-0.003261666666666667,-0.00015764135053897242
purged1_7,F13,hour0,F13,82,-0.013333333333333334,-0.006850000000000001,0.0002449150082918731
purged1_7,F13,hour0,F13,84,0.0016666666666666666,0.00088,-6.864376036484117e-06
purged1_7,F13,hour0,F13,85,0.0033333333333333335,0.001836666666666667,6.29379145936985e-05
purged1_7,F13,hour0,F13,89,-0.0033333333333333335,-0.001816666666666667,-4.293791459369849e-05
purged1_7,F13,hour0,F13,90,-0.006666666666666667,-0.0036383333333333337,-9.087582918739697e-05
purged1_7,F13,hour0,F13,91,-0.04583333333333332,-0.025939999999999994,-0.0015512296589966835
purged1_7,F13,hour0,F13,93,-0.16222222222222207,-0.061530555555555505,0.024790910378662216
purged1_7,F13,hour0,F13,94,0.02861111111111111,0.010797777777777778,-0.004426727344181867
purged1_7,F13,hour0,F13,96,0.008333333333333333,0.003321666666666667,-0.001112655213515754
purged1_7,F13,hour0,F13,100,-0.14138888888888887,-0.054000555555555545,0.021235105678206176
purged1_7,F13,hour0,F13,102,-0.04666666666666667,-0.017838333333333335,0.006993869195688223
purged1_7,F13,hour0,F13,104,-0.10666666666666659,-0.03239666666666664,0.024362653399668303
purged1_7,F13,hour0,F13,106,-0.058888888888888866,-0.01787999999999999,0.013455874619955767
purged1_7,F13,hour0,F13,108,0.0016666666666666668,0.0007166666666666667,-0.00017019770936981752
purged1_7,F13,hour0,F13,109,0.15166666666666662,0.049904999999999984,-0.030799658219320045
purged1_7,F13,hour0,F13,110,0.005555555555555553,0.001973333333333333,-0.0009828812534549468
purged1_7,F13,hour0,F13,121,0.0016666666666666668,0.0022583333333333335,0.0013714689572968492
purged1_7,F13,hour0,F13,130,0.06499999999999995,0.05183166666666663,0.017243956001243774
purged1_7,F13,hour0,F13,132,0.01,0.00743,0.002108813743781095
purged1_7,F13,hour0,F13,134,0.0016666666666666668,0.001255,0.00036813562396351585
purged1_7,F13,hour0,F13,159,0.01,0.00628,0.0009588137437810951
purged1_7,F13,hour0,F13,160,0.0033333333333333335,0.00165,-0.00012372875207296833
purged1_7,F13,hour0,F13,211,-0.0016666666666666668,-0.0008733333333333335,1.3531042703150792e-05
purged1_7,F13,hour0,F13,231,0.03833333333333334,0.022156666666666665,0.0017587860178275294
purged1_7,F13,hour0,F47,74,0.0016666666666666668,0.00034666666666666667,-0.0005401977093698176
purged1_7,F13,hour0,F47,97,-0.07166666666666663,-0.043491666666666644,-0.005356498497097844
purged1_7,F13,hour0,F47,99,-0.01666666666666667,-0.010501666666666668,-0.0016330229063018253
purged1_7,F13,hour0,F47,101,0.01,0.006556666666666666,0.001235480410447762
purged1_7,F13,hour0,F47,103,-0.02,-0.01318,-0.002537627487562191
purged1_7,F13,hour0,F47,108,-0.01499999999999997,-0.010279999999999978,-0.002298220615671636
purged1_7,F13,hour0,F47,119,0.25333333333333363,0.21232833333333356,0.07752494817578783
purged1_7,F13,hour0,F47,120,0.013333333333333334,0.005185,-0.0019099150082918731
purged1_7,F13,hour0,F47,122,-0.0016666666666666668,-0.0009916666666666667,-0.00010480229063018247
purged1_7,F13,hour0,F47,123,0.018333333333333333,0.008,-0.0017555081364013258
purged1_7,F13,hour0,F47,124,0.03833333333333334,0.018266666666666667,-0.002131213982172469
purged1_7,F13,hour0,F47,126,0.03333333333333333,0.016438333333333336,-0.00129895418739635
purged1_7,F13,hour0,F47,128,-0.0016666666666666668,-0.0007616666666666668,0.00012519770936981746
purged1_7,F13,hour0,F47,138,0.0016666666666666668,0.002925,0.002038135623963516
purged1_7,F13,hour0,F47,151,0.0016666666666666668,0.002086666666666667,0.0011998022906301825
purged1_7,F13,hour0,F47,209,0.02,0.012830000000000001,0.0021876274875621904
purged1_7,F13,hour0,F47,231,-0.0016666666666666668,-0.003708333333333334,-0.0028214689572968496
purged1_7,F13,hour0,F47,241,0.006666666666666667,0.003885,0.00033754249585406313
purged1_7,F47,daymean,F13,80,-6.944444444444444e-05,-4.173611111111111e-05,-4.783428776257603e-06
purged1_7,F47,daymean,F13,93,0.0009722222222222222,0.00038041666666666665,-0.00013692088602128245
purged1_7,F47,daymean,F13,100,-0.0004166666666666667,-0.00016493055555555556,5.678553845356549e-05
purged1_7,F47,daymean,F13,102,-0.0005555555555555556,-0.0002202777777777778,7.534368090105026e-05
purged1_7,F47,daymean,F13,104,-0.00048611111111111115,-0.0001477777777777778,0.00011089099856619678
purged1_7,F47,daymean,F13,106,-0.0005555555555555556,-0.00017777777777777779,0.00011784368090105027
purged1_7,F47,daymean,F13,109,6.944444444444444e-05,2.5277777777777776e-05,-1.1674904557075729e-05
purged1_7,F47,daymean,F13,110,-0.0002777777777777778,-0.000105,4.281072933941402e-05
purged1_7,F47,daymean,F13,121,0.010208333333333333,0.013663541666666668,0.008231497363443202
purged1_7,F47,daymean,F13,129,-0.0006944444444444445,-0.0005208333333333333,-0.00015130650998479827
purged1_7,F47,daymean,F13,130,0.0004166666666666667,0.00032368055555555557,0.00010196446154643452
purged1_7,F47,daymean,F13,132,-6.944444444444444e-05,-6.791666666666666e-05,-3.0963984331813156e-05
purged1_7,F47,daymean,F13,133,-6.944444444444444e-05,-6.923611111111112e-05,-3.2283428776257605e-05
purged1_7,F47,daymean,F13,135,0.015833333333333335,0.015981111111111113,0.007555899538764512
purged1_7,F47,daymean,F13,137,0.12111111111111109,0.1286579861111111,0.06421250811912659
purged1_7,F47,daymean,F13,139,0.002361111111111111,0.003083888888888889,0.0018274976895038698
purged1_7,F47,daymean,F13,140,6.944444444444444e-05,4.854166666666666e-05,1.1588984331813156e-05
purged1_7,F47,daymean,F13,141,-0.0002777777777777778,-0.00020027777777777776,-5.2467048438363744e-05
purged1_7,F47,daymean,F13,146,0.0010416666666666669,0.0015057638888888892,0.0009514736538660863
purged1_7,F47,daymean,F13,147,-0.0002777777777777778,-0.00010986111111111111,3.7949618228302914e-05
purged1_7,F47,daymean,F13,151,0.01986111111111111,0.033381666666666664,0.022813199518898562
purged1_7,F47,daymean,F13,152,-0.005555555555555554,-0.002492083333333333,0.00046413125345494703
purged1_7,F47,daymean,F13,153,0.0008333333333333333,0.0014038888888888888,0.0009604567008706467
purged1_7,F47,daymean,F13,154,-0.000625,-0.00024243055555555557,9.014358545812604e-05
purged1_7,F47,daymean,F13,155,0.003888888888888889,0.0031164583333333335,0.001047108122581537
purged1_7,F47,daymean,F13,156,-0.04465277777777776,-0.03342895833333332,-0.009668383592022526
purged1_7,F47,daymean,F13,159,-0.052430555555555536,-0.03129965277777776,-0.003400377614963378
purged1_7,F47,daymean,F13,160,0.0008333333333333334,0.00038250000000000003,-6.093218801824208e-05
purged1_7,F47,daymean,F13,161,-6.944444444444444e-05,-3.5833333333333335e-05,1.1193490015201723e-06
purged1_7,F47,daymean,F13,169,-0.0011226851851851853,-0.0009134259259259259,-0.0003160242281791276
purged1_7,F47,daymean,F13,171,-0.015694444444444445,-0.013563819444444444,-0.005212513236767552
purged1_7,F47,daymean,F13,173,-6.944444444444444e-05,-2.8680555555555555e-05,8.272126779297953e-06
purged1_7,F47,daymean,F13,174,-0.0007638888888888889,-0.0007386111111111111,-0.00033213160542772254
purged1_7,F47,daymean,F13,175,0.0011805555555555556,0.0017710416666666669,0.001142846066974157
purged1_7,F47,daymean,F13,176,-0.0004166666666666667,-0.00017090277777777777,5.081331623134327e-05
purged1_7,F47,daymean,F13,177,0.0005555555555555556,0.0005314583333333333,0.00023583687465450527
purged1_7,F47,daymean,F13,213,0.0011805555555555556,0.0003438888888888889,-0.0002843067108036208
purged1_7,F47,daymean,F13,214,0.022916666666666665,0.02231125,0.010116864829498343
purged1_7,F47,daymean,F13,231,-0.0044444444444444444,-0.0026007638888888886,-0.0002357922194582643
purged1_7,F47,daymean,F13,232,-0.00041666666666666664,-0.00031784722222222224,-9.613112821310119e-05
purged1_7,F47,daymean,F13,233,-0.07229166666666666,-0.04532131944444444,-0.006853577133861944
purged1_7,F47,daymean,F13,241,-6.944444444444444e-05,-7.944444444444446e-05,-4.249176210959094e-05
purged1_7,F47,daymean,F13,242,-0.0004861111111111111,-0.00020930555555555557,4.9363220788418996e-05
purged1_7,F47,daymean,F47,97,-0.0022222222222222222,-0.0013150694444444444,-0.00013258360972913218
purged1_7,F47,daymean,F47,99,0.0016666666666666666,0.0010805555555555555,0.0001936911795190714
purged1_7,F47,daymean,F47,103,0.00020833333333333332,0.000145625,3.476695299543947e-05
purged1_7,F47,daymean,F47,108,-0.00020833333333333335,-0.00014625,-3.539195299543948e-05
purged1_7,F47,daymean,F47,109,0.0009027777777777777,0.0002079166666666667,-0.00027246820368642894
purged1_7,F47,daymean,F47,117,0.0076388888888888895,0.007083958333333334,0.003019163276499448
purged1_7,F47,daymean,F47,119,0.0011805555555555556,0.0011250000000000001,0.0004968044003074904
purged1_7,F47,daymean,F47,120,-0.023055555555555555,-0.009467708333333333,0.002800582201838031
purged1_7,F47,daymean,F47,121,0.0008333333333333334,0.0005157638888888888,7.233170087064681e-05
purged1_7,F47,daymean,F47,123,-0.0011805555555555556,-0.0005170833333333334,0.00011111226635917628
purged1_7,F47,daymean,F47,124,-0.004166666666666667,-0.001968888888888889,0.00024827205120232153
purged1_7,F47,daymean,F47,125,0.0002777777777777778,0.000185,3.7189270660585984e-05
purged1_7,F47,daymean,F47,126,-0.0006944444444444445,-0.00034166666666666666,2.7860156681868405e-05
purged1_7,F47,daymean,F47,127,-0.0014583333333333334,-0.0009761111111111111,-0.00020010478207918746
purged1_7,F47,daymean,F47,128,-0.01826388888888889,-0.009021527777777778,0.0006970276762886943
purged1_7,F47,daymean,F47,129,-0.0036111111111111114,-0.0025118055555555553,-0.0005902660741431731
purged1_7,F47,daymean,F47,130,-0.009583333333333333,-0.004620763888888889,0.00047870627332089496
purged1_7,F47,daymean,F47,132,0.008333333333333333,0.021326944444444444,0.016892622564262022
purged1_7,F47,daymean,F47,136,0.0009027777777777778,0.0014713194444444444,0.0009909345740913489
purged1_7,F47,daymean,F47,138,0.006597222222222222,0.011151527777777778,0.007641022955966695
purged1_7,F47,daymean,F47,139,0.16069444444444442,0.26527291666666664,0.17976440974381563
purged1_7,F47,daymean,F47,140,-0.0002777777777777778,-0.00010805555555555556,3.975517378385847e-05
purged1_7,F47,daymean,F47,145,0.10347222222222222,0.22204909722222219,0.16698960054329048
purged1_7,F47,daymean,F47,146,6.944444444444444e-05,4.819444444444444e-05,1.1241762109590934e-05
purged1_7,F47,daymean,F47,147,6.944444444444444e-05,0.00012847222222222223,9.151953988736873e-05
purged1_7,F47,daymean,F47,150,-0.0015972222222222217,-0.0006271527777777776,0.0002227589159238528
purged1_7,F47,daymean,F47,151,0.006736111111111111,0.009382569444444445,0.005798159257963654
purged1_7,F47,daymean,F47,152,-0.005416666666666667,-0.0023770138888888886,0.0005052953332296846
purged1_7,F47,daymean,F47,154,0.019791666666666666,0.031260972222222225,0.020729457756788975
purged1_7,F47,daymean,F47,155,0.0002777777777777778,0.00011916666666666666,-2.8644062672747362e-05
purged1_7,F47,daymean,F47,156,0.002638888888888889,0.002196597222222222,0.000792395293497789
purged1_7,F47,daymean,F47,157,0.014791666666666665,0.017579236111111108,0.009708314773787313
purged1_7,F47,daymean,F47,158,-0.0005555555555555556,-0.00023104166666666667,6.457979201216139e-05
purged1_7,F47,daymean,F47,167,-0.0007638888888888889,-0.0003376388888888889,6.884061679449968e-05
purged1_7,F47,daymean,F47,168,-0.0040625,-0.0032195833333333334,-0.0010578514167444032
purged1_7,F47,daymean,F47,169,-6.944444444444444e-05,-2.7083333333333335e-05,9.869349001520173e-06
purged1_7,F47,daymean,F47,170,-0.24155092592592586,-0.18772726851851845,-0.059193521797119716
purged1_7,F47,daymean,F47,175,-0.00034722222222222224,-0.0001429861111111111,4.177730056315643e-05
purged1_7,F47,daymean,F47,176,0.00125,0.0012168055555555556,0.0005516572735281924
purged1_7,F47,daymean,F47,209,6.944444444444444e-05,4.576388888888889e-05,8.811206554035385e-06
purged1_7,F47,daymean,F47,216,0.0010416666666666667,0.0005731250000000001,1.8834764977197415e-05
purged1_7,F47,daymean,F47,229,-0.003402777777777778,-0.005962916666666667,-0.004152235232258845
purged1_7,F47,daymean,F47,230,-0.0001388888888888889,-6.833333333333333e-05,5.572031336373681e-06
purged1_7,F47,daymean,F47,231,0.14729166666666665,0.30936972222222214,0.2309930829899979
purged1_7,F47,daymean,F47,239,0.019166666666666665,0.008299166666666665,-0.0018997736577529008
purged1_7,F47,daymean,F47,241,0.06951388888888888,0.045343541666666654,0.008353906649478302
purged1_7,F47,daymean,F47,242,-0.2534722222222222,-0.18367402777777778,-0.048796737255562474
purged1_7,F47,daymean,F47,243,0.00020833333333333332,8.527777777777776e-05,-2.5580269226782746e-05
purged1_7,F47,hour0,F13,104,-0.0016666666666666668,-0.0005066666666666667,0.00038019770936981753
purged1_7,F47,hour0,F13,121,0.018333333333333333,0.024030000000000003,0.014274491863598675
purged1_7,F47,hour0,F13,130,0.0033333333333333335,0.0026383333333333337,0.0008646045812603652
purged1_7,F47,hour0,F13,135,0.008333333333333333,0.008076666666666668,0.003642344786484246
purged1_7,F47,hour0,F13,137,0.17166666666666655,0.16518666666666657,0.07383963593490875
purged1_7,F47,hour0,F13,139,0.005,0.005240000000000001,0.002579406871890548
purged1_7,F47,hour0,F13,151,0.030000000000000002,0.05087333333333334,0.03490977456467663
purged1_7,F47,hour0,F13,152,-0.0033333333333333335,-0.0015333333333333336,0.00024039541873963492
purged1_7,F47,hour0,F13,153,0.0016666666666666668,0.002741666666666667,0.001854802290630183
purged1_7,F47,hour0,F13,155,0.0033333333333333335,0.002685,0.0009112712479270317
purged1_7,F47,hour0,F13,156,-0.075,-0.05723,-0.017321103078358213
purged1_7,F47,hour0,F13,159,-0.03999999999999993,-0.025188333333333292,-0.0039035883084577072
purged1_7,F47,hour0,F13,160,0.0016666666666666668,0.000825,-6.186437603648417e-05
purged1_7,F47,hour0,F13,169,-0.0016666666666666668,-0.0013166666666666667,-0.0004298022906301826
purged1_7,F47,hour0,F13,171,-0.011666666666666667,-0.009568333333333333,-0.003360282701077943
purged1_7,F47,hour0,F13,214,0.015,0.012201666666666668,0.00421988728233831
purged1_7,F47,hour0,F13,231,-0.005,-0.002905,-0.00024440687189054735
purged1_7,F47,hour0,F13,233,-0.08833333333333328,-0.05525666666666663,-0.008252854736733001
purged1_7,F47,hour0,F13,242,-0.0025,-0.0010716666666666667,0.0002586298973880596
purged1_7,F47,hour0,F47,97,-0.0033333333333333335,-0.00201,-0.00023627124792703164
purged1_7,F47,hour0,F47,99,0.0016666666666666668,0.0010600000000000002,0.00017313562396351588
purged1_7,F47,hour0,F47,109,0.0016666666666666668,0.0003866666666666667,-0.0005001977093698175
purged1_7,F47,hour0,F47,117,0.005,0.004078333333333333,0.001417740205223881
purged1_7,F47,hour0,F47,120,-0.025,-0.009533333333333333,0.003769632307213929
purged1_7,F47,hour0,F47,124,-0.005,-0.0022483333333333335,0.00041225979477611916
purged1_7,F47,hour0,F47,127,-0.0016666666666666668,-0.00107,-0.00018313562396351588
purged1_7,F47,hour0,F47,128,-0.013333333333333334,-0.0061466666666666675,0.0009482483416252064
purged1_7,F47,hour0,F47,129,-0.0033333333333333335,-0.0023433333333333336,-0.000569604581260365
purged1_7,F47,hour0,F47,130,-0.011666666666666667,-0.005405,0.0008030506322553889
purged1_7,F47,hour0,F47,132,-0.0016666666666666668,-0.005305,-0.004418135623963516
purged1_7,F47,hour0,F47,139,0.26166666666666655,0.42741499999999977,0.2881772929622718
purged1_7,F47,hour0,F47,145,0.043333333333333335,0.09527833333333334,0.07221985955638476
purged1_7,F47,hour0,F47,147,0.0016666666666666668,0.0030833333333333338,0.0021964689572968495
purged1_7,F47,hour0,F47,150,-0.006666666666666667,-0.002735,0.0008124575041459367
purged1_7,F47,hour0,F47,151,0.005,0.005916666666666667,0.0032560735385572144
purged1_7,F47,hour0,F47,152,-0.004166666666666667,-0.0017816666666666666,0.0004354942734245438
purged1_7,F47,hour0,F47,154,0.04,0.06476666666666667,0.043481921641791044
purged1_7,F47,hour0,F47,156,0.0016666666666666668,0.00136,0.0004731356239635158
purged1_7,F47,hour0,F47,157,0.048333333333333325,0.07290999999999999,0.047190933094941954
purged1_7,F47,hour0,F47,158,-0.0016666666666666668,-0.0007016666666666667,0.00018519770936981753
purged1_7,F47,hour0,F47,167,-0.0016666666666666668,-0.0007366666666666667,0.0001501977093698175
purged1_7,F47,hour0,F47,168,-0.0033333333333333335,-0.00247,-0.0006962712479270317
purged1_7,F47,hour0,F47,169,-0.0016666666666666668,-0.0006500000000000001,0.00023686437603648416
purged1_7,F47,hour0,F47,170,-0.20000000000000023,-0.12323500000000014,-0.01681127487562192
purged1_7,F47,hour0,F47,176,0.0016666666666666668,0.0015883333333333333,0.0007014689572968491
purged1_7,F47,hour0,F47,216,-0.0016666666666666668,-0.0008800000000000001,6.864376036484118e-06
purged1_7,F47,hour0,F47,229,-0.006666666666666667,-0.011455,-0.007907542495854064
purged1_7,F47,hour0,F47,231,0.11333333333333329,0.20107499999999992,0.14076822242951903
purged1_7,F47,hour0,F47,239,0.015,0.0065183333333333334,-0.0014634460509950241
purged1_7,F47,hour0,F47,241,0.08,0.047183333333333334,0.004613843283582091
purged1_7,F47,hour0,F47,242,-0.35666666666666663,-0.26222166666666663,-0.07243269019485904
