context,farm,day,level,prediction,true_ec,bias,high_row_weight,high_day_weight,F13_weight,F47_weight,support_rows,support_days,train_global_mean,weighted_co2,weighted_heating,weighted_co2_h0,weighted_heating_h0,co2_missing_weight,heating_missing_weight,weighted_training_day_ec
common_7,F13,98,hour0,0.4076116666666666,0.381,0.02661166666666659,0.0033333333333333335,0.0033333333333333335,0.8950000000000002,0.10499999999999993,77,26,0.5237841105354059,389.53666666666663,29.976666666666667,385.1933333333333,31.566666666666663,0.0,0.0,0.42126291666666654
common_7,F13,98,daymean,0.43384173611111104,0.39937500000000004,0.03446673611111101,0.007291666666666667,0.006875,0.8882986111111111,0.11170138888888888,565,50,0.5237841105354059,399.8895694444444,10.983094907407406,384.52667824074064,29.16743055555555,0.0,0.0,0.43413975597993815
common_7,F13,112,hour0,0.6719333333333337,0.365,0.3069333333333337,0.03166666666666667,0.035,0.4049999999999999,0.5950000000000006,132,44,0.5237841105354059,379.38138888888903,4.9591666666666665,377.8300000000002,7.713333333333334,0.0,0.0,0.711491631944445
common_7,F13,112,daymean,0.6931729861111111,0.39633333333333337,0.29683965277777774,0.0967361111111111,0.06937499999999999,0.4722222222222222,0.5277777777777778,776,66,0.5237841105354059,397.04690277777775,6.8910532407407405,377.0574189814814,8.657407407407408,0.0,0.0,0.706819084683642
common_7,F47,160,hour0,0.6909899999999995,0.705,-0.014010000000000411,0.018333333333333333,0.02,0.09666666666666666,0.9033333333333328,78,34,0.5237841105354059,334.8227777777776,77.28916666666662,328.80166666666656,73.77666666666661,0.0,0.0,0.7264529861111108
common_7,F47,160,daymean,0.7425902777777778,0.6937083333333334,0.04888194444444438,0.03118055555555555,0.02479166666666667,0.1382175925925926,0.8617824074074074,556,56,0.5237841105354059,392.514375,37.6175,334.7257407407408,69.09545138888889,0.0,0.0,0.7390795042438272
common_7,F47,161,hour0,1.234233333333333,0.663,0.571233333333333,0.5416666666666665,0.7199999999999999,0.37749999999999984,0.6225,86,26,0.5237841105354059,420.3658333333333,2.094166666666667,410.80416666666656,1.1575000000000002,0.0,0.0,1.2909040972222219
common_7,F47,161,daymean,1.2304382638888887,0.646,0.5844382638888886,0.5631249999999999,0.6129861111111109,0.3589583333333332,0.6410416666666665,648,66,0.5237841105354059,415.85878472222214,12.772928240740738,406.1748958333333,8.726145833333332,0.0,0.0,1.245493491030092
common_101,F13,98,hour0,0.4065266666666667,0.381,0.025526666666666697,0.0033333333333333335,0.0033333333333333335,0.8999999999999999,0.09999999999999996,81,23,0.5237841105354059,389.6508333333333,31.598333333333326,385.4283333333333,32.684999999999995,0.0,0.0,0.4204180555555554
common_101,F13,98,daymean,0.4269402083333333,0.39937500000000004,0.027565208333333258,0.005625000000000001,0.004930555555555555,0.9012152777777775,0.09878472222222222,567,53,0.5237841105354059,400.447605324074,10.766747685185184,382.75716435185177,29.99836805555555,0.0,0.0,0.4267587374614197
common_101,F13,112,hour0,0.6720950000000001,0.365,0.3070950000000001,0.03666666666666667,0.04,0.4149999999999999,0.5850000000000005,133,41,0.5237841105354059,380.00277777777796,4.615833333333333,379.9441666666669,7.226666666666666,0.0,0.0,0.7064939583333337
common_101,F13,112,daymean,0.6931020833333332,0.39633333333333337,0.29676874999999986,0.09499999999999999,0.08479166666666665,0.4808333333333332,0.5191666666666667,810,70,0.5237841105354059,398.20585763888886,6.564409722222222,378.84481481481475,7.958587962962962,0.0,0.0,0.7054061453510803
common_101,F47,160,hour0,0.6719216666666661,0.705,-0.033078333333333876,0.015000000000000001,0.016666666666666666,0.08000000000000002,0.9199999999999993,83,35,0.5237841105354059,333.77166666666653,77.56527777777771,327.7158333333332,76.97416666666659,0.0,0.0,0.7107224999999995
common_101,F47,160,daymean,0.7235276388888888,0.6937083333333334,0.029819305555555453,0.023125,0.018472222222222223,0.11854166666666667,0.8814583333333332,556,53,0.5237841105354059,393.3002546296296,37.82495949074074,335.9529976851852,70.07458333333332,0.0,0.0,0.7226464535108024
common_101,F47,161,hour0,1.1738616666666668,0.663,0.5108616666666668,0.4883333333333334,0.6633333333333333,0.37333333333333313,0.6266666666666668,80,24,0.5237841105354059,421.56,3.3866666666666667,411.00166666666667,2.2683333333333335,0.0,0.0,1.2299177083333337
common_101,F47,161,daymean,1.1745093749999997,0.646,0.5285093749999997,0.5290277777777777,0.574236111111111,0.37815972222222216,0.6218402777777777,625,65,0.5237841105354059,417.6266782407407,13.233310185185182,405.3758333333333,9.46875,0.0,0.0,1.1843130193865736
common_2024,F13,98,hour0,0.4073899999999999,0.381,0.026389999999999914,0.006666666666666667,0.006666666666666667,0.8883333333333334,0.1116666666666666,88,29,0.5237841105354059,387.7097222222222,31.966111111111104,384.4116666666666,31.76666666666666,0.0,0.0,0.4210591319444444
common_2024,F13,98,daymean,0.42989013888888883,0.39937500000000004,0.030515138888888793,0.010277777777777778,0.009513888888888888,0.8793055555555553,0.12069444444444444,565,57,0.5237841105354059,398.7082604166666,11.196307870370369,382.7613194444444,29.487673611111106,0.0,0.0,0.4296887745949073
common_2024,F13,112,hour0,0.675396666666667,0.365,0.310396666666667,0.028333333333333335,0.03,0.42833333333333323,0.5716666666666672,138,42,0.5237841105354059,380.5922222222224,5.139166666666666,377.08500000000015,6.545,0.0,0.0,0.7135498263888893
common_2024,F13,112,daymean,0.7049265972222222,0.39633333333333337,0.3085932638888888,0.09881944444444443,0.07159722222222221,0.4973958333333333,0.5026041666666667,806,64,0.5237841105354059,398.3288414351852,5.618275462962963,376.3318634259259,7.554351851851852,0.0,0.0,0.715160491415895
common_2024,F47,160,hour0,0.6904616666666665,0.705,-0.01453833333333343,0.018333333333333333,0.018333333333333333,0.11166666666666666,0.8883333333333332,104,37,0.5237841105354059,336.53152777777774,76.4559722222222,332.8466666666666,72.6033333333333,0.0,0.0,0.7278611805555555
common_2024,F47,160,daymean,0.7318857638888889,0.6937083333333334,0.03817743055555556,0.02701388888888889,0.018472222222222223,0.1464236111111111,0.8535763888888888,592,52,0.5237841105354059,392.4661226851852,36.88449652777778,340.26868055555553,67.2571875,0.0,0.0,0.7303575043402777
common_2024,F47,161,hour0,1.2175049999999996,0.663,0.5545049999999996,0.5266666666666666,0.6883333333333332,0.39166666666666644,0.6083333333333333,77,18,0.5237841105354059,418.426111111111,2.5591666666666666,409.08833333333325,1.3633333333333333,0.0,0.0,1.2714486805555554
common_2024,F47,161,daymean,1.1996406944444442,0.646,0.5536406944444442,0.5282638888888889,0.5730555555555554,0.4051388888888889,0.594861111111111,646,64,0.5237841105354059,414.37966435185183,14.82556712962963,404.18348379629623,8.283726851851851,0.0,0.0,1.2102735561342588
purged1_7,F13,98,hour0,0.4512033333333332,0.381,0.07020333333333317,0.0016666666666666668,0.0016666666666666668,0.7466666666666665,0.2533333333333333,108,26,0.5321186256218905,388.14399999999983,31.450611111111098,385.1638888888888,31.043888888888873,0.0,0.0,0.4668691203703702
purged1_7,F13,98,daymean,0.46474284722222214,0.39937500000000004,0.06536784722222211,0.003888888888888889,0.0037500000000000003,0.7708680555555554,0.2291319444444444,651,50,0.5321186256218905,397.8555810185185,13.66514583333333,382.6544675925925,28.4246412037037,0.0,0.0,0.4692240427276234
purged1_7,F13,112,hour0,0.588886666666667,0.365,0.223886666666667,0.005,0.005,0.47666666666666657,0.5233333333333337,134,37,0.5321186256218905,379.74766666666676,5.813833333333333,376.9950000000001,7.895833333333333,0.0,0.0,0.6198798958333335
purged1_7,F13,112,daymean,0.5951533333333332,0.39633333333333337,0.19881999999999983,0.03395833333333333,0.028402777777777777,0.5276388888888888,0.472361111111111,724,61,0.5321186256218905,390.9728854166666,6.836064814814814,375.96225694444433,8.899328703703704,0.0,0.0,0.6111840012538579
purged1_7,F47,160,hour0,0.7019366666666667,0.705,-0.003063333333333307,0.03166666666666667,0.03166666666666667,0.3008333333333331,0.6991666666666668,77,33,0.5321186256218905,337.1155555555556,71.45833333333334,332.3208333333334,65.08500000000001,0.0,0.0,0.7251777777777779
purged1_7,F47,160,daymean,0.7317590972222221,0.6937083333333334,0.03805076388888873,0.03125,0.035694444444444445,0.30949074074074073,0.6905092592592591,516,63,0.5321186256218905,389.3477893518518,34.76020833333333,338.7117361111111,60.55782407407407,6.944444444444444e-05,0.0,0.7294581418788579
purged1_7,F47,161,hour0,1.3135499999999993,0.663,0.6505499999999993,0.5916666666666666,0.7716666666666663,0.3299999999999998,0.6699999999999998,96,28,0.5321186256218905,416.60805555555544,3.139166666666667,410.30333333333317,5.7766666666666655,0.0,0.0,1.3792915972222217
purged1_7,F47,161,daymean,1.3672770138888888,0.646,0.7212770138888888,0.6106944444444444,0.6738888888888888,0.30996527777777777,0.6900347222222222,658,61,0.5321186256218905,411.33759259259256,11.14821759259259,406.80229166666663,11.923541666666665,0.0004861111111111111,0.0,1.3838120008680554
actual0_7,F13,112,hour0,0.6819266666666668,0.365,0.3169266666666668,0.006666666666666667,0.008333333333333333,0.2699999999999999,0.73,118,38,0.5353684796437659,371.98277777777776,4.509166666666666,361.1633333333333,4.371666666666667,0.0,0.0,0.7190433333333333
actual0_7,F13,112,daymean,0.6927539583333333,0.39633333333333337,0.29642062499999994,0.05201388888888889,0.047361111111111104,0.3541319444444444,0.6458680555555555,724,72,0.5353684796437659,392.5407951388888,4.9051736111111115,361.90091435185184,6.063449074074074,0.00020833333333333335,0.0,0.7021905516975309
actual0_7,F47,160,hour0,0.7172133333333337,0.705,0.012213333333333742,0.034999999999999996,0.03666666666666667,0.46333333333333326,0.5366666666666672,89,31,0.5353684796437659,340.0441666666668,77.82500000000003,332.1583333333334,49.901666666666706,0.0,0.0,0.7416638194444447
actual0_7,F47,160,daymean,0.7452931249999999,0.6937083333333334,0.05158479166666652,0.036180555555555556,0.03763888888888889,0.43454861111111104,0.5654513888888888,510,47,0.5353684796437659,388.9054050925925,38.42020833333332,335.84504629629623,48.566851851851844,0.0,0.0,0.7449949030671295
actual1_7,F47,161,hour0,1.3338849999999995,0.663,0.6708849999999995,0.5966666666666663,0.7783333333333331,0.3183333333333332,0.6816666666666664,85,25,0.5312600732600734,418.50194444444435,3.6241666666666674,412.1633333333332,5.128333333333332,0.0,0.0,1.398606527777777
actual1_7,F47,161,daymean,1.4168172916666664,0.646,0.7708172916666663,0.6354861111111109,0.6876388888888887,0.28843749999999996,0.7115624999999999,631,62,0.5312600732600734,410.75619212962954,12.91046296296296,408.3313888888888,12.954930555555553,0.00034722222222222224,0.0,1.4367902734374998
