row_id,sub_temp,sub_ec
F47_183_00,18.77858000198402,0.2804698308474486
F47_183_01,18.386547468112575,0.28062183589979317
F47_183_02,18.475131947191667,0.2744718629627108
F47_183_03,18.237215616818386,0.2729584798732427
F47_183_04,18.091633183422108,0.27583768846757667
F47_183_05,18.253004539617606,0.274901773762356
F47_183_06,18.111234236973598,0.2726497939187199
F47_183_07,17.98470285724495,0.2649630993809771
F47_183_08,18.150761479269274,0.26714436902518063
F47_183_09,19.240583255232114,0.26358442862272674
F47_183_10,20.925775768169874,0.2474901121149
F47_183_11,22.03116914324701,0.24325434427262285
F47_183_12,23.181116500263258,0.24882420126324356
F47_183_13,24.122092399804362,0.2601713310285481
F47_183_14,24.94403322546142,0.2625400098470846
F47_183_15,25.317963687678926,0.27120769216879426
F47_183_16,24.906276176760997,0.29116168680637877
F47_183_17,24.111432539108076,0.2953958575027232
F47_183_18,23.40131456323809,0.2929105929768307
F47_183_19,22.438613705907272,0.29216505147365107
F47_183_20,21.82313913986599,0.29071716772094863
F47_183_21,21.50050537296313,0.28575056774635754
F47_183_22,21.10950329585939,0.2877811791706361
F47_183_23,20.810465171092304,0.28819896805165773
F47_184_00,20.27017110674723,0.2825390072772171
F47_184_01,19.930134383625383,0.2714941702255025
F47_184_02,19.668726924491068,0.2653062761199394
F47_184_03,19.270269015876682,0.26774140941570174
F47_184_04,19.11154976937284,0.2563574568552685
F47_184_05,18.973716364880186,0.25364543130700345
F47_184_06,18.881823646915183,0.25007776607950494
F47_184_07,18.7939766616923,0.21880006659525345
F47_184_08,18.677730740455342,0.23509095851927386
F47_184_09,18.594900821286632,0.2275679879310305
F47_184_10,18.698766554224857,0.2296473428387088
F47_184_11,18.932991722906966,0.23584136349693788
F47_184_12,19.182066899726742,0.24740886913412483
F47_184_13,19.304900779406545,0.25534825379977333
F47_184_14,19.549431905294064,0.2604862467202092
F47_184_15,19.784977695075465,0.2602689119662533
F47_184_16,19.905405281467136,0.24873604220430187
F47_184_17,19.81115053884956,0.2544529509030505
F47_184_18,19.401483276645724,0.2664287017476936
F47_184_19,18.938482227063187,0.2629568357212109
F47_184_20,18.493810927553238,0.26333736840664684
F47_184_21,18.14188483416216,0.25759712929705186
F47_184_22,17.769588121057275,0.26001862493273936
F47_184_23,17.37041658361102,0.25982210465029776
F47_185_00,16.5399862187034,0.2633473669049008
F47_185_01,16.18521920653993,0.2628061124557977
F47_185_02,15.702735751333256,0.26548773720283564
F47_185_03,15.249133711147493,0.2646471218241899
F47_185_04,15.026857128409455,0.26582543290796945
F47_185_05,14.122602010572031,0.25894801552105573
F47_185_06,13.131783803868508,0.236133650364125
F47_185_07,12.665569208841767,0.22817688437718156
F47_185_08,12.510920210532078,0.23081781521378783
F47_185_09,13.06092086661222,0.22114555246772546
F47_185_10,14.79222629392622,0.23524487435751015
F47_185_11,16.906326729649138,0.23803508353526084
F47_185_12,18.390463194089293,0.24450840759464607
F47_185_13,20.24737847381211,0.24560036882841074
F47_185_14,21.558368459677045,0.24482957271331648
F47_185_15,22.610186590300042,0.2324605005669256
F47_185_16,22.409029759848966,0.23482684558560085
F47_185_17,21.447487656750777,0.231186680465585
F47_185_18,20.308270699431862,0.24130551091789076
F47_185_19,19.27928545441572,0.23640724187827536
F47_185_20,18.37553650623004,0.24268261452198833
F47_185_21,17.751392526676284,0.23848980619770901
F47_185_22,17.29705876960168,0.23690209737620352
F47_185_23,16.90727725487371,0.23398541358001548
F47_186_00,16.244348732130522,0.23591332695109646
F47_186_01,15.864851497924422,0.2385318952441053
F47_186_02,15.433987241687072,0.23451998405246913
F47_186_03,15.000175644037745,0.2328519474846624
F47_186_04,14.51816786969988,0.23345436360798813
F47_186_05,13.804346991481061,0.2399789511396104
F47_186_06,13.184850210515625,0.22886483049165682
F47_186_07,12.608133036642386,0.20237293820960045
F47_186_08,12.42922305777329,0.18599328323288464
F47_186_09,12.681992659462415,0.18736331648981444
F47_186_10,13.547833845516946,0.19413199808334994
F47_186_11,14.600097869141244,0.20414696708645516
F47_186_12,15.700221937285484,0.20976078568495735
F47_186_13,17.15956524582397,0.21665610772606828
F47_186_14,17.956835091861688,0.22369211277829223
F47_186_15,18.71832237194553,0.22988451493049034
F47_186_16,19.141686639374623,0.2332312651329015
F47_186_17,18.94452220414335,0.24465282584073844
F47_186_18,18.37087124191645,0.22383900484550812
F47_186_19,17.82948239494952,0.2399477612465604
F47_186_20,17.24978811588937,0.23758041602186875
F47_186_21,16.5688192904009,0.22885347842854506
F47_186_22,16.24005806418488,0.22845437275537475
F47_186_23,15.998343057601689,0.22717006154541822
F47_187_00,16.52312611986271,0.27282630788818546
F47_187_01,16.10051999043307,0.26994273964999516
F47_187_02,15.60217951689887,0.2714372655196147
F47_187_03,15.223300000214573,0.27115507326733124
F47_187_04,14.78410544957156,0.2695047779197377
F47_187_05,14.355532477402816,0.2707022953200231
F47_187_06,13.925877853985234,0.2696386036711833
F47_187_07,13.524907904187868,0.2620999227123838
F47_187_08,13.458568026996963,0.2612490297724298
F47_187_09,14.113486303605521,0.23719286404944795
F47_187_10,16.215547574683246,0.24950339277436617
F47_187_11,17.974077570296863,0.2646644536941243
F47_187_12,19.8727775833234,0.25821513888635506
F47_187_13,21.77899492953814,0.26296571516467754
F47_187_14,22.728730433173748,0.2631834037221428
F47_187_15,23.352136278261323,0.26006023500369096
F47_187_16,23.549153042359062,0.26897696255374187
F47_187_17,23.248887950237343,0.28835409749618585
F47_187_18,22.62659721464523,0.28945259550390884
F47_187_19,21.498990464976206,0.28195985210049285
F47_187_20,20.31867162044909,0.2783486686959185
F47_187_21,19.70105870595536,0.26820901019282545
F47_187_22,18.971530963156237,0.26612540604937995
F47_187_23,18.280109165322152,0.2648797307565239
F47_198_00,13.578579423463665,0.27056981708905226
F47_198_01,12.505155995985263,0.25589362558627166
F47_198_02,11.96462748572982,0.25778324792528406
F47_198_03,11.631929695118068,0.25191780177255346
F47_198_04,11.47002073186171,0.24730476865199857
F47_198_05,11.339975377977602,0.2451105825217539
F47_198_06,11.258505813555189,0.24850528792043527
F47_198_07,11.364256690917104,0.24308331452729215
F47_198_08,11.493190590755825,0.25786511356355024
F47_198_09,11.737720437468477,0.26678155917899643
F47_198_10,13.21530703046794,0.2751274134986981
F47_198_11,15.54369200232287,0.28548862377695194
F47_198_12,17.779696163403248,0.25391535671122717
F47_198_13,19.589860760943537,0.2707296890730436
F47_198_14,21.039801093418156,0.27802909910468204
F47_198_15,22.06304236719507,0.2794356154981685
F47_198_16,22.11687931943894,0.28679363164453725
F47_198_17,21.797942983988975,0.2856553708998871
F47_198_18,20.919660999074527,0.2714254880796315
F47_198_19,19.42133844818672,0.2625924747159837
F47_198_20,18.066693825167132,0.28117512392186705
F47_198_21,16.702240534990334,0.27073679986704685
F47_198_22,15.779189977780787,0.25787868121131996
F47_198_23,15.025101912173405,0.2610023087297666
F47_199_00,12.775537550532784,0.2446267420170133
F47_199_01,12.543490938750997,0.24002581178539387
F47_199_02,12.024993304872126,0.2362944429784081
F47_199_03,11.48899319465432,0.2378715848127891
F47_199_04,11.092240556120158,0.23790781865762797
F47_199_05,11.017824289611418,0.23500069452443306
F47_199_06,10.937082712506355,0.23904927323797046
F47_199_07,11.186331254139942,0.23416069136804482
F47_199_08,11.619033281028058,0.25757334082868183
F47_199_09,11.938482793888292,0.26721462530505863
F47_199_10,13.002908154486272,0.2690951397168233
F47_199_11,14.851793133767963,0.2827166262335743
F47_199_12,16.30472539337411,0.2949461636241742
F47_199_13,17.97043536793813,0.3059743917251368
F47_199_14,19.384270736160953,0.32920366850325333
F47_199_15,20.246106171135217,0.3236150842650675
F47_199_16,21.012379519936605,0.30079656649368086
F47_199_17,21.1372873436155,0.32558004442490285
F47_199_18,20.224489276981828,0.31418223786385674
F47_199_19,19.423647045363904,0.30866704215614194
F47_199_20,18.247085341135552,0.30788612817745337
F47_199_21,17.12194720178147,0.30070987789831066
F47_199_22,16.230344406305743,0.29025976451531044
F47_199_23,15.61798661671637,0.28665422668162965
F47_200_00,14.63995713676327,0.22090833950362618
F47_200_01,14.436366372137686,0.21955276845930713
F47_200_02,14.287500203340434,0.21350489711252507
F47_200_03,13.882944807757239,0.2083555227199035
F47_200_04,13.77912867078379,0.20726784225223338
F47_200_05,13.609193037962363,0.20548756441745938
F47_200_06,13.421329350590229,0.1886475423645891
F47_200_07,13.21034564661246,0.18442566483407316
F47_200_08,13.151515880696266,0.18925637504346424
F47_200_09,13.400277553867712,0.20201542256218233
F47_200_10,14.331202762488997,0.23964565880057342
F47_200_11,15.972768674877832,0.26442447641427164
F47_200_12,18.20054469455685,0.27110875576420884
F47_200_13,20.166274389792747,0.2754563423080946
F47_200_14,21.269933239751964,0.28269265101208124
F47_200_15,21.615519128149305,0.2949471307687312
F47_200_16,21.470147841176317,0.317247728854861
F47_200_17,20.555884988065277,0.27974574767472543
F47_200_18,19.276018947452616,0.2567412718551233
F47_200_19,18.20289023853331,0.2410249731665198
F47_200_20,17.253278455211216,0.22854150525089678
F47_200_21,16.714787052149635,0.22152445814249352
F47_200_22,16.266198568678288,0.22196192134542003
F47_200_23,15.904070313958982,0.221996808933124
F47_201_00,14.430765259810313,0.2981983550254916
F47_201_01,13.966300753679798,0.29614250502826245
F47_201_02,13.742152145257222,0.2998964941187401
F47_201_03,13.238026546631204,0.29022274897155786
F47_201_04,12.80267873886951,0.28107077572500333
F47_201_05,12.548549764757505,0.29098929599409806
F47_201_06,12.45504233660895,0.28175123792436335
F47_201_07,12.818346237267418,0.2691239440606385
F47_201_08,13.10289826552634,0.2836486805626484
F47_201_09,13.253917810751128,0.29891582019387175
F47_201_10,13.830012106737966,0.29176274588127965
F47_201_11,15.382079505887605,0.30988476112509405
F47_201_12,17.023824888684956,0.31606326480996455
F47_201_13,18.838393687806953,0.3294285416406567
F47_201_14,20.043230267483942,0.33506854148906795
F47_201_15,20.9504309679791,0.3506319184369185
F47_201_16,21.47739329173331,0.33986981740438726
F47_201_17,21.087538195338453,0.34143782784648175
F47_201_18,20.31439362766066,0.3380574325331609
F47_201_19,18.79815665967398,0.3182338963696733
F47_201_20,17.31664477087261,0.3098933401667005
F47_201_21,16.009115118368623,0.31055436904976874
F47_201_22,15.212727678754582,0.30722185387271145
F47_201_23,14.455774268510021,0.297401900273892
F47_202_00,13.000142304130577,0.20494356909615952
F47_202_01,12.643350473086983,0.20522723946539187
F47_202_02,12.322808286495677,0.20285383721320924
F47_202_03,12.018838351862833,0.1979584139561217
F47_202_04,11.812326263960083,0.24154655963437077
F47_202_05,11.578179658346832,0.25543585698453897
F47_202_06,11.390985291828757,0.2012185357830363
F47_202_07,11.22324633188934,0.2082971067893408
F47_202_08,11.126063310212713,0.2452983192091619
F47_202_09,11.311406932522381,0.22184955174303791
F47_202_10,12.102172998842995,0.24032394553280403
F47_202_11,12.195452060768828,0.23368888960332934
F47_202_12,12.462166173964777,0.24413935126123829
F47_202_13,12.58838115971446,0.2551965816325136
F47_202_14,13.19119717849209,0.20899756674722395
F47_202_15,13.778310510950435,0.2002244654422991
F47_202_16,13.467870339928233,0.199306387749925
F47_202_17,13.019472567076468,0.1988720712329235
F47_202_18,12.688970700318935,0.2009686579403472
F47_202_19,12.260483969746437,0.19830888964821125
F47_202_20,11.958758815721,0.20046708344986577
F47_202_21,11.675659473563053,0.2049952666468491
F47_202_22,11.408156627342871,0.24456802953971124
F47_202_23,11.31461276113375,0.20809303117246933
F47_203_00,11.447632498591972,0.4255418341256924
F47_203_01,10.929130636061878,0.4394303719576235
F47_203_02,10.59255094086175,0.4594205526560187
F47_203_03,10.321515551016999,0.4610284865677206
F47_203_04,10.066833274935744,0.45599108696726853
F47_203_05,9.766580286206066,0.48254450429629037
F47_203_06,9.753010586429049,0.49561941979006036
F47_203_07,9.678728991090486,0.49778685546609797
F47_203_08,9.866757830246884,0.4082102122867217
F47_203_09,10.052524459769787,0.40081198871982066
F47_203_10,10.401111050759036,0.40712722479329155
F47_203_11,11.43627230822127,0.4083671410303718
F47_203_12,12.564223994712025,0.4408824547511361
F47_203_13,13.434150627249371,0.4380816280309572
F47_203_14,14.219025097962165,0.44896285360410354
F47_203_15,14.972738269465523,0.4866837569103004
F47_203_16,15.106578623409183,0.4334475871048941
F47_203_17,14.669228593848315,0.46767108454753004
F47_203_18,13.69261543292942,0.48041998312584067
F47_203_19,12.768769382964242,0.49576660439220493
F47_203_20,11.951891995157965,0.4877345751749002
F47_203_21,11.64066670004815,0.47538196041731656
F47_203_22,11.219342341824154,0.4859684514671258
F47_203_23,11.024923253496825,0.47717388254487997
F47_204_00,10.836175544297852,0.3328176393637911
F47_204_01,10.670359895690988,0.32297014986081274
F47_204_02,10.479640557728471,0.31053771476703435
F47_204_03,10.411192386163743,0.2993587309290686
F47_204_04,10.33110834370519,0.29869916443241845
F47_204_05,10.246638345160086,0.2986375524351101
F47_204_06,10.191063015938811,0.25861734080572385
F47_204_07,10.096053517462641,0.23364444458455882
F47_204_08,9.967707638659387,0.2114045704814382
F47_204_09,9.86947415464788,0.21425678677098003
F47_204_10,10.318489518313926,0.21454430823057202
F47_204_11,11.31375774957354,0.22087666322272406
F47_204_12,12.667183679008948,0.22921816335229642
F47_204_13,14.151372563367746,0.24653644285416856
F47_204_14,15.610755229226408,0.24774034788783986
F47_204_15,16.54843580527483,0.2459690728852079
F47_204_16,16.67215945858168,0.25361916684860836
F47_204_17,16.31864451621456,0.24043985225743056
F47_204_18,15.397714836918546,0.2338364177831945
F47_204_19,14.827231962639196,0.23442670623871043
F47_204_20,14.032068854238796,0.2307314944045864
F47_204_21,13.51688039624189,0.2276511155315948
F47_204_22,13.133798796642425,0.22505406392188912
F47_204_23,12.928784392627,0.2212650533617602
F47_205_00,11.326364020058845,0.4928076080021144
F47_205_01,10.89859919934314,0.48727774899579374
F47_205_02,10.378621255911234,0.4853983696038746
F47_205_03,10.12094003528138,0.4860344610048177
F47_205_04,9.899948529638925,0.4798723437576748
F47_205_05,9.649882860091935,0.4889371393286097
F47_205_06,9.510130833231774,0.4827446130019204
F47_205_07,9.487117937999656,0.4780956171118495
F47_205_08,9.392363635989355,0.45882187201535257
F47_205_09,9.338073962282493,0.46322024339748075
F47_205_10,9.95460285771311,0.45667018347353777
F47_205_11,11.336692763977622,0.4501594707574706
F47_205_12,12.871341966169963,0.48248803490927256
F47_205_13,14.835491324498143,0.502480638757189
F47_205_14,16.46456270725282,0.5203825818400859
F47_205_15,17.66000820926268,0.5175933619192933
F47_205_16,17.982124565252832,0.5209057866693685
F47_205_17,17.487876631428062,0.527734540063344
F47_205_18,16.54372853416901,0.5270623402468689
F47_205_19,15.520432762963127,0.5182599200721508
F47_205_20,14.434055893804254,0.545813970328996
F47_205_21,13.41936783682757,0.5009517693684328
F47_205_22,12.671371598698459,0.5156373609377883
F47_205_23,12.236708563435378,0.5082967913347
F47_206_00,11.071881809273526,0.4106640075404022
F47_206_01,10.900412153514402,0.4117929292640042
F47_206_02,10.646258241576065,0.44026913034188403
F47_206_03,10.457496698369022,0.43785514815958715
F47_206_04,10.312270262413506,0.44460271316670275
F47_206_05,9.969158156558928,0.457414979645904
F47_206_06,9.865997708702318,0.4610704312746822
F47_206_07,9.846189162425082,0.46552563198207975
F47_206_08,9.557910809508252,0.46856857847687466
F47_206_09,9.398441114676439,0.46710044783895266
F47_206_10,9.619449463851511,0.46245244928622137
F47_206_11,10.314863650213267,0.47070153536341675
F47_206_12,10.935601430703906,0.4791678132966392
F47_206_13,11.448506348215375,0.4844095861621065
F47_206_14,11.712990850030435,0.48398101852750236
F47_206_15,11.66445601120202,0.4915958334840836
F47_206_16,11.572887584833978,0.4916619035788657
F47_206_17,11.356831399053197,0.502396253313744
F47_206_18,11.203351901499813,0.5026495112187795
F47_206_19,10.951034726461232,0.4998903339679008
F47_206_20,10.743922568776844,0.49117676856144393
F47_206_21,10.533073602349855,0.4861886874975023
F47_206_22,10.402418888092079,0.4876250824060073
F47_206_23,10.21855150496488,0.47718473442921794
F47_207_00,10.288987132018464,0.5514555956691282
F47_207_01,10.300596739345687,0.5193759653549066
F47_207_02,10.090192484976264,0.5143104595461727
F47_207_03,9.896507222065628,0.5146797267154545
F47_207_04,9.726845891619297,0.5146286093710398
F47_207_05,9.648947146559925,0.5057060802886576
F47_207_06,9.642350073517067,0.518743054792873
F47_207_07,9.481060028141112,0.5114185654151587
F47_207_08,9.460815104432228,0.5236088691706361
F47_207_09,9.570614996722046,0.4733366016446759
F47_207_10,9.813328007870858,0.4894816440875743
F47_207_11,10.231357056475495,0.50258645355427
F47_207_12,10.837220270105314,0.5163360531399345
F47_207_13,12.213643003975934,0.5156951617403394
F47_207_14,13.981567320034761,0.5387446413272855
F47_207_15,14.95659335225588,0.5773003100640979
F47_207_16,15.66751839704204,0.5776375115218849
F47_207_17,15.60295368787222,0.5884634133483384
F47_207_18,15.17471137840513,0.5942961556570107
F47_207_19,13.981410614963616,0.5842287848342388
F47_207_20,12.824600678195688,0.5902955499431113
F47_207_21,12.260032991005652,0.5861254854124434
F47_207_22,11.914661089959496,0.5728304017664768
F47_207_23,11.417775610508656,0.5769405485578859
F47_218_00,12.08405793893565,0.6141430834784483
F47_218_01,11.512824714553007,0.5992988414398894
F47_218_02,11.14533387270823,0.6061261381612658
F47_218_03,10.901339852177962,0.6013406975140142
F47_218_04,10.76069185640044,0.6012766270838341
F47_218_05,10.449585119654238,0.6040155459129771
F47_218_06,10.392954178486791,0.6077283706374703
F47_218_07,10.37808014411908,0.6042913822085547
F47_218_08,10.296853343496013,0.5954027560777725
F47_218_09,10.260038545036256,0.5990550881455202
F47_218_10,10.207027628623521,0.6143476605654062
F47_218_11,10.340071169885222,0.6341633858249919
F47_218_12,10.747130026240917,0.6364453198025259
F47_218_13,11.045801664635656,0.6404149378596954
F47_218_14,11.327614840022347,0.6500632481401162
F47_218_15,11.493579600560187,0.6442661600753139
F47_218_16,11.605639973786223,0.6505059646028623
F47_218_17,11.338950235256455,0.6652109166453167
F47_218_18,11.038623799481678,0.6649997731338861
F47_218_19,10.749729927025099,0.6662148745122588
F47_218_20,10.289312636051399,0.6582066532493267
F47_218_21,9.943498858410969,0.6600970323061325
F47_218_22,9.518012313566395,0.6467728043481423
F47_218_23,9.351293639727063,0.637370242170782
F47_219_00,8.085483854630814,0.6365387710589759
F47_219_01,7.891631425800411,0.6537015908824152
F47_219_02,7.665234369771354,0.6397813959329081
F47_219_03,7.1591603458243185,0.6402922979373824
F47_219_04,7.0451391475107945,0.6054484561730766
F47_219_05,6.882839509441562,0.6172382973277503
F47_219_06,6.616655603964934,0.6213412409518695
F47_219_07,6.519342968878288,0.6027060986426807
F47_219_08,6.413726577171676,0.5840897959875688
F47_219_09,6.353923432007407,0.6018690459210789
F47_219_10,6.968363157659972,0.6437843024808801
F47_219_11,7.569193089121086,0.6679829429628524
F47_219_12,8.490586841988872,0.6727893829230697
F47_219_13,9.069441077513114,0.6971973827329864
F47_219_14,9.732128397433629,0.7042620608095941
F47_219_15,10.187540043325756,0.7092650753257189
F47_219_16,9.664339754802182,0.7014632365580499
F47_219_17,9.748827577164985,0.6982622793493142
F47_219_18,8.906181102955019,0.689280248199642
F47_219_19,8.530951119415281,0.6879857305184879
F47_219_20,7.935014794055038,0.6564642790227605
F47_219_21,7.672949134309451,0.6755548206774079
F47_219_22,7.514973046205006,0.6374202892478412
F47_219_23,7.340496321262836,0.628035918587961
F47_220_00,6.756163770156323,0.5153471945629226
F47_220_01,6.554731235756043,0.49954651808469763
F47_220_02,6.435321165930993,0.4914535666285575
F47_220_03,6.335866352021806,0.4855434383821615
F47_220_04,6.299032318638063,0.48928882951331
F47_220_05,6.264118260036525,0.48526430799376796
F47_220_06,6.156772917289704,0.4835996112588712
F47_220_07,6.004243224632624,0.4857656804434867
F47_220_08,5.801686695489426,0.48292317831657733
F47_220_09,5.603870440693328,0.48453820346273496
F47_220_10,5.91146959878417,0.4788326795854368
F47_220_11,6.097134161803467,0.4838061683324428
F47_220_12,6.530469845788757,0.5169255432714258
F47_220_13,7.193344743040293,0.5575355074460074
F47_220_14,7.941158849962445,0.5801394596401769
F47_220_15,8.414644408597248,0.5557556211165624
F47_220_16,8.441028054113598,0.5022199173464416
F47_220_17,7.837566239998059,0.5157358462493816
F47_220_18,7.528709401629836,0.536054672912998
F47_220_19,6.991669513530494,0.5218977562504082
F47_220_20,6.507105096838067,0.5159500278375947
F47_220_21,6.457062868562253,0.5056005801439518
F47_220_22,6.343439988995649,0.4978581760037186
F47_220_23,6.186223695623703,0.501132075006349
F47_221_00,7.189469939472132,0.8624310843502278
F47_221_01,7.1343583474609495,0.891094472338736
F47_221_02,7.022905374246032,0.9154546512279788
F47_221_03,6.9847945981589215,0.9124216637043779
F47_221_04,6.850614709814205,0.9104852862223497
F47_221_05,6.752960805474344,0.9044751067122657
F47_221_06,6.668944220719712,0.9056882528838366
F47_221_07,6.533248467102465,0.9151188102038329
F47_221_08,6.294586783048342,0.9231356557566671
F47_221_09,6.505845736298368,0.877371387157102
F47_221_10,6.732677226750501,0.91315961002869
F47_221_11,7.1040716283508685,0.9082269742497009
F47_221_12,7.946368210724807,0.8591859237494411
F47_221_13,8.66852075910788,0.8726109214395495
F47_221_14,9.659488329759842,0.8726993210382034
F47_221_15,10.920066837573295,0.8752213198432112
F47_221_16,11.60028707179476,0.9187225814738506
F47_221_17,11.117419715531575,0.9607444169751008
F47_221_18,10.590099461065556,0.9739891944016756
F47_221_19,9.489788907426316,0.978760549509253
F47_221_20,9.01290720175689,0.968896007908138
F47_221_21,8.349396760182328,0.9548260053988208
F47_221_22,8.049499542771072,0.9309863615541691
F47_221_23,7.90042102543469,0.9291748789686919
F47_222_00,6.678045875340859,0.5069499317890572
F47_222_01,6.326058490539494,0.4744708539305853
F47_222_02,5.827476737863424,0.4718832998431665
F47_222_03,5.719018738101741,0.47326897426311354
F47_222_04,5.631720409769116,0.47877136829511335
F47_222_05,5.4496970324702465,0.4713932170973881
F47_222_06,5.434791149627355,0.47115843783265543
F47_222_07,5.447300381327814,0.4755369534673211
F47_222_08,5.420351179344724,0.4806373112561446
F47_222_09,5.6618342268387645,0.4774767466708134
F47_222_10,6.228893007927264,0.4946020995252854
F47_222_11,6.925760750731595,0.5206697177314535
F47_222_12,8.688747072270637,0.5346749811392778
F47_222_13,10.193710958911362,0.5479039375244429
F47_222_14,10.82680400636531,0.46652427642407285
F47_222_15,11.276567342519678,0.43037448091307096
F47_222_16,10.855589485270556,0.4425180015464793
F47_222_17,10.591170650464136,0.4579722780608706
F47_222_18,10.313873735613896,0.4617064092678956
F47_222_19,9.890674815880569,0.4584191838571849
F47_222_20,9.627457641122405,0.45443222469381245
F47_222_21,9.405135724759068,0.44502307885275755
F47_222_22,9.187552846415244,0.4406690338598542
F47_222_23,8.857410627522379,0.4551041799220695
F47_223_00,7.908583041273457,1.0201817210181647
F47_223_01,7.779169430193195,1.0578332975180624
F47_223_02,7.531136161990915,1.1743677419234644
F47_223_03,7.051812748120464,1.210329994073682
F47_223_04,7.001158131646906,1.2943700961738278
F47_223_05,6.8465805189041005,1.3673885250208209
F47_223_06,6.637018357421053,1.3543490892740886
F47_223_07,6.714389339531118,1.3710278123059503
F47_223_08,6.630548798777332,1.3613711363808374
F47_223_09,6.830090997764437,1.0607932517443148
F47_223_10,7.0953766095958395,1.1124876835231972
F47_223_11,8.59040998290379,1.119623782967032
F47_223_12,10.342916364897151,1.23230955031013
F47_223_13,11.508863223524152,1.2151096368964394
F47_223_14,12.963686187227575,1.2407215579926696
F47_223_15,13.678104897722099,1.3849925257671243
F47_223_16,13.698656394554506,1.4026978136215265
F47_223_17,13.103990977234963,1.4092199774356535
F47_223_18,12.53297138539545,1.374783258322467
F47_223_19,11.70990691495278,1.3846215418502386
F47_223_20,11.441780634155814,1.378555892142699
F47_223_21,11.196164649520668,1.3459071907983138
F47_223_22,11.016389782095702,1.32991727842355
F47_223_23,10.839449652323033,1.3322751880831836
F47_224_00,9.387890517836253,0.5436603510650799
F47_224_01,9.1758757364015,0.4955027954880527
F47_224_02,8.645761544750934,0.4863385489527052
F47_224_03,8.269531679576472,0.48246942008771665
F47_224_04,8.016659239051519,0.4818663217284302
F47_224_05,7.857602390308139,0.482427188587559
F47_224_06,7.87415694234588,0.48071679063603323
F47_224_07,7.788371442494697,0.47980947973744487
F47_224_08,7.742528042958138,0.47891111700167155
F47_224_09,7.624599224742293,0.4823268306247719
F47_224_10,8.115756096470314,0.5024058564338956
F47_224_11,8.80230102281466,0.531898898435565
F47_224_12,9.726825370773954,0.5486594727798653
F47_224_13,11.426722355392869,0.6195317830918451
F47_224_14,12.50768457294315,0.5808647895959845
F47_224_15,13.185749572968112,0.49700032387628307
F47_224_16,13.261299470373203,0.5750247790950104
F47_224_17,12.883952048086284,0.47409316563935505
F47_224_18,12.573202781489902,0.47324800197260714
F47_224_19,12.251966335138986,0.46866024821236446
F47_224_20,11.842970741247584,0.4780076913014235
F47_224_21,11.46859641688764,0.47659685243151073
F47_224_22,11.041493236448867,0.4673192716051562
F47_224_23,10.527115058236632,0.4751937339106436
F47_225_00,11.629545842580926,1.3871599130962693
F47_225_01,11.111855200807854,1.4473093119331812
F47_225_02,10.89855561703748,1.5610404456257267
F47_225_03,10.713910765100252,1.5568555487201678
F47_225_04,10.354586498229457,1.5658254536835845
F47_225_05,10.129581083989363,1.6279276282631054
F47_225_06,10.114774539724197,1.6104918898949963
F47_225_07,9.992717774802646,1.6018871990324122
F47_225_08,9.731744759986514,1.6019041604991109
F47_225_09,9.652365058605765,1.1787196609905575
F47_225_10,9.875381341397677,1.2878537542120136
F47_225_11,10.624719977475023,1.279048400160624
F47_225_12,11.878421734420519,1.4271373748661056
F47_225_13,13.383885186879196,1.446623860209809
F47_225_14,14.547342755704648,1.507955986268606
F47_225_15,15.444855897413964,1.6519961926760913
F47_225_16,15.675629468749802,1.6895255584753446
F47_225_17,15.409878787691179,1.7726222961376579
F47_225_18,14.550200944650094,1.7688018348081023
F47_225_19,13.848943148464466,1.7803337999184123
F47_225_20,13.050006757162128,1.7590040570108598
F47_225_21,12.320940497212115,1.7212920254191875
F47_225_22,12.105923889852768,1.7270896448172273
F47_225_23,11.363406188174684,1.7230002169641898
F47_226_00,9.71588595159029,0.5993403237978904
F47_226_01,8.543475868954577,0.551244807779607
F47_226_02,8.031879397726252,0.539680378771583
F47_226_03,7.710986499687345,0.5451300101404657
F47_226_04,7.593179836186189,0.5414542212556478
F47_226_05,7.364385851177626,0.5445858677126364
F47_226_06,7.278290966104488,0.5482537386977296
F47_226_07,7.061487227926727,0.5458427919860179
F47_226_08,6.895125273089632,0.5444592985958642
F47_226_09,7.083972748947628,0.539008101268933
F47_226_10,8.022349002681032,0.5349233582780109
F47_226_11,8.956604403397742,0.6204694728012793
F47_226_12,10.257383572736115,0.646694087175156
F47_226_13,11.718096083537347,0.6829244412439665
F47_226_14,12.878066177446916,0.6566788066005763
F47_226_15,13.640416549504538,0.6440367888037822
F47_226_16,13.788992302175679,0.5974459227361377
F47_226_17,13.52697660327305,0.5269260483897619
F47_226_18,12.983059689394358,0.5432841905873232
F47_226_19,12.468712970328893,0.5532441771864681
F47_226_20,11.977887349275584,0.5663596239388045
F47_226_21,11.559907148958564,0.5674757469886106
F47_226_22,10.690341188376445,0.5602663411575399
F47_226_23,10.252683344862794,0.5549893521308423
F47_227_00,9.652627701123842,1.3119100505132628
F47_227_01,8.728370419164493,1.367307369359789
F47_227_02,8.444768380720872,1.51048398055399
F47_227_03,8.244790046108152,1.5098188324914465
F47_227_04,8.10943265043136,1.5089997426956128
F47_227_05,7.619071395892527,1.6172838321207035
F47_227_06,7.447013569908431,1.617620399389004
F47_227_07,7.470365176208694,1.609970943188159
F47_227_08,7.553806837439207,1.5981775506376061
F47_227_09,7.6618116952804725,1.4968582493696523
F47_227_10,8.595293627954096,1.5647303564507817
F47_227_11,9.435359217649486,1.567344177465418
F47_227_12,10.54322465257946,1.5616154533803706
F47_227_13,11.57477352860589,1.5676284913948841
F47_227_14,12.955958392205723,1.5947212032029972
F47_227_15,14.019367365930991,1.626327545435755
F47_227_16,14.272570299560266,1.6582652842945687
F47_227_17,14.386231355462582,1.7396397979361533
F47_227_18,13.693872255168566,1.7201340112739272
F47_227_19,13.153572909255344,1.7229735805324975
F47_227_20,12.723294594733238,1.7246983810497893
F47_227_21,12.059896029841935,1.7147511143912813
F47_227_22,11.41911108750613,1.6978721268472743
F47_227_23,11.07640260931094,1.690509214745943
F47_233_00,11.789278909082725,1.3161625191507387
F47_233_01,11.226550540130829,1.0920579843974887
F47_233_02,11.051943832012078,1.2302968771940854
F47_233_03,10.878133122070993,1.1636823861252075
F47_233_04,10.652781476053427,0.982047280807143
F47_233_05,10.276333448480724,0.8995916785583211
F47_233_06,9.825887281444986,0.9010009557059698
F47_233_07,9.72100546165216,0.8969041818915846
F47_233_08,9.771038296095638,0.9759319856075567
F47_233_09,10.051013045096015,0.8876926794118534
F47_233_10,10.804464644063671,1.0491258941211241
F47_233_11,11.954646318760163,0.958751020510781
F47_233_12,13.437255700001225,1.038576669270705
F47_233_13,14.829365104889954,1.0301748292803306
F47_233_14,16.15689562984504,1.040101380924614
F47_233_15,16.941561190259787,1.1941602223765566
F47_233_16,16.969872405818247,1.2248249994649805
F47_233_17,16.46315262432198,0.8695136329256853
F47_233_18,15.316692078170535,0.8546112686662632
F47_233_19,14.422627288784952,0.8627839635752484
F47_233_20,13.309938556008051,0.8632985046750353
F47_233_21,12.522166035367546,0.8627171712360217
F47_233_22,11.643881242477283,0.8630980618355236
F47_233_23,10.99335352699334,0.8652975204759955
F47_234_00,11.249840169432813,0.8122735136341279
F47_234_01,11.338817350339388,0.8242876051615351
F47_234_02,11.050148089161956,0.8459494988260139
F47_234_03,10.875408274343465,0.836648793215702
F47_234_04,10.727316818121656,0.8797917554747375
F47_234_05,10.671170386174994,0.8814198949800311
F47_234_06,10.783740397273213,0.8786231337400784
F47_234_07,10.801916118153892,0.8496644360764877
F47_234_08,11.041059687120446,0.8315799398096547
F47_234_09,11.330466714378817,0.8525956667416762
F47_234_10,11.591208026520968,0.8513261315951323
F47_234_11,12.471935780286172,0.8435623796473092
F47_234_12,13.99871218492679,0.8560343985692936
F47_234_13,15.099102860138293,0.8680537639706029
F47_234_14,16.061580630941346,0.8613867950204703
F47_234_15,16.62160070183529,0.8864769597694665
F47_234_16,16.783286182212937,0.8965347728267062
F47_234_17,16.3723384039651,0.95412949112976
F47_234_18,16.010359808158203,0.9545872677623567
F47_234_19,15.709462588152748,0.9725400202703401
F47_234_20,15.828251119106477,0.9414487835685063
F47_234_21,15.790532236598827,0.9263755870413716
F47_234_22,15.745766891545017,0.9353607338664961
F47_234_23,15.565099996599473,0.9092243069490946
F47_235_00,12.934642331770336,1.1377027958884385
F47_235_01,12.393333439535814,1.123106670309511
F47_235_02,11.686739522742554,1.185969308423095
F47_235_03,11.364312827876004,1.1868624632554765
F47_235_04,11.195521850639466,1.167238001602687
F47_235_05,10.846435188047531,1.2088252939920172
F47_235_06,10.64035304970137,1.2313826952137623
F47_235_07,10.71044935967104,1.2404437530165515
F47_235_08,10.674328978701192,1.2267101649132142
F47_235_09,10.405358469763078,1.1968260815295768
F47_235_10,10.485717743000299,1.1702671465855634
F47_235_11,11.027036172147751,1.196152045324825
F47_235_12,11.947272652108659,1.2323957202328446
F47_235_13,12.733884790653027,1.2398571533423866
F47_235_14,13.665900131245666,1.27996085348813
F47_235_15,14.416371547529641,1.3121658265338654
F47_235_16,14.875525733059918,1.312283052110183
F47_235_17,14.723344007177431,1.3485324344810914
F47_235_18,14.563487167240972,1.3467868713975424
F47_235_19,14.301776897958453,1.3471943393647932
F47_235_20,14.232343034458841,1.3340723910662142
F47_235_21,13.943776127260074,1.3223719100460194
F47_235_22,13.809968549384223,1.314956694990024
F47_235_23,14.071198639473765,1.2785287799513942
F47_236_00,13.605953982654853,0.7185879141508096
F47_236_01,13.362790726939531,0.7029878822231271
F47_236_02,12.839762863553817,0.6941975164473407
F47_236_03,12.444302337715014,0.7093158762027766
F47_236_04,12.02232059749366,0.6974271551429205
F47_236_05,11.50801035143445,0.7058023538970484
F47_236_06,11.185577988920246,0.7002810843828758
F47_236_07,10.956435692743469,0.7049548649027731
F47_236_08,10.716358841493191,0.6934519930479767
F47_236_09,10.785856891096705,0.6806965379184157
F47_236_10,11.25581915070664,0.6983010679474148
F47_236_11,12.987589888104111,0.7071651087951348
F47_236_12,15.048933256269159,0.6872512548064513
F47_236_13,17.03032860563875,0.6862017172339138
F47_236_14,18.281867480002987,0.7371858653876324
F47_236_15,18.498948336021304,0.7691928794223659
F47_236_16,18.438519568207525,0.8116107757693798
F47_236_17,17.946019474448544,0.8364024317982021
F47_236_18,17.29701596237962,0.8188063530031723
F47_236_19,16.739429330600455,0.8412366698372842
F47_236_20,16.490675759696952,0.8234777594136612
F47_236_21,16.349569713414333,0.8302796678642115
F47_236_22,16.25782047113182,0.8171410730426037
F47_236_23,16.236955200326634,0.7833476163102713
F47_237_00,16.166218298069435,0.9366067396547092
F47_237_01,15.833371890880953,0.9156137718026304
F47_237_02,15.458365078641101,0.8904783868157534
F47_237_03,14.904608162695332,0.872204542313843
F47_237_04,14.779175701591669,0.8362300676068842
F47_237_05,14.57455628826154,0.8342911381714004
F47_237_06,14.471981435475483,0.8506384548271546
F47_237_07,14.478746069363408,0.8392035364088222
F47_237_08,14.392568643581917,0.853364288670191
F47_237_09,14.273182883864992,0.8388890379296186
F47_237_10,14.27143127208656,0.87896548385952
F47_237_11,14.466440404050182,0.8713016485890281
F47_237_12,15.248231926724971,0.8991827586074854
F47_237_13,16.517102323658943,0.8848580779242421
F47_237_14,18.13867285348762,0.8905192213429703
F47_237_15,19.98924151010466,0.9233250302610708
F47_237_16,21.061511413669017,1.0354429149107434
F47_237_17,21.455652968820377,1.0752429740028164
F47_237_18,20.982851462934832,1.0914761752167133
F47_237_19,20.0810655226131,1.1016744205583155
F47_237_20,18.913700641882055,1.0675108404162865
F47_237_21,17.823334168441214,1.0478631318503158
F47_237_22,17.177194717464484,1.0163810929034134
F47_237_23,16.723599346517023,0.9660813576741156
F13_185_00,17.831598250670858,0.3974330365427297
F13_185_01,17.517903394920094,0.3951525587771087
F13_185_02,17.460329784070233,0.3880877692699713
F13_185_03,17.118948075554542,0.3873833345196853
F13_185_04,16.90753309265926,0.38376385224162424
F13_185_05,16.8216337153648,0.37794453434232206
F13_185_06,16.691418597533534,0.3735903679728932
F13_185_07,16.529408180103996,0.37202610751952053
F13_185_08,16.989000785921302,0.3833386142649593
F13_185_09,18.427654191228125,0.382068925436669
F13_185_10,20.26942439466039,0.3620914088456782
F13_185_11,21.833433683854437,0.3684674112671933
F13_185_12,23.09701212708075,0.35504047446604775
F13_185_13,24.04276721922973,0.3698243843069197
F13_185_14,24.733177317283793,0.3660774316460247
F13_185_15,25.13018357262436,0.36823971090020696
F13_185_16,25.18656873258656,0.37238963113942325
F13_185_17,24.676896975536835,0.39670617622059234
F13_185_18,23.950472080267883,0.4022464303575462
F13_185_19,23.529764327817134,0.3977049158004822
F13_185_20,22.742082592827746,0.39288618299040984
F13_185_21,22.10485315495534,0.38655044714855175
F13_185_22,21.619636271585346,0.38746910847585275
F13_185_23,21.11674811589151,0.39076284330373445
F13_186_00,18.77631650583852,0.3633857340615654
F13_186_01,18.53588931716057,0.3619527876621174
F13_186_02,17.68816533842497,0.3594670471566519
F13_186_03,16.766965970620173,0.35751037662474244
F13_186_04,16.26309131762363,0.3587236909369249
F13_186_05,15.46406537466808,0.35897638962911177
F13_186_06,14.793094940496964,0.3131155235223572
F13_186_07,13.986540637026664,0.31026333215298324
F13_186_08,13.738849601891182,0.29997289299341906
F13_186_09,14.710240507137124,0.3182251712703072
F13_186_10,16.224886203201482,0.3107386802442827
F13_186_11,18.285131502881725,0.3211429910081642
F13_186_12,20.08754323049825,0.35056356335139705
F13_186_13,21.642433270813555,0.3595661855810868
F13_186_14,22.787761153506068,0.353432976370812
F13_186_15,23.518663182394558,0.31848490446568445
F13_186_16,23.78966605405878,0.30595739297530883
F13_186_17,23.296354970759037,0.2956736028882298
F13_186_18,22.17886410395552,0.29589894383013676
F13_186_19,20.643737219729992,0.29186690464632925
F13_186_20,19.650373138651744,0.289742953267129
F13_186_21,18.754222395268766,0.2825453022827366
F13_186_22,18.093612157975482,0.3034391638805772
F13_186_23,17.597477444881292,0.31473316370303234
F13_187_00,16.068282515579533,0.3314553037297807
F13_187_01,15.796497008471555,0.3336235711322805
F13_187_02,15.121771480874903,0.3274422243921788
F13_187_03,14.570585764500725,0.32860095535513195
F13_187_04,13.839985461464686,0.3276809960306163
F13_187_05,13.08082877502718,0.3267793647476874
F13_187_06,12.346174854279873,0.26378952359544633
F13_187_07,11.858546772590877,0.24254753386987762
F13_187_08,11.73022420824026,0.2282956883622602
F13_187_09,12.576638199609086,0.222214570339859
F13_187_10,14.42093079712277,0.2227419624877126
F13_187_11,16.61035876359868,0.2351825989762655
F13_187_12,18.69197997702013,0.2533584819301523
F13_187_13,20.799056456810458,0.26084473419960585
F13_187_14,22.02598781619555,0.2618361167303198
F13_187_15,22.85024138069841,0.2666394403704588
F13_187_16,23.372501073464388,0.2824762411263864
F13_187_17,23.63951053284612,0.2874883647079502
F13_187_18,23.380592071365555,0.2708158214669611
F13_187_19,22.56305758234633,0.27908859408986325
F13_187_20,21.442565628155638,0.27756464727952307
F13_187_21,20.33599788913914,0.28427451718790264
F13_187_22,19.573676652123755,0.27714933841113776
F13_187_23,18.809961574007147,0.2869756873542169
F13_188_00,17.385372885951835,0.35287982007280494
F13_188_01,16.8911859376923,0.35419123842756584
F13_188_02,16.528092865316744,0.3555232125654208
F13_188_03,16.141933927803198,0.3527840944047744
F13_188_04,15.836279971590892,0.3571305977430285
F13_188_05,15.338756393224172,0.3584050299054549
F13_188_06,14.937680967836107,0.3175350281265971
F13_188_07,14.537922897436781,0.2730221266943816
F13_188_08,14.58918331545612,0.2645918916796458
F13_188_09,15.114835275990748,0.23172768048654224
F13_188_10,16.382201177102605,0.23987664148281293
F13_188_11,18.338849929026228,0.2648567031783691
F13_188_12,20.266471515642856,0.26851716543158605
F13_188_13,21.378870941086404,0.2722111865399656
F13_188_14,22.24309241766657,0.2785499338339759
F13_188_15,23.11031892345117,0.27823196779271603
F13_188_16,23.724006227611536,0.29080037438985357
F13_188_17,23.401559417312942,0.2848587915364479
F13_188_18,22.669019037826626,0.2818180080891446
F13_188_19,21.578698663729913,0.2879814415848932
F13_188_20,20.40555086106201,0.3086803429171064
F13_188_21,19.537569877482966,0.3087702639977756
F13_188_22,18.746633569462052,0.3055256073785374
F13_188_23,17.74107083396645,0.31576782522656094
F13_189_00,16.484107878032223,0.3702507332375304
F13_189_01,16.06860219989136,0.370522139750483
F13_189_02,15.772994584953166,0.36590638192474684
F13_189_03,15.287787575112711,0.36059209734272873
F13_189_04,14.941961850403624,0.36215060717310377
F13_189_05,14.661966829940384,0.36012421533520195
F13_189_06,14.2072953093581,0.3613841905290756
F13_189_07,13.792259269507412,0.3700180067056121
F13_189_08,13.857193296242068,0.3649496987732939
F13_189_09,14.662872711853096,0.38102383107804805
F13_189_10,16.54106001648714,0.3616022586598597
F13_189_11,18.480914718993052,0.34599465614284125
F13_189_12,20.1280474716851,0.3504965455708249
F13_189_13,21.32897139919231,0.36931285217337756
F13_189_14,22.228528827150928,0.3738193352589025
F13_189_15,22.934346899762076,0.36892386519679304
F13_189_16,23.431422902870082,0.36333374895571713
F13_189_17,23.21474928117385,0.38979782149504155
F13_189_18,22.251059465557386,0.40572895623055727
F13_189_19,21.165479498099014,0.3852268072722968
F13_189_20,19.9356249601738,0.3623696161579686
F13_189_21,19.050967474752042,0.3694842713676863
F13_189_22,18.327276192079808,0.37083762684322896
F13_189_23,17.639247450569442,0.3418077182816403
F13_200_00,12.721457407594173,0.38511268501891954
F13_200_01,11.80639522096488,0.4151333844947778
F13_200_02,11.280369929062196,0.41805247833518694
F13_200_03,10.991358208788105,0.41612738853657705
F13_200_04,10.926535594526745,0.4145264544541267
F13_200_05,10.652047295627185,0.4130663612887407
F13_200_06,10.435683533725582,0.4156769732974297
F13_200_07,10.058515066494817,0.41805001914697676
F13_200_08,9.960505908169319,0.4214054565472219
F13_200_09,10.323097370433777,0.4231649054212839
F13_200_10,11.7452607507218,0.4297321640733725
F13_200_11,12.943835195359123,0.44023333135715564
F13_200_12,14.352955801108436,0.453704535304886
F13_200_13,16.062861035894223,0.46077071492013055
F13_200_14,17.516161303191502,0.47588741567766096
F13_200_15,18.241420664646515,0.4758019560857279
F13_200_16,18.563991253826313,0.48307528538089856
F13_200_17,18.322585720182058,0.4883863387895016
F13_200_18,17.653610594533106,0.48655704557751034
F13_200_19,16.728671633901165,0.483749285460697
F13_200_20,15.938301517669876,0.478052403694448
F13_200_21,15.404147808977205,0.47121057217113727
F13_200_22,14.74144038325278,0.46639672367640445
F13_200_23,14.085485559677075,0.4559465142883999
F13_201_00,12.655511519376924,0.44805516707761645
F13_201_01,12.211871615844194,0.44305204362286377
F13_201_02,11.655849673332462,0.43953413846040945
F13_201_03,11.28272397638323,0.4377626147608584
F13_201_04,10.966120965571774,0.4375745900709073
F13_201_05,10.702428389731898,0.43613270989722014
F13_201_06,10.343441429632053,0.4348775104601447
F13_201_07,9.890121019536652,0.43295559334955386
F13_201_08,9.683646908960784,0.43260930512069873
F13_201_09,9.990595371920802,0.4217732647340555
F13_201_10,11.61199089119585,0.3901349787337333
F13_201_11,13.722120777642601,0.39967551461480766
F13_201_12,15.593378435832088,0.39832923408038506
F13_201_13,16.91439303059466,0.44870717740097676
F13_201_14,18.153889676427337,0.4566040212734566
F13_201_15,18.915161999506637,0.4818682820752695
F13_201_16,19.066887987356633,0.5231972989166586
F13_201_17,18.648485799492565,0.5219304106448575
F13_201_18,17.857996923372188,0.5280001143840519
F13_201_19,16.990979555907572,0.5250903135060919
F13_201_20,16.01019921878711,0.5175280803956707
F13_201_21,15.320516829352256,0.5036295247153474
F13_201_22,14.441132922120012,0.4812819283312913
F13_201_23,13.680486013043689,0.46550541370758863
F13_202_00,15.126423295069003,0.4450564760365481
F13_202_01,14.835495375909664,0.4397984141547946
F13_202_02,14.717240743454367,0.4374719931764178
F13_202_03,14.482751607553936,0.43488360611443433
F13_202_04,14.191159759990365,0.43815011924195674
F13_202_05,13.873833238141989,0.4369377117500386
F13_202_06,13.103099908004184,0.43032971219502764
F13_202_07,12.808364513319857,0.41788426236710946
F13_202_08,12.539140394989161,0.3455693081105778
F13_202_09,12.605120343899278,0.37703590667394415
F13_202_10,13.01038442061541,0.35940317188733956
F13_202_11,13.826909817964776,0.407156531303769
F13_202_12,14.770074043346208,0.4352008595116312
F13_202_13,15.433515663863282,0.44207912738068506
F13_202_14,15.875588872688667,0.46548287266297983
F13_202_15,15.842500454990997,0.49325890496554975
F13_202_16,15.21433082772718,0.5087044333285836
F13_202_17,14.454083475812064,0.4647193469334549
F13_202_18,13.619558580240499,0.4727710689109597
F13_202_19,13.002535305262901,0.48913197501998446
F13_202_20,12.563063241213706,0.4867703472833511
F13_202_21,12.174095140445969,0.4776389270658323
F13_202_22,11.942042702036611,0.49053274012210246
F13_202_23,11.637523631699706,0.4860502497980705
F13_203_00,11.58970735781662,0.5301039145910935
F13_203_01,11.081585560240631,0.5314856998694613
F13_203_02,10.935670902157307,0.5281278001204511
F13_203_03,10.79424238153917,0.5194309976627919
F13_203_04,10.637875989555747,0.5196285746503942
F13_203_05,10.484520318278793,0.5208338816274463
F13_203_06,10.343308558072758,0.5199683515983949
F13_203_07,10.580254034280147,0.5194863554905639
F13_203_08,10.829849842969034,0.43884068693576833
F13_203_09,11.156578939813363,0.45817289545332684
F13_203_10,12.17840709662489,0.47326137733299384
F13_203_11,13.704753736066932,0.4935576796924595
F13_203_12,15.37554452699714,0.5204874048298703
F13_203_13,16.45471940638802,0.5254718934266163
F13_203_14,17.24013384102013,0.5318128307710575
F13_203_15,17.622107210314145,0.5436702004900081
F13_203_16,17.40577868465795,0.5367940943927006
F13_203_17,16.710104865240805,0.5177357049418153
F13_203_18,15.847219066067867,0.5351004965108913
F13_203_19,14.756236651148676,0.5403583658355132
F13_203_20,13.825937621054946,0.5421189064882955
F13_203_21,13.216321379959709,0.5332142605232596
F13_203_22,12.706926117142395,0.528940410440364
F13_203_23,12.147182969069696,0.5335257140862777
F13_204_00,11.558537016294624,0.5563286748106645
F13_204_01,11.111704782602585,0.5602204117860075
F13_204_02,10.720446052859351,0.5610366857956327
F13_204_03,10.373412517466027,0.5607859013058635
F13_204_04,10.006951597645509,0.5613379515158169
F13_204_05,9.764926994927846,0.5647858947301789
F13_204_06,9.249221249204417,0.5630090730292211
F13_204_07,8.817258571222437,0.5523362065090455
F13_204_08,8.647023667104776,0.5655806320248234
F13_204_09,8.983829723318236,0.5548177416400085
F13_204_10,9.483171921525184,0.5425943426728037
F13_204_11,10.906702589681815,0.5493855907014003
F13_204_12,12.134087016550822,0.5627335411088205
F13_204_13,13.804470181395176,0.5561099338976591
F13_204_14,15.377792691235454,0.5490734768741841
F13_204_15,16.441844660470178,0.551306592346175
F13_204_16,16.55123925483756,0.5469945261606025
F13_204_17,16.3635022016676,0.546930963013446
F13_204_18,15.576194916258288,0.5492278331772699
F13_204_19,14.755816135331107,0.5545424968211877
F13_204_20,14.194118493448132,0.5540289683698378
F13_204_21,13.282619645077704,0.5473210020776226
F13_204_22,12.476555983538097,0.544179686807478
F13_204_23,11.713008941126546,0.5444182216610209
F13_205_00,11.391644702678436,0.707457774498104
F13_205_01,11.02144707774916,0.709126364108768
F13_205_02,10.68445256033339,0.7069964916187109
F13_205_03,10.414180871851835,0.706256142051492
F13_205_04,10.307060684461264,0.70309745687392
F13_205_05,10.185150151096275,0.7021610816757603
F13_205_06,10.106471034659497,0.6988133791428871
F13_205_07,10.146020999399541,0.7086999867219075
F13_205_08,10.217337495359326,0.7231598500941064
F13_205_09,10.496348845992893,0.7357209129292305
F13_205_10,11.419742558600547,0.7411014814058129
F13_205_11,11.833700256222812,0.7500765635710375
F13_205_12,11.902734501980193,0.7666239978272084
F13_205_13,12.33605584633804,0.7673238532521758
F13_205_14,13.212749349443493,0.7780256531304722
F13_205_15,14.17413484558543,0.7915722064572774
F13_205_16,14.338504773257254,0.8081508295503391
F13_205_17,14.08990277841581,0.8044268486577688
F13_205_18,13.664634630616467,0.8042210339853514
F13_205_19,13.014773309944713,0.8032316119180424
F13_205_20,12.470116197290809,0.7949465187958591
F13_205_21,11.86595734456409,0.7834049236493049
F13_205_22,11.519283618742222,0.7798469356561021
F13_205_23,11.163712270779678,0.7748323921914547
F13_206_00,11.165196881123618,0.5865967554918944
F13_206_01,10.855460884853237,0.5873450503593447
F13_206_02,10.595473258063015,0.5876677179878227
F13_206_03,10.327184853713568,0.5905713302053418
F13_206_04,10.162556897246834,0.5886554540479084
F13_206_05,9.969763851307782,0.5880854194153662
F13_206_06,9.955659816611208,0.5910629819467771
F13_206_07,9.934112606018429,0.5863615170571657
F13_206_08,9.749685129555216,0.5910803156463282
F13_206_09,9.542631908483372,0.591813930435237
F13_206_10,10.155184006559944,0.5926869470643642
F13_206_11,11.783004952892474,0.6088445938908745
F13_206_12,13.660956101634232,0.6140306972058289
F13_206_13,15.270339284950799,0.6312876091526403
F13_206_14,16.211127007590566,0.6715112112328816
F13_206_15,17.04316526999465,0.6828511639329654
F13_206_16,17.42414697462428,0.6744094559415181
F13_206_17,16.519562721944883,0.666845491178966
F13_206_18,15.359713747012057,0.6537839767047878
F13_206_19,14.351357355386318,0.6367152286250909
F13_206_20,13.32038809215434,0.6138444788805256
F13_206_21,12.508978259433542,0.6052365989972611
F13_206_22,11.765540557682629,0.6028796143576839
F13_206_23,11.242532316663848,0.5911232727887029
F13_207_00,12.122128225433409,0.510225932446009
F13_207_01,11.76189391923885,0.5083259153832796
F13_207_02,11.301922350868955,0.5047306751425341
F13_207_03,10.931638591496332,0.4957319052201869
F13_207_04,10.745799633323623,0.5067822287976055
F13_207_05,10.680953315320588,0.5024860155530835
F13_207_06,10.586587665565167,0.507248545820039
F13_207_07,10.703750196957749,0.49367868647446406
F13_207_08,10.751948574378254,0.49699661294818814
F13_207_09,11.202682691955838,0.49797111167192915
F13_207_10,12.036521245078236,0.5113237393991954
F13_207_11,13.841147739276456,0.5384142395925489
F13_207_12,15.78056929771932,0.5564776891035755
F13_207_13,17.547944739421347,0.5700591802469096
F13_207_14,19.077982675535466,0.6062589555508101
F13_207_15,20.005521927557087,0.6191968774552722
F13_207_16,20.390403742186383,0.614816145175622
F13_207_17,20.11633923075337,0.6283361732740075
F13_207_18,19.22592620598208,0.6193413489761427
F13_207_19,18.54499370329472,0.5996879241962223
F13_207_20,17.667853159964555,0.5933802799470866
F13_207_21,16.583326481021356,0.5843498298501341
F13_207_22,15.682254381378243,0.5638161610454795
F13_207_23,15.20976211702831,0.5649314553071914
F13_208_00,12.339838087247122,0.5304572730733247
F13_208_01,12.073036247045907,0.5258691633575132
F13_208_02,11.650965455667532,0.5306896232849058
F13_208_03,11.38909110538905,0.536274714607045
F13_208_04,11.134411472052804,0.5290603703753661
F13_208_05,11.026381671282728,0.55507858390262
F13_208_06,10.802268812633045,0.5407752072400371
F13_208_07,10.561273650325484,0.5435086889158077
F13_208_08,10.504600353639882,0.5399949510458554
F13_208_09,10.593369354850116,0.5432746119828865
F13_208_10,11.373519500751533,0.5569667796468922
F13_208_11,12.80061588793995,0.5684192878873587
F13_208_12,14.809797658979749,0.5969549327908225
F13_208_13,16.090387843818604,0.6267117469733031
F13_208_14,17.162608328065676,0.6448845035455973
F13_208_15,17.86003704532766,0.6606047546449946
F13_208_16,17.97899019854201,0.6867197257708318
F13_208_17,17.43501595228478,0.6744773080912512
F13_208_18,16.65646232907417,0.6356957072099253
F13_208_19,15.907786060290865,0.6127645428673718
F13_208_20,15.124132394064146,0.5992482273389719
F13_208_21,14.751925744736917,0.5973003109641023
F13_208_22,14.335663382916934,0.5912846931141323
F13_208_23,13.905756178052995,0.5791327872833457
F13_209_00,13.969989989068585,0.5365646888386365
F13_209_01,13.595089091031232,0.5045931622429313
F13_209_02,13.217265871479718,0.5049681072940645
F13_209_03,12.909806928515861,0.48031514985936813
F13_209_04,12.578630620759192,0.5084215162509994
F13_209_05,12.298059712877718,0.507940323130252
F13_209_06,11.968314785763242,0.5307970142657149
F13_209_07,11.85676581317494,0.5250346727748795
F13_209_08,11.709583352290664,0.5184034659540789
F13_209_09,11.988787965732842,0.5291344728118821
F13_209_10,12.802873253566966,0.5271837116662781
F13_209_11,14.279289289924867,0.5430100993072721
F13_209_12,15.829649381502856,0.5423191673687122
F13_209_13,17.182508463371473,0.5690680248483869
F13_209_14,18.293970781220207,0.5942759059247148
F13_209_15,19.108663715772092,0.606001625067062
F13_209_16,18.69019820013202,0.6059060351749853
F13_209_17,17.957933751783102,0.6065436684417217
F13_209_18,16.607433001906,0.6013880523477982
F13_209_19,15.2910957023146,0.5960474550870842
F13_209_20,14.393632670776427,0.6038492214018853
F13_209_21,13.311149105608065,0.6015921710803313
F13_209_22,12.584822547704343,0.5869937785342448
F13_209_23,11.802916294063474,0.5776271201198334
F13_220_00,11.02349064801588,0.9263086485176962
F13_220_01,10.14709638645599,0.8035986093335108
F13_220_02,9.438013948115438,0.7851828248259758
F13_220_03,9.267554637287146,0.7871567393273172
F13_220_04,9.179989573500722,0.7870121925626573
F13_220_05,9.162407780190444,0.7787743208442891
F13_220_06,9.102922976800855,0.7283237821346815
F13_220_07,9.280361114352253,0.753705263619103
F13_220_08,9.306372472831931,0.7419580849814991
F13_220_09,9.488937343727196,0.7353718308450866
F13_220_10,9.906642617041555,0.7008928370879186
F13_220_11,10.46295354617982,0.6966177206188616
F13_220_12,10.883860935462641,0.7193750334811617
F13_220_13,11.252618023271348,0.706808110721579
F13_220_14,11.761232879358479,0.7281323937293095
F13_220_15,11.920207452549738,0.7017973104932774
F13_220_16,11.864941140481397,0.6936324376744941
F13_220_17,11.889224895882116,0.7179846250514111
F13_220_18,11.903043248933875,0.6874848902775654
F13_220_19,11.906875695234326,0.7174480198595724
F13_220_20,11.73479290602254,0.6861203489444699
F13_220_21,11.699430241769983,0.682942129201761
F13_220_22,11.575716794345967,0.678210985974666
F13_220_23,11.46095326923867,0.7250608772151966
F13_221_00,10.881906591468628,0.9116788467846132
F13_221_01,10.678689336192074,0.9168858095562179
F13_221_02,10.43873196412784,0.9883931204150631
F13_221_03,9.986248857919172,0.9875357793526892
F13_221_04,9.745844076702786,0.9819922011165448
F13_221_05,9.409886375441461,1.0328155753700843
F13_221_06,9.319129300657004,1.0378656860225959
F13_221_07,9.334490705302537,1.022033037495863
F13_221_08,9.388141166582285,1.0224168348729232
F13_221_09,9.411118082914715,0.7204958238606052
F13_221_10,9.697478948375192,0.8334320740799027
F13_221_11,10.130949963367367,0.8510670272182089
F13_221_12,10.75253532111357,0.9447581337065772
F13_221_13,11.498482690181454,0.9513283775437462
F13_221_14,11.98340623571844,0.9614403614063568
F13_221_15,12.181976257488843,1.060657215716813
F13_221_16,12.127913591215389,1.0948926883010885
F13_221_17,11.945541127285829,1.0783087225772372
F13_221_18,11.858607792150309,1.0861206631930396
F13_221_19,11.734701815001946,1.067125785145662
F13_221_20,11.538691981205234,1.0839264691380028
F13_221_21,11.39723941911651,1.0890607750622745
F13_221_22,11.227321071657656,1.0758796300234026
F13_221_23,11.018011955126378,1.0367532666952766
F13_222_00,11.313650598248723,0.7381090494486378
F13_222_01,11.083842952106211,0.49777200190132387
F13_222_02,10.964809379553548,0.5148213353142382
F13_222_03,10.680658296299532,0.4689106790542182
F13_222_04,10.41705105832929,0.46595420381346236
F13_222_05,10.309486449021225,0.44980928978172746
F13_222_06,10.15675120066079,0.42868552366640555
F13_222_07,9.628151218501351,0.43836058781665227
F13_222_08,9.308434421232528,0.4390355679796425
F13_222_09,9.14695743956662,0.4442345049038054
F13_222_10,9.020818385423201,0.4445504266596118
F13_222_11,8.996974542610614,0.43355829154558573
F13_222_12,9.172852683205862,0.4394894490172685
F13_222_13,9.268355615284307,0.4334275719939038
F13_222_14,9.412690526480604,0.44716219941790086
F13_222_15,9.55941314682027,0.44921630858980777
F13_222_16,9.74138754037971,0.45449842714427513
F13_222_17,9.545056028554278,0.47349335473465626
F13_222_18,9.275620738028008,0.47425223192303584
F13_222_19,8.895243201498582,0.4750424703671883
F13_222_20,8.649994267502645,0.47339988706991765
F13_222_21,8.187962330499218,0.47723922112351974
F13_222_22,7.8969471498541965,0.47437549874097124
F13_222_23,7.7426679296837255,0.4938590623953343
F13_223_00,9.727855556295625,1.089745237364143
F13_223_01,9.61772278784571,1.1997227590458526
F13_223_02,9.84208062609097,1.2999343450645102
F13_223_03,9.78270335030971,1.3117136157719014
F13_223_04,9.992956942752654,1.3105903557040304
F13_223_05,9.969566126474303,1.3726800325550519
F13_223_06,9.92432304207643,1.3863437623475416
F13_223_07,9.879547670000557,1.4003496108216364
F13_223_08,9.730713634301143,1.4050829893926806
F13_223_09,9.624595408488323,1.0662916459091731
F13_223_10,9.609865061539479,1.184979761766653
F13_223_11,9.789562403015102,1.1844472613000252
F13_223_12,10.055250610620464,1.2685409606843612
F13_223_13,10.350868574082506,1.2930159327271793
F13_223_14,10.737948857891263,1.2753055278440886
F13_223_15,10.902003582382882,1.3684055329912443
F13_223_16,10.909874855920235,1.3956366249895946
F13_223_17,10.786832592610418,1.4267627578364097
F13_223_18,10.343653861321684,1.4443326737937987
F13_223_19,9.806667052809946,1.4362463304906241
F13_223_20,9.512160292300402,1.443599339045349
F13_223_21,9.215901608288773,1.4505934462140655
F13_223_22,8.89444454307107,1.4447253342283666
F13_223_23,8.72334373797282,1.4341206935458697
F13_224_00,7.139198500134483,0.5479905111732104
F13_224_01,7.0107284019838545,0.5057047604909702
F13_224_02,6.669220982814643,0.5006783299048574
F13_224_03,6.4823701970403755,0.5029409429638486
F13_224_04,6.346040449191059,0.5024838351925979
F13_224_05,6.301381959389997,0.502812317974826
F13_224_06,6.15775110410915,0.5018829212953512
F13_224_07,6.136005006544074,0.5022513190887267
F13_224_08,6.05093945133375,0.49438414087245847
F13_224_09,5.984165657751919,0.4953154632897428
F13_224_10,6.250301525443429,0.48923567812504265
F13_224_11,6.752046596152392,0.5160039035756799
F13_224_12,6.971867911909104,0.49326333854720444
F13_224_13,7.380455111763191,0.5036995236184968
F13_224_14,7.839830076443732,0.5242875189843706
F13_224_15,7.873590365657982,0.4982579809030452
F13_224_16,7.876179877608615,0.5239735767113013
F13_224_17,7.4734145497005535,0.526150112526337
F13_224_18,6.960084468735019,0.5231591426531524
F13_224_19,6.7504259993295825,0.5242095888610189
F13_224_20,6.43727396007209,0.5262056785606105
F13_224_21,6.313618044240957,0.5242487456600456
F13_224_22,6.252477457635396,0.5292621420687946
F13_224_23,6.152988311466134,0.5318422233761664
F13_225_00,7.37701858987873,1.2773795236696597
F13_225_01,7.26565704277876,1.3366565148824094
F13_225_02,7.1680767502853655,1.4383874648898274
F13_225_03,7.179464459102107,1.4103458155156121
F13_225_04,7.081934430296751,1.4129941436019335
F13_225_05,7.008755393101992,1.4762291809217398
F13_225_06,6.926156216694623,1.4751690545117768
F13_225_07,6.90189134157432,1.482846895110362
F13_225_08,6.653167882327622,1.469348316726939
F13_225_09,6.809562285770792,1.4459992497902
F13_225_10,7.028660125720008,1.4429498858969456
F13_225_11,7.416330732680511,1.3977362259118984
F13_225_12,8.571900589630088,1.4694256658856508
F13_225_13,9.563317289093629,1.483475590599421
F13_225_14,9.932724269295226,1.4815465240754728
F13_225_15,10.258558231455774,1.5399420856838255
F13_225_16,9.73179772452398,1.563721984048674
F13_225_17,9.586110638883488,1.5674531968124004
F13_225_18,9.099749021620871,1.564981831223638
F13_225_19,8.604704845999587,1.5678767820795578
F13_225_20,8.331616197797818,1.5520399459460112
F13_225_21,8.086139263994191,1.575059292440683
F13_225_22,7.943559621177613,1.584963726066209
F13_225_23,7.715824129312544,1.5349994221549057
F13_226_00,8.374569248581244,0.989875784189176
F13_226_01,7.623450878389825,0.9834229617499823
F13_226_02,7.603507574341976,0.9797141669401795
F13_226_03,7.556997096212355,0.9716637632371432
F13_226_04,7.424342585140548,0.9686299847841143
F13_226_05,7.044976953158515,0.9647751312712662
F13_226_06,7.054041239674547,0.9623567070408745
F13_226_07,7.010877381261839,0.9676139299406544
F13_226_08,6.7979969334524215,0.9773396923882537
F13_226_09,6.8476799322168835,0.9668125863980682
F13_226_10,6.958803412959431,0.9563527858722006
F13_226_11,8.282360312219238,0.9551288529596761
F13_226_12,9.379778339594786,0.9725694922694249
F13_226_13,10.43645136712959,0.9941897956226424
F13_226_14,11.061233385305782,1.0001295183464007
F13_226_15,11.385716868882268,1.0076431557651913
F13_226_16,11.083851734620351,1.0126643845783898
F13_226_17,10.683828974553569,0.9946734593563368
F13_226_18,10.185805857703103,0.9879901395702751
F13_226_19,9.909253690603306,0.9865144925343626
F13_226_20,9.318500559135389,0.973461636037884
F13_226_21,9.041664993640191,0.9775845965856053
F13_226_22,8.549867802920842,0.9689059565554725
F13_226_23,8.288004469812153,0.9511321502827322
F13_227_00,7.336313326809933,0.7890782620258499
F13_227_01,7.158193506466012,0.7936165941962773
F13_227_02,6.983737521949952,0.7897044170289901
F13_227_03,6.722980153436065,0.7879001665053399
F13_227_04,6.597846751134154,0.7907101666034957
F13_227_05,6.550366970433937,0.7907109465304667
F13_227_06,6.306282623760818,0.7912179268360605
F13_227_07,6.2229171740325695,0.7947037158306006
F13_227_08,6.0925037861603535,0.8046616465808182
F13_227_09,6.249277276357524,0.7917404532536684
F13_227_10,6.506058352810008,0.7742271139449161
F13_227_11,7.524027947596681,0.7766465065730511
F13_227_12,9.170225543632375,0.7703749151457334
F13_227_13,10.489356367248297,0.7798520741323727
F13_227_14,12.144287608602665,0.797072349243317
F13_227_15,13.153887284977847,0.7953763648439777
F13_227_16,13.087645969339746,0.8025543075132734
F13_227_17,11.509334585580959,0.8362007312288421
F13_227_18,10.339377786293225,0.8308571667930783
F13_227_19,9.57496740520422,0.837896475465142
F13_227_20,8.788134606868576,0.8331934962749985
F13_227_21,8.428827830365991,0.8083924192049462
F13_227_22,8.210583032522399,0.8052809491308127
F13_227_23,7.727301689240623,0.791594925876855
F13_228_00,6.897026658173799,0.6150805655068889
F13_228_01,6.572407096970982,0.5912655016376331
F13_228_02,6.409798294467044,0.5907620032069106
F13_228_03,6.285800605632404,0.5939725294636395
F13_228_04,6.1353454690525915,0.5768271690560905
F13_228_05,6.055835622286522,0.6089061425298485
F13_228_06,6.068769126919297,0.6119223145407877
F13_228_07,5.942048757519314,0.5638202994749205
F13_228_08,5.647032476372277,0.5453599952489443
F13_228_09,5.87984049568107,0.5293758380945202
F13_228_10,6.247089442450964,0.564685556311363
F13_228_11,6.84714566456766,0.5896200892624589
F13_228_12,7.969428624698401,0.6068960743266446
F13_228_13,9.259861742221302,0.6393727214895223
F13_228_14,10.935947908400315,0.6555254381894066
F13_228_15,12.386004280273625,0.6651822794714825
F13_228_16,12.77239344336482,0.6620934642472646
F13_228_17,11.644694515970997,0.6689470824545215
F13_228_18,10.720008771300792,0.6745446170226196
F13_228_19,10.018239329444773,0.6842624436663488
F13_228_20,9.174569877781401,0.6696342195060163
F13_228_21,8.582493021446764,0.630224711919127
F13_228_22,8.179607618843539,0.6075806861056449
F13_228_23,7.996526127917374,0.6256787500598745
F13_229_00,7.312291400255511,0.7651549123087005
F13_229_01,7.0810240109716105,0.774328458172424
F13_229_02,6.677729652055106,0.7849477798501282
F13_229_03,6.386748205394625,0.7832182566123219
F13_229_04,6.316486976583693,0.7818050109911955
F13_229_05,6.139119114358594,0.7710920837125966
F13_229_06,6.175968986459771,0.7670574049272102
F13_229_07,6.124294867129951,0.769851768923368
F13_229_08,6.105808030085098,0.7805177786215758
F13_229_09,6.452699963319237,0.7379055600315781
F13_229_10,6.723472175883038,0.7153293475606745
F13_229_11,8.703831402414911,0.7106338094207668
F13_229_12,10.728955137836346,0.7023305744035447
F13_229_13,11.912028012000725,0.7061344840005614
F13_229_14,12.795342091796208,0.7124901426959175
F13_229_15,13.411595759892009,0.7127285348625537
F13_229_16,13.126091107979505,0.723558746694045
F13_229_17,12.525898295877704,0.7197061409259625
F13_229_18,11.99899506105229,0.7221264564724056
F13_229_19,11.42663322632878,0.7066138568494568
F13_229_20,11.224716576580908,0.7018315178410576
F13_229_21,10.956250010981835,0.694785997699887
F13_229_22,10.747115402700409,0.6873403064632168
F13_229_23,10.612097801969627,0.6813185230209764
F13_235_00,10.416633708201237,0.7084385204677629
F13_235_01,9.495075775174008,0.7360007015114517
F13_235_02,8.744771673162505,0.7415314757532362
F13_235_03,8.480219910070351,0.7346630869287843
F13_235_04,8.308649733386622,0.7360683351625079
F13_235_05,8.12200705061816,0.736553291939093
F13_235_06,7.967343913847508,0.7397929895636004
F13_235_07,7.767173018447096,0.7450081321258709
F13_235_08,7.847104940889054,0.7664097781140571
F13_235_09,8.13668725798326,0.7618350168989118
F13_235_10,9.402217353454828,0.7732034807430299
F13_235_11,10.735036854907529,0.7977003336644003
F13_235_12,12.82096237020808,0.8251577759233347
F13_235_13,15.362046306897062,0.8459002359699336
F13_235_14,16.886453023857356,0.8701050805432601
F13_235_15,17.85879419916638,0.8762506671364539
F13_235_16,18.05294177295697,0.9048573294140332
F13_235_17,17.22913064786663,0.9047247088156349
F13_235_18,16.022283518328766,0.8917935420760564
F13_235_19,14.697804172758618,0.8804507641896406
F13_235_20,13.79795404461341,0.8711969583955242
F13_235_21,13.001944776629374,0.8512479571264094
F13_235_22,12.25981390027001,0.856836944257588
F13_235_23,11.718139783550406,0.8432550686133693
F13_236_00,8.791748083221384,0.543263431160793
F13_236_01,8.048229282369876,0.5410699676468633
F13_236_02,7.526533658759074,0.5082626726240448
F13_236_03,7.0693683892476065,0.5287116092406826
F13_236_04,6.820137881272404,0.5002572803590047
F13_236_05,6.728375719263009,0.5210145005701142
F13_236_06,6.53658119090164,0.5076472227438015
F13_236_07,6.433120396144795,0.4625494954280729
F13_236_08,6.2125175095307155,0.4574331035998744
F13_236_09,6.465535162149233,0.4852881804810902
F13_236_10,7.039848490151432,0.5102868127791784
F13_236_11,8.135107727704812,0.5250744162609017
F13_236_12,10.037497762284593,0.5407980994662407
F13_236_13,11.466057754015187,0.5523855923314114
F13_236_14,13.298173541411687,0.5883257479683445
F13_236_15,14.245723281851374,0.6169909649495359
F13_236_16,14.429538949794102,0.6102859706286415
F13_236_17,14.168019610749456,0.6130014929698864
F13_236_18,12.974201734771944,0.6168121361700509
F13_236_19,12.190676440249334,0.6165232065208411
F13_236_20,11.615975527645523,0.6051506638607217
F13_236_21,11.036990364455322,0.597376573894326
F13_236_22,10.394550179339449,0.5724864575298058
F13_236_23,10.107240674366736,0.5593804748459678
F13_237_00,10.653647331547011,0.8730522077978242
F13_237_01,10.073125056967514,0.8365543330701759
F13_237_02,10.345311323263532,0.9416233281902476
F13_237_03,10.081570209388325,0.9340764028220407
F13_237_04,10.153065740089227,0.9336620103999534
F13_237_05,10.003076910021061,0.988917773393973
F13_237_06,9.978497778233784,0.9924213343910536
F13_237_07,9.893818659686211,1.0212003749643734
F13_237_08,9.563722037489432,1.0232007304826094
F13_237_09,9.471355645017015,0.9964307117111568
F13_237_10,10.239997103511275,0.9993677136979867
F13_237_11,11.567998420029802,1.0070628662860759
F13_237_12,13.444525337771958,1.0330901672333075
F13_237_13,14.838326768979108,1.0234087301018644
F13_237_14,15.88733852574998,1.054277712094527
F13_237_15,16.684016915654794,1.0626430842742824
F13_237_16,16.745035385790043,1.1000959502086431
F13_237_17,15.766556556270594,1.0962871915172967
F13_237_18,14.666734286963171,1.1003249136520168
F13_237_19,13.770994886168682,1.08590182839029
F13_237_20,12.584554464205967,1.0888282858273746
F13_237_21,11.937101401600406,1.0786636164730186
F13_237_22,11.43416192727345,1.1097923357838797
F13_237_23,10.963010709507975,1.0905554573521539
F13_238_00,10.376782101135817,0.6235792596839395
F13_238_01,10.576613822550613,0.6238930656588091
F13_238_02,10.430535645839827,0.6278559254807573
F13_238_03,10.389345268978389,0.6312417581856374
F13_238_04,10.376650108007446,0.6288335461872679
F13_238_05,10.583884564197144,0.6293894113221882
F13_238_06,10.610123154811133,0.6300456318399861
F13_238_07,10.319157918812078,0.6230740204564081
F13_238_08,10.086245534849347,0.6169812261109799
F13_238_09,10.16083987957085,0.6125359707047248
F13_238_10,10.800347229555543,0.6412524434904575
F13_238_11,11.964942703800318,0.650193667851963
F13_238_12,13.316949497248032,0.6525510489074277
F13_238_13,14.639321483065032,0.6703772324086065
F13_238_14,15.849423090291225,0.6796971552758224
F13_238_15,16.35685780098425,0.7182623483079736
F13_238_16,16.36465587827658,0.731385211736376
F13_238_17,15.67461065174801,0.7078492305321569
F13_238_18,14.627838601728746,0.7291242386139499
F13_238_19,13.840373344436735,0.7254005448042166
F13_238_20,13.067705884831463,0.7279055700043715
F13_238_21,12.108384616241816,0.6872536393984351
F13_238_22,11.470434613262368,0.6569924150998688
F13_238_23,11.075985959321025,0.6515861131802917
F13_239_00,11.50166641804379,0.6663769383893123
F13_239_01,11.014638139003155,0.663914974917513
F13_239_02,10.75250332063195,0.6570908775440706
F13_239_03,10.460857124360897,0.6549000965430515
F13_239_04,10.448497005624667,0.6456609336272673
F13_239_05,10.387177938987755,0.6582059655999227
F13_239_06,10.319995568812415,0.6585181323496349
F13_239_07,10.172894119758366,0.6566959905697614
F13_239_08,9.99284914653936,0.642811158351956
F13_239_09,9.918149868240063,0.628482857596404
F13_239_10,10.792688399316901,0.663625476475901
F13_239_11,12.502012452375796,0.6716065349015632
F13_239_12,14.346685687965289,0.6835854953638224
F13_239_13,15.82589147399507,0.7056133231594469
F13_239_14,16.368867422055455,0.7108963910803524
F13_239_15,16.47186227319869,0.7192832901630593
F13_239_16,15.928551778445595,0.7229265870283358
F13_239_17,15.4406005157388,0.7019456920826884
F13_239_18,14.908344568894618,0.71837849964886
F13_239_19,14.921650082546831,0.7102958668597172
F13_239_20,14.922523152934758,0.717357831977707
F13_239_21,14.977467444862228,0.7148537916156062
F13_239_22,14.84272979812571,0.7154401801726701
F13_239_23,14.752986865324944,0.7394911802694244
