seed,segment,n,days,baseline,candidate,baseline_bias,candidate_bias
7,high,744,31,0.5012851166495015,0.5059539412147189,-0.28899521877994794,-0.2929890392716538
7,ordinary,7896,329,0.11054362173132662,0.10966224521767468,0.019309596273410206,0.017941587808639643
7,late,1104,46,0.25521522752371895,0.2570422260103731,-0.06096727442335647,-0.06431952976399215
7,F13,4320,180,0.16336040118051703,0.16356549301393475,-0.014091919893645269,-0.015878146672437633
7,F47,4320,180,0.1972962051306388,0.19827732065195305,-0.0003858279298348802,-0.0017878412630002868
7,hour0,360,360,0.17607441996183357,0.1762393816224144,0.004498344912426211,0.0015222812160947798
101,high,744,31,0.501917123634803,0.5065344966822732,-0.2882646985400573,-0.2920687242561324
101,ordinary,7896,329,0.11126624819725948,0.11035596630534089,0.01989126599547136,0.018473929791738522
101,late,1104,46,0.25478881629886085,0.25658850159996616,-0.059017826945357836,-0.06242712402129985
101,F13,4320,180,0.16303367880899192,0.16316876825652835,-0.013526145269065556,-0.015331848082864688
101,F47,4320,180,0.19858145334501345,0.19955883520423304,0.00023737225666722154,-0.001202638308569368
101,hour0,360,360,0.1743792855893979,0.17464006118589817,0.0033968535212188507,0.00024425536393857
2024,high,744,31,0.5000017726706028,0.5048536349256576,-0.2881878399178625,-0.2925519807549034
2024,ordinary,7896,329,0.11216212846247095,0.11119524039569179,0.019617998362584994,0.018085424564907304
2024,late,1104,46,0.25884240838350137,0.26051581279248054,-0.059248511805111356,-0.06268066874329783
2024,F13,4320,180,0.1639271195239292,0.16409174174978575,-0.013738232505339714,-0.01571301577692277
2024,F47,4320,180,0.19793390770177569,0.1989189747785478,-3.677625112291186e-05,-0.0016147993427855847
2024,hour0,360,360,0.17647435419103802,0.17669565592412562,0.0061136044234862755,0.0027534041870087888
