validator,seed,hour,domain,prediction_bin,n,high_n,prediction_mean,label_mean,required_shift,learned_correction
A,7,0,inner,"[-inf, 0.6)",253,0,0.33650580405906605,0.32668939393939395,-0.009816410119672112,-0.0011598517904371384
A,7,0,inner,"[0.6, 0.9)",51,4,0.7598378808085358,0.7842851307189542,0.024447249910418405,-0.002690284059200217
A,7,0,inner,"[0.9, 1.1)",16,4,0.9581339369109532,0.8528177083333333,-0.10531622857761985,-0.003030208093044527
A,7,0,inner,"[1.1, 1.3)",5,4,1.226531978288964,1.3011916666666665,0.0746596883777025,-0.007485439759979872
A,7,0,inner,"[1.3, inf)",6,5,1.4733346500558664,1.373076388888889,-0.10025826116697746,-0.011501949525248805
A,7,0,outer,"[-inf, 0.6)",134,0,0.4332819596547743,0.4153047263681592,-0.017977233286615078,-0.00227329634022088
A,7,0,outer,"[0.6, 0.9)",79,2,0.7431965107919021,0.6888227848101266,-0.05437372598177554,6.351507586329128e-05
A,7,0,outer,"[0.9, 1.1)",18,10,0.9739008086530144,1.0801712962962964,0.10627048764328179,0.00022525446400449827
A,7,0,outer,"[1.1, 1.3)",13,11,1.1969559903504385,1.3398044871794872,0.1428484968290486,-0.004512770470449354
A,7,0,outer,"[1.3, inf)",20,20,1.5442950977887662,1.6023333333333334,0.05803823554456698,-0.005362162629107259
A,7,6,inner,"[-inf, 0.6)",255,0,0.33257367836876894,0.33071977124183005,-0.001853907126938839,0.0004627324433315319
A,7,6,inner,"[0.6, 0.9)",57,6,0.7609364784381522,0.7948574561403509,0.033920977702198714,-0.00037262771543898523
A,7,6,inner,"[0.9, 1.1)",8,2,0.969362998932371,0.831953125,-0.13740987393237103,0.0008524440718178832
A,7,6,inner,"[1.1, 1.3)",5,4,1.2226187863261047,1.3011916666666665,0.0785728803405619,-0.003917391067603972
A,7,6,inner,"[1.3, inf)",6,5,1.455198931017951,1.373076388888889,-0.08212254212906199,-0.00675487279348794
A,7,6,outer,"[-inf, 0.6)",138,0,0.43085351471452094,0.4200117753623188,-0.010841739352202066,-0.0004620555615087814
A,7,6,outer,"[0.6, 0.9)",81,5,0.7496296555029316,0.7310550411522634,-0.018574614350668293,0.0025464040266017073
A,7,6,outer,"[0.9, 1.1)",15,10,0.996925719150834,1.1732972222222222,0.17637150307138813,-0.0001409281796118002
A,7,6,outer,"[1.1, 1.3)",10,8,1.2043724801296847,1.2151833333333333,0.010810853203648696,-0.00042472366280246564
A,7,6,outer,"[1.3, inf)",20,20,1.5481002438836988,1.6023333333333334,0.05423308944963438,-0.0021278736267901052
A,7,12,inner,"[-inf, 0.6)",253,0,0.3286855212097897,0.3281024374176548,-0.0005830837921349052,0.0006933901380475946
A,7,12,inner,"[0.6, 0.9)",58,6,0.7553013591597082,0.779173132183908,0.023871773024199783,0.00018669637474196473
A,7,12,inner,"[0.9, 1.1)",9,2,0.9441516052102704,0.8993425925925926,-0.04480901261767773,0.002925881534146753
A,7,12,inner,"[1.1, 1.3)",5,4,1.208939941497091,1.3011916666666665,0.09225172516957555,-0.0019225170714267377
A,7,12,inner,"[1.3, inf)",6,5,1.4350249084332252,1.373076388888889,-0.06194851954433624,-0.004220400913633873
A,7,12,outer,"[-inf, 0.6)",138,0,0.4313640038429124,0.4200117753623188,-0.011352228480593604,3.83091640820885e-06
A,7,12,outer,"[0.6, 0.9)",81,4,0.74710159296567,0.7135828189300412,-0.03351877403562892,0.002937344410830074
A,7,12,outer,"[0.9, 1.1)",15,11,0.9951540441428031,1.2676472222222221,0.27249317807941914,0.0009468523292565762
A,7,12,outer,"[1.1, 1.3)",12,10,1.2058713950375761,1.224513888888889,0.018642493851312742,-0.0015122483557134777
A,7,12,outer,"[1.3, inf)",18,18,1.5542432481504809,1.6391296296296296,0.08488638147914865,0.0003331583383921311
A,7,23,inner,"[-inf, 0.6)",249,0,0.33193641051253603,0.32359236947791165,-0.008344041034624388,-0.001807892564209703
A,7,23,inner,"[0.6, 0.9)",54,1,0.7611188824892692,0.704082561728395,-0.057036320760874115,-0.0019313910465104652
A,7,23,inner,"[0.9, 1.1)",17,7,0.9665993753979949,1.0412401960784314,0.07464082068043645,-0.0036166089635456824
A,7,23,inner,"[1.1, 1.3)",5,4,1.2121927100995005,1.3011916666666665,0.08899895656716594,-0.005289302742989146
A,7,23,inner,"[1.3, inf)",6,5,1.4418560537042027,1.373076388888889,-0.06877966481531371,-0.007437098565083271
A,7,23,outer,"[-inf, 0.6)",132,0,0.4350466144649501,0.41293592171717175,-0.022110692747778358,-0.0025212067757000474
A,7,23,outer,"[0.6, 0.9)",81,2,0.7495689634032917,0.6815853909465021,-0.06798357245678967,-0.0005173178610306108
A,7,23,outer,"[0.9, 1.1)",17,9,0.9895595722174994,1.086296568627451,0.0967369964099515,-0.0022534062577025775
A,7,23,outer,"[1.1, 1.3)",15,13,1.1883040109840655,1.351675,0.16337098901593453,-0.004087675463687096
A,7,23,outer,"[1.3, inf)",19,19,1.5639988640214526,1.6061535087719299,0.04215464475047722,-0.00538153003026469
A,101,0,inner,"[-inf, 0.6)",252,0,0.3356682762384357,0.32662996031746033,-0.009038315920975341,-0.0013229763153665983
A,101,0,inner,"[0.6, 0.9)",56,5,0.7696392692172858,0.7810453869047619,0.011406117687476134,-0.0020591921353234973
A,101,0,inner,"[0.9, 1.1)",12,3,0.9588608140769218,0.8538958333333334,-0.10496498074358847,-0.0028940042797569103
A,101,0,inner,"[1.1, 1.3)",5,4,1.2318956048051988,1.3011916666666665,0.06929606186146794,-0.006215255736177985
A,101,0,inner,"[1.3, inf)",6,5,1.4753928365475983,1.373076388888889,-0.1023164476587093,-0.010208427687395568
A,101,0,outer,"[-inf, 0.6)",131,0,0.43183070592261763,0.41751749363867685,-0.014313212283940746,-0.002115803276278553
A,101,0,outer,"[0.6, 0.9)",82,2,0.7370174170946542,0.6752809959349594,-0.06173642115969478,-9.364715175930432e-05
A,101,0,outer,"[0.9, 1.1)",19,11,0.9742433921017435,1.089109649122807,0.11486625702106365,-0.0005100979162409675
A,101,0,outer,"[1.1, 1.3)",15,13,1.2110001809972977,1.4007666666666665,0.18976648566936893,-0.0033248013127019933
A,101,0,outer,"[1.3, inf)",17,17,1.5870180745712203,1.6001544117647057,0.013136337193485628,-0.004187780859754481
A,101,6,inner,"[-inf, 0.6)",257,0,0.3340220729839726,0.33329717898832684,-0.0007248939956457329,0.0005072172994759175
A,101,6,inner,"[0.6, 0.9)",55,6,0.7683660428522436,0.7996916666666667,0.03132562381442305,-0.00017401734630010564
A,101,6,inner,"[0.9, 1.1)",8,2,0.9563907290956072,0.831953125,-0.12443760409560722,0.0013791802736307622
A,101,6,inner,"[1.1, 1.3)",5,4,1.221731230032312,1.3011916666666665,0.07946043663435479,-0.003471792239578237
A,101,6,inner,"[1.3, inf)",6,5,1.4592639807960002,1.373076388888889,-0.08618759190711144,-0.006429981320790704
A,101,6,outer,"[-inf, 0.6)",135,0,0.427597838572811,0.4190783950617284,-0.008519443511082574,-0.0002507161019428513
A,101,6,outer,"[0.6, 0.9)",86,6,0.7470746515087027,0.7249612403100775,-0.022113411198625126,0.0023998416219094387
A,101,6,outer,"[0.9, 1.1)",12,8,0.9936136751288626,1.0951770833333334,0.1015634082044707,-0.0004756700081398903
A,101,6,outer,"[1.1, 1.3)",14,12,1.2088287943690685,1.407717261904762,0.1988884675356933,0.0004069578589020707
A,101,6,outer,"[1.3, inf)",17,17,1.5867367348469594,1.6001544117647057,0.013417676917746339,-0.0014980645575124235
A,101,12,inner,"[-inf, 0.6)",252,0,0.32773208261351855,0.3243455687830688,-0.003386513830449733,0.0005859313466801668
A,101,12,inner,"[0.6, 0.9)",62,6,0.7606933264585296,0.7872970430107527,0.026603716552223045,0.0006031472433601592
A,101,12,inner,"[0.9, 1.1)",6,2,0.9510223485626422,0.9580902777777777,0.007067929215135577,0.004850487490251028
A,101,12,inner,"[1.1, 1.3)",5,4,1.2064339195894664,1.3011916666666665,0.09475774707720011,-0.0015271598428602412
A,101,12,inner,"[1.3, inf)",6,5,1.4377193590654336,1.373076388888889,-0.06464297017654473,-0.0037676876649874913
A,101,12,outer,"[-inf, 0.6)",133,0,0.4248102588728301,0.4171165413533835,-0.00769371751944663,3.693890853311895e-05
A,101,12,outer,"[0.6, 0.9)",86,4,0.7367385175110943,0.7009922480620155,-0.03574626944907881,0.0028370757739653255
A,101,12,outer,"[0.9, 1.1)",14,10,0.977454907531858,1.2795059523809524,0.3020510448490944,0.0015173669672022654
A,101,12,outer,"[1.1, 1.3)",14,12,1.1935411859205947,1.2926785714285713,0.09913738550797675,0.00010863300936487652
A,101,12,outer,"[1.3, inf)",17,17,1.5652378574361805,1.6001544117647057,0.034916554328525265,8.353394687154442e-06
A,101,23,inner,"[-inf, 0.6)",250,0,0.33361189720265355,0.324094,-0.009517897202653548,-0.0019356381230281542
A,101,23,inner,"[0.6, 0.9)",53,1,0.7639380206159562,0.7006360062893081,-0.06330201432664799,-0.001970614848976496
A,101,23,inner,"[0.9, 1.1)",17,7,0.9650443658882631,1.0669901960784314,0.10194583019016819,-0.0026828624763207093
A,101,23,inner,"[1.1, 1.3)",5,4,1.2098410784284117,1.3011916666666665,0.09135058823825493,-0.005128443754681739
A,101,23,inner,"[1.3, inf)",6,5,1.4451335124994564,1.373076388888889,-0.07205712361056765,-0.007137835179686771
A,101,23,outer,"[-inf, 0.6)",131,0,0.4332712973072681,0.4127178753180662,-0.020553421989201983,-0.0025383554341208117
A,101,23,outer,"[0.6, 0.9)",82,2,0.7454455157386545,0.6786575203252032,-0.06678799541345116,-0.0006089452049635331
A,101,23,outer,"[0.9, 1.1)",18,10,0.9871193424242137,1.0953912037037037,0.1082718612794899,-0.002798404942575838
A,101,23,outer,"[1.1, 1.3)",15,13,1.1926796957359909,1.3801333333333332,0.18745363759734227,-0.0031843030480667167
A,101,23,outer,"[1.3, inf)",18,18,1.5749246027987827,1.602224537037037,0.027299934238254386,-0.004691303828235768
A,2024,0,inner,"[-inf, 0.6)",251,0,0.33425023491974415,0.32545766932270914,-0.008792565597034967,-0.0011697435590383612
A,2024,0,inner,"[0.6, 0.9)",56,4,0.760216816042428,0.7730922619047619,0.01287544586233392,-0.0019564265309251557
A,2024,0,inner,"[0.9, 1.1)",13,4,0.956007044453821,0.8702307692307691,-0.08577627522305174,-0.0020906899645432115
A,2024,0,inner,"[1.1, 1.3)",5,4,1.2358317254247102,1.3011916666666665,0.06535994124195657,-0.00679495833085946
A,2024,0,inner,"[1.3, inf)",6,5,1.4727826810007112,1.373076388888889,-0.09970629211182234,-0.010345435227205314
A,2024,0,outer,"[-inf, 0.6)",131,0,0.4316734393923305,0.4179004452926209,-0.01377299409970967,-0.0021214979299894235
A,2024,0,outer,"[0.6, 0.9)",84,3,0.7403717361582891,0.6859712301587302,-0.05440050599955902,-2.9541632826407423e-05
A,2024,0,outer,"[0.9, 1.1)",16,9,0.9862438809615973,1.0807968749999999,0.0945529940384026,-0.00017018300883051083
A,2024,0,outer,"[1.1, 1.3)",15,13,1.20678864047405,1.372225,0.16543635952594998,-0.0025524123019773776
A,2024,0,outer,"[1.3, inf)",18,18,1.5805461692786005,1.5962430555555553,0.015696886276955164,-0.004660527671834373
A,2024,6,inner,"[-inf, 0.6)",255,0,0.3311603402226852,0.3311119281045752,-4.841211811005025e-05,0.0006603549685581931
A,2024,6,inner,"[0.6, 0.9)",57,6,0.7606495568527417,0.7961644736842105,0.035514916831468867,0.0002197523218932295
A,2024,6,inner,"[0.9, 1.1)",8,2,0.9502086073612472,0.810140625,-0.14006798236124732,0.000874288358234961
A,2024,6,inner,"[1.1, 1.3)",5,4,1.2302834408113363,1.3011916666666665,0.07090822585533021,-0.004252728597722094
A,2024,6,inner,"[1.3, inf)",6,5,1.461929146422577,1.373076388888889,-0.08885275753368814,-0.00683609122639035
A,2024,6,outer,"[-inf, 0.6)",136,0,0.4289948201422863,0.42137561274509805,-0.007619207397188236,-0.0003137794600510791
A,2024,6,outer,"[0.6, 0.9)",85,6,0.7487653165776539,0.7248843137254902,-0.023881002852163685,0.00277023993928225
A,2024,6,outer,"[0.9, 1.1)",13,9,1.015026369968548,1.2195608974358974,0.2045345274673493,4.754573410642862e-05
A,2024,6,outer,"[1.1, 1.3)",11,9,1.2064762622711436,1.2535681818181816,0.047091919547038126,0.0019281242673666607
A,2024,6,outer,"[1.3, inf)",19,19,1.562025651929452,1.6004868421052632,0.03846119017581112,-0.002063544031744687
A,2024,12,inner,"[-inf, 0.6)",254,0,0.3287759162247075,0.3278869750656168,-0.0008889411590906643,0.0008340407192735159
A,2024,12,inner,"[0.6, 0.9)",59,6,0.7613831786375201,0.7850338983050847,0.023650719667564643,0.0009207241022880038
A,2024,12,inner,"[0.9, 1.1)",7,2,0.9328484371466963,0.9565357142857142,0.023687277139017963,0.004178055554728349
A,2024,12,inner,"[1.1, 1.3)",5,4,1.2150389354973743,1.3011916666666665,0.08615273116929216,-0.0018864701756210384
A,2024,12,inner,"[1.3, inf)",6,5,1.439380090483521,1.373076388888889,-0.06630370159463196,-0.003900116015975976
A,2024,12,outer,"[-inf, 0.6)",134,0,0.42672919711789825,0.4192481343283582,-0.007481062789540015,0.00020655502421917734
A,2024,12,outer,"[0.6, 0.9)",85,4,0.7396008302496683,0.7009715686274509,-0.03862926162221735,0.0031632847687939566
A,2024,12,outer,"[0.9, 1.1)",14,10,0.9899201669632408,1.2795059523809524,0.2895857854177115,0.0015306513479882097
A,2024,12,outer,"[1.1, 1.3)",14,12,1.2018272782090988,1.2926785714285713,0.09085129321947248,0.001110670725484358
A,2024,12,outer,"[1.3, inf)",17,17,1.5669027752842408,1.6001544117647057,0.03325163648046493,0.0002265998000687675
A,2024,23,inner,"[-inf, 0.6)",251,0,0.33343771919536797,0.3244194887118194,-0.009018230483548566,-0.001631170162099953
A,2024,23,inner,"[0.6, 0.9)",53,1,0.7663436267393893,0.7103011006289308,-0.056042526110458464,-0.0015576427489236496
A,2024,23,inner,"[0.9, 1.1)",16,7,0.9618801272037053,1.0762994791666667,0.11441935196296138,-0.0025788044579266958
A,2024,23,inner,"[1.1, 1.3)",5,4,1.2161366766713146,1.3011916666666665,0.08505498999535191,-0.005267647324090947
A,2024,23,inner,"[1.3, inf)",6,5,1.4472087878809872,1.373076388888889,-0.07413239899209824,-0.007166236284243749
A,2024,23,outer,"[-inf, 0.6)",129,0,0.4313060673095617,0.410187015503876,-0.021119051805685775,-0.002342861611261551
A,2024,23,outer,"[0.6, 0.9)",86,2,0.7470898667631994,0.6801172480620155,-0.06697261870118397,-0.0002299576452000041
A,2024,23,outer,"[0.9, 1.1)",16,10,1.0095831799083044,1.1267994791666667,0.11721629925836236,-0.0027352998695620813
A,2024,23,outer,"[1.1, 1.3)",14,12,1.1905257776412026,1.3589375,0.16841172235879717,-0.001742258521743641
A,2024,23,outer,"[1.3, inf)",19,19,1.559753730873726,1.6061535087719299,0.04639977789820392,-0.004415580265983747
B,7,0,inner,"[-inf, 0.6)",241,2,0.336901974414209,0.33241632088520057,-0.0044856535290083936,0.0007464076218881394
B,7,0,inner,"[0.6, 0.9)",72,12,0.76524262306671,0.8102146990740741,0.04497207600736411,0.0052082319572020076
B,7,0,inner,"[0.9, 1.1)",9,5,1.0171726347816668,1.141212962962963,0.12404032818129619,0.0097369115781974
B,7,0,inner,"[1.1, 1.3)",5,3,1.1984406710017725,1.2338916666666666,0.03545099566489403,0.0009770345645935493
B,7,0,inner,"[1.3, inf)",10,9,1.4588733081919876,1.4610958333333333,0.002222525141345866,0.004822475727250655
B,7,0,outer,"[-inf, 0.6)",148,0,0.42780960193657624,0.4128400900900901,-0.014969511846486143,0.0027739685169168057
B,7,0,outer,"[0.6, 0.9)",79,4,0.7251523524098206,0.7212573839662447,-0.003894968443575768,-0.0005188015899717915
B,7,0,outer,"[0.9, 1.1)",12,6,0.9931357964814932,1.0442743055555554,0.05113850907406233,0.0008187494723268518
B,7,0,outer,"[1.1, 1.3)",8,5,1.1739023676667277,1.2200833333333334,0.046180965666605706,0.006189103088831114
B,7,0,outer,"[1.3, inf)",16,14,1.4348915586314492,1.5507109374999999,0.11581937886855063,0.002835047298586018
B,7,6,inner,"[-inf, 0.6)",241,2,0.32995757742673726,0.3338122406639004,0.003854663237163166,0.0021548895915834755
B,7,6,inner,"[0.6, 0.9)",72,12,0.7517046951764517,0.8055422453703703,0.05383755019391867,0.007608713270472877
B,7,6,inner,"[0.9, 1.1)",9,4,0.983071554438911,1.0279814814814816,0.04490992704257038,0.010050338160576126
B,7,6,inner,"[1.1, 1.3)",5,4,1.182637230424099,1.4377083333333334,0.2550711029092342,0.007802885172578128
B,7,6,inner,"[1.3, inf)",10,9,1.4441614467927206,1.4610958333333333,0.0169343865406127,0.008390042778924727
B,7,6,outer,"[-inf, 0.6)",149,0,0.4215503746907557,0.4116532438478747,-0.00989713084288094,0.004416892703983601
B,7,6,outer,"[0.6, 0.9)",81,5,0.7233300312098192,0.7338065843621399,0.010476553152320697,0.0017326099205500832
B,7,6,outer,"[0.9, 1.1)",11,5,0.9836380232373528,1.043003787878788,0.05936576464143497,0.0038966231353268284
B,7,6,outer,"[1.1, 1.3)",8,6,1.2005241389525205,1.26040625,0.05988211104747948,0.0042999140645762525
B,7,6,outer,"[1.3, inf)",14,13,1.4662905473821444,1.6322886904761904,0.1659981430940461,0.006831827967853706
B,7,12,inner,"[-inf, 0.6)",242,2,0.32851068125981253,0.3340523415977961,0.005541660337983596,0.002520265121516984
B,7,12,inner,"[0.6, 0.9)",72,12,0.7537719246414062,0.8060266203703704,0.0522546957289641,0.00892724217231947
B,7,12,inner,"[0.9, 1.1)",8,5,0.9830958127010029,1.1868541666666665,0.20375835396566375,0.01670109744474505
B,7,12,inner,"[1.1, 1.3)",7,4,1.2076493817607683,1.2742619047619048,0.06661252300113654,0.005952750922675712
B,7,12,inner,"[1.3, inf)",8,8,1.4404504306127703,1.526234375,0.08578394438722967,0.012321225752256129
B,7,12,outer,"[-inf, 0.6)",149,0,0.42206080701402715,0.4116532438478747,-0.010407563166152429,0.005015214522389485
B,7,12,outer,"[0.6, 0.9)",81,4,0.7216572799904064,0.7269156378600823,0.0052583578696759285,0.0026858530342516486
B,7,12,outer,"[0.9, 1.1)",11,6,0.9699242922767453,1.093746212121212,0.12382191984446678,0.004047984659029945
B,7,12,outer,"[1.1, 1.3)",9,7,1.2011904881936442,1.2903333333333333,0.0891428451396891,0.0074131914708555425
B,7,12,outer,"[1.3, inf)",13,12,1.466228539013805,1.640176282051282,0.173947743037477,0.00712159882290711
B,7,23,inner,"[-inf, 0.6)",242,2,0.33411470067406807,0.33193973829201107,-0.002174962382057041,0.0003861546738475282
B,7,23,inner,"[0.6, 0.9)",62,8,0.7611035409042215,0.7809005376344086,0.019796996730187158,0.007110498792336308
B,7,23,inner,"[0.9, 1.1)",17,8,0.9637860758191453,1.0669044117647057,0.10311833594556047,0.007333225464866927
B,7,23,inner,"[1.1, 1.3)",7,4,1.224369013579679,1.2471071428571427,0.022738129277463992,0.004554963916506931
B,7,23,inner,"[1.3, inf)",9,9,1.4225092014966385,1.5429722222222222,0.12046302072558368,0.008711590087285863
B,7,23,outer,"[-inf, 0.6)",145,0,0.4302638150266093,0.4081764367816092,-0.022087378245000133,0.0028662264793042104
B,7,23,outer,"[0.6, 0.9)",82,4,0.7339651478022778,0.7161239837398374,-0.017841164062440452,-0.0003489261190603276
B,7,23,outer,"[0.9, 1.1)",13,5,0.9972696378713556,0.985400641025641,-0.011868996845714621,0.0004591312321294654
B,7,23,outer,"[1.1, 1.3)",7,6,1.198544085425069,1.379095238095238,0.180551152670169,0.0028197063930672163
B,7,23,outer,"[1.3, inf)",16,14,1.4702597491960194,1.5507109374999999,0.08045118830398054,0.0016113842643285514
B,101,0,inner,"[-inf, 0.6)",240,2,0.3364292121451893,0.33196805555555553,-0.004461156589633723,0.0003751659374248291
B,101,0,inner,"[0.6, 0.9)",72,11,0.7667732903907145,0.7986880787037037,0.03191478831298919,0.004786707293580622
B,101,0,inner,"[0.9, 1.1)",10,5,1.0089600099170297,1.0748583333333335,0.06589832341630367,0.006646364055020794
B,101,0,inner,"[1.1, 1.3)",6,5,1.2310975965479418,1.4397638888888888,0.20866629234094702,0.009077720816644758
B,101,0,inner,"[1.3, inf)",9,8,1.4759781860867411,1.4371203703703703,-0.03885781571637096,0.0015286992064862134
B,101,0,outer,"[-inf, 0.6)",149,0,0.4257305490315858,0.4144046420581655,-0.011325906973420228,0.002366839314950222
B,101,0,outer,"[0.6, 0.9)",76,4,0.7102607599989756,0.7214281798245614,0.011167419825585789,-0.001125386035102202
B,101,0,outer,"[0.9, 1.1)",14,6,0.9636862159726388,1.002580357142857,0.03889414117021837,0.0006909667434156906
B,101,0,outer,"[1.1, 1.3)",9,6,1.1822409014435946,1.2304444444444445,0.04820354300084971,0.005306552809531497
B,101,0,outer,"[1.3, inf)",15,13,1.4304570180870502,1.5665361111111111,0.13607909302406102,0.0005211761808143698
B,101,6,inner,"[-inf, 0.6)",241,2,0.3308044405535468,0.3332456777316736,0.002441237178126815,0.002006586078599318
B,101,6,inner,"[0.6, 0.9)",72,12,0.7534804764436759,0.8141284722222222,0.06064799577854634,0.007299608421516834
B,101,6,inner,"[0.9, 1.1)",8,3,0.9667391290075571,0.91803125,-0.04870787900755719,0.011284493742209205
B,101,6,inner,"[1.1, 1.3)",8,7,1.2025393914237235,1.4910937499999999,0.2885543585762765,0.009635532235000778
B,101,6,inner,"[1.3, inf)",8,7,1.470851107306288,1.4120833333333334,-0.058767773972954795,0.008121540011207504
B,101,6,outer,"[-inf, 0.6)",151,0,0.4216410326722751,0.4155587748344371,-0.006082257837838004,0.004160922670950646
B,101,6,outer,"[0.6, 0.9)",79,5,0.721994096216734,0.7386054852320675,0.016611389015333513,0.0015311778676210528
B,101,6,outer,"[0.9, 1.1)",11,5,0.9735043628973293,1.0135,0.03999563710267073,0.005293217859748508
B,101,6,outer,"[1.1, 1.3)",9,7,1.2078882313847734,1.2903333333333333,0.08244510194855989,0.006045318636144225
B,101,6,outer,"[1.3, inf)",13,12,1.4652078838919373,1.640176282051282,0.17496839815934473,0.005469668662806295
B,101,12,inner,"[-inf, 0.6)",242,2,0.32954550398475174,0.33372400137741043,0.004178497392658724,0.0024036066788712387
B,101,12,inner,"[0.6, 0.9)",71,11,0.754257736063823,0.8043415492957746,0.050083813231951685,0.008147013244260719
B,101,12,inner,"[0.9, 1.1)",10,6,0.98627083755296,1.1418,0.15552916244703993,0.014880141002116409
B,101,12,inner,"[1.1, 1.3)",5,4,1.2192081157495074,1.4555166666666666,0.2363085509171592,0.012280102710275085
B,101,12,inner,"[1.3, inf)",9,8,1.4192467532746635,1.4371203703703703,0.017873617095706857,0.009343465201948254
B,101,12,outer,"[-inf, 0.6)",150,0,0.4217889943160182,0.4132152777777778,-0.008573716538240416,0.004729044334333119
B,101,12,outer,"[0.6, 0.9)",81,4,0.7208424878705662,0.7282165637860082,0.0073740759154420354,0.0023544687854604833
B,101,12,outer,"[0.9, 1.1)",10,6,0.96635443787646,1.1279875,0.16163306212354,0.005087324371630508
B,101,12,outer,"[1.1, 1.3)",9,7,1.1965439996621474,1.2903333333333333,0.09378933367118585,0.0071180597128650035
B,101,12,outer,"[1.3, inf)",13,12,1.4563457491487115,1.640176282051282,0.18383053290257034,0.006710574159920913
B,101,23,inner,"[-inf, 0.6)",242,2,0.335029650768288,0.33193973829201107,-0.003089912476276965,0.00017371403651225052
B,101,23,inner,"[0.6, 0.9)",64,9,0.7679625904256064,0.7975078125,0.02954522207439353,0.0068507753771162696
B,101,23,inner,"[0.9, 1.1)",14,6,0.9681904382552452,0.9858869047619047,0.017696466506659552,0.006850435234908789
B,101,23,inner,"[1.1, 1.3)",9,6,1.2177030949695817,1.346324074074074,0.12862097910449238,0.0031905648948276958
B,101,23,inner,"[1.3, inf)",8,8,1.4346691877296627,1.526234375,0.09156518727033722,0.011561830172871471
B,101,23,outer,"[-inf, 0.6)",146,0,0.43054140605936864,0.4098938356164384,-0.020647570442930273,0.002593582444252142
B,101,23,outer,"[0.6, 0.9)",80,4,0.7296401918172472,0.71656875,-0.013071441817247212,-0.0003896374231079147
B,101,23,outer,"[0.9, 1.1)",14,5,0.9804965556144652,0.9677113095238096,-0.012785246090655797,-0.0006974897500572003
B,101,23,outer,"[1.1, 1.3)",8,7,1.2061884706654433,1.370875,0.16468652933455658,0.00326861319941991
B,101,23,outer,"[1.3, inf)",15,13,1.472409698274593,1.5665361111111111,0.09412641283651808,0.0009903255334673107
B,2024,0,inner,"[-inf, 0.6)",240,2,0.33741665196386106,0.33196805555555553,-0.005448596408305519,0.0003735597089205463
B,2024,0,inner,"[0.6, 0.9)",72,11,0.7667506709553606,0.7986880787037037,0.03193740774834308,0.004877171564394822
B,2024,0,inner,"[0.9, 1.1)",9,5,0.9893455985962112,1.0922824074074073,0.10293680881119623,0.009243086514444748
B,2024,0,inner,"[1.1, 1.3)",7,4,1.208533260471892,1.2291369047619047,0.020603644290012917,0.00012570743534686738
B,2024,0,inner,"[1.3, inf)",9,9,1.4579521483135096,1.5429722222222222,0.08502007390871252,0.006589594186504932
B,2024,0,outer,"[-inf, 0.6)",147,0,0.42601914265294716,0.4103667800453515,-0.015652362607595675,0.0023932161941458757
B,2024,0,outer,"[0.6, 0.9)",79,4,0.7176284450114342,0.7218233122362869,0.004194867224852682,-0.00090796218649174
B,2024,0,outer,"[0.9, 1.1)",14,6,0.9902296339161643,1.0094761904761904,0.01924655656002625,0.0016416689149831303
B,2024,0,outer,"[1.1, 1.3)",8,5,1.1890692199727557,1.1921249999999999,0.003055780027244326,0.0024985203964802407
B,2024,0,outer,"[1.3, inf)",15,14,1.427337126280101,1.611025,0.183687873719899,0.004073621740814677
B,2024,6,inner,"[-inf, 0.6)",241,2,0.33026066354621875,0.3338122406639004,0.00355157711768162,0.002149096402065842
B,2024,6,inner,"[0.6, 0.9)",72,12,0.753041875265731,0.8098929398148148,0.056851064549083924,0.00750185647117054
B,2024,6,inner,"[0.9, 1.1)",9,4,0.9781012451238654,1.0247731481481481,0.04667190302428259,0.009999845732329739
B,2024,6,inner,"[1.1, 1.3)",6,4,1.2081080399621922,1.2713958333333333,0.06328779337114122,0.0042291436336696795
B,2024,6,inner,"[1.3, inf)",9,9,1.449551172145891,1.5429722222222222,0.09342105007633121,0.010579373663988522
B,2024,6,outer,"[-inf, 0.6)",148,0,0.4201886616931886,0.4091886261261261,-0.011000035567062482,0.0043465488749709225
B,2024,6,outer,"[0.6, 0.9)",82,5,0.7200084809482971,0.7382840447154471,0.018275563767150158,0.0014779685859777323
B,2024,6,outer,"[0.9, 1.1)",11,5,0.9772214363464133,1.0135,0.03627856365358659,0.0055464798693017035
B,2024,6,outer,"[1.1, 1.3)",8,6,1.2011784995534116,1.26040625,0.059227750446588484,0.004459471799119583
B,2024,6,outer,"[1.3, inf)",14,13,1.454019667051807,1.6322886904761904,0.1782690234243833,0.006795686332429803
B,2024,12,inner,"[-inf, 0.6)",241,2,0.3279925502992024,0.33318654910096823,0.0051939988017657675,0.002483700523122493
B,2024,12,inner,"[0.6, 0.9)",72,11,0.7516706321242159,0.7996041666666667,0.047933534542450765,0.008248841083788504
B,2024,12,inner,"[0.9, 1.1)",9,6,0.968478173962884,1.1666620370370369,0.1981838630741529,0.017398642592920566
B,2024,12,inner,"[1.1, 1.3)",7,4,1.209801296513049,1.2742619047619048,0.06446060824885584,0.005720731282287119
B,2024,12,inner,"[1.3, inf)",8,8,1.4369727154564085,1.526234375,0.08926165954359142,0.011661489661243547
B,2024,12,outer,"[-inf, 0.6)",148,0,0.42118850403418,0.4091886261261261,-0.011999877908053895,0.004848544086742563
B,2024,12,outer,"[0.6, 0.9)",83,4,0.7213564161301896,0.7278062248995983,0.006449808769408759,0.0024087323509732056
B,2024,12,outer,"[0.9, 1.1)",10,6,0.9687169804415842,1.1279875,0.15927051955841579,0.005257698950955989
B,2024,12,outer,"[1.1, 1.3)",9,7,1.2017222763026194,1.2903333333333333,0.08861105703071387,0.007396149179656734
B,2024,12,outer,"[1.3, inf)",13,12,1.4577633364791114,1.640176282051282,0.18241294557217058,0.006876577531800405
B,2024,23,inner,"[-inf, 0.6)",240,2,0.33246595227687564,0.3311204861111111,-0.0013454661657644773,0.00034712944453572925
B,2024,23,inner,"[0.6, 0.9)",66,9,0.7636281567671549,0.7863787878787878,0.022750631111633002,0.006410189000411692
B,2024,23,inner,"[0.9, 1.1)",15,7,0.9680966082169289,1.0341805555555554,0.06608394733862658,0.007321274275561329
B,2024,23,inner,"[1.1, 1.3)",8,5,1.2334775923083707,1.300828125,0.06735053269162922,0.0015251855373378596
B,2024,23,inner,"[1.3, inf)",8,8,1.435773500003859,1.526234375,0.09046087499614111,0.011337613205044558
B,2024,23,outer,"[-inf, 0.6)",145,0,0.4309135091872343,0.4081764367816092,-0.022737072405625083,0.002663730930882026
B,2024,23,outer,"[0.6, 0.9)",82,4,0.7342816392224036,0.7144283536585366,-0.019853285563867125,-0.0004970656284645198
B,2024,23,outer,"[0.9, 1.1)",13,5,0.9896645347658783,0.9960961538461538,0.006431619080275521,0.000450209790272631
B,2024,23,outer,"[1.1, 1.3)",8,6,1.2133187338013485,1.2874583333333334,0.07413959953198476,5.79696378622185e-05
B,2024,23,outer,"[1.3, inf)",15,14,1.4748210691010708,1.611025,0.13620393089892918,0.0025072487128524096
DIAG10,7,0,inner,"[-inf, 0.6)",516,0,0.3425770705166834,0.3408090277777778,-0.0017680427389056286,-0.001836228612342157
DIAG10,7,0,inner,"[0.6, 0.9)",113,7,0.7285367652474422,0.693931784660767,-0.034604980586675174,-0.004144742476986107
DIAG10,7,0,inner,"[0.9, 1.1)",25,8,0.9845027035162155,0.9432166666666667,-0.04128603684954882,-0.005084933944105526
DIAG10,7,0,inner,"[1.1, 1.3)",16,8,1.1884547819458235,1.0774166666666667,-0.11103811527915698,-0.0030327958938632256
DIAG10,7,0,inner,"[1.3, inf)",31,23,1.464618904611787,1.4218198924731182,-0.042799012138668636,-0.005749337018069567
DIAG10,7,0,outer,"[-inf, 0.6)",261,0,0.350758958195583,0.35127506385696045,0.0005161056613773813,-0.0017928425610688418
DIAG10,7,0,outer,"[0.6, 0.9)",60,5,0.7485475172707482,0.7421361111111111,-0.0064114061596370914,-0.004750560153162031
DIAG10,7,0,outer,"[0.9, 1.1)",15,7,1.0043580377965815,1.0741222222222222,0.0697641844256407,-0.006377059387218833
DIAG10,7,0,outer,"[1.1, 1.3)",8,5,1.1910828819962176,1.301046875,0.10996399300378251,-0.009731499398028948
DIAG10,7,0,outer,"[1.3, inf)",16,14,1.499026963766432,1.5573723958333332,0.058345432066901334,-0.009056845441131887
DIAG10,7,6,inner,"[-inf, 0.6)",518,0,0.3376156280930976,0.3410796332046332,0.0034640051115355807,-0.00044626829877688023
DIAG10,7,6,inner,"[0.6, 0.9)",115,7,0.7268953167732646,0.6980757246376811,-0.02881959213558342,-0.002017853166044307
DIAG10,7,6,inner,"[0.9, 1.1)",24,9,0.9776250263000671,1.0035850694444444,0.02596004314437739,-0.0005395097826883344
DIAG10,7,6,inner,"[1.1, 1.3)",18,8,1.1981564871939836,1.0061319444444445,-0.19202454274953917,-0.002835922958291636
DIAG10,7,6,inner,"[1.3, inf)",26,22,1.468055619340824,1.538956730769231,0.07090111142840654,-0.0003777147566197394
DIAG10,7,6,outer,"[-inf, 0.6)",262,0,0.3461663796500273,0.35283699109414757,0.006670611444120321,-0.00039523224737975386
DIAG10,7,6,outer,"[0.6, 0.9)",60,5,0.740065961857131,0.74153125,0.001465288142868898,-0.002892113242101326
DIAG10,7,6,outer,"[0.9, 1.1)",14,7,0.9880076082483343,1.0991160714285715,0.11110846318023705,-0.0032348095906626073
DIAG10,7,6,outer,"[1.1, 1.3)",10,5,1.1665491550011697,1.2029375,0.0363883449988302,-0.007023880738823973
DIAG10,7,6,outer,"[1.3, inf)",14,14,1.5068563365004404,1.6640684523809524,0.15721211588051207,-0.002817692191668293
DIAG10,7,12,inner,"[-inf, 0.6)",521,0,0.33757616795652534,0.3417400031989763,0.004163835242450973,-7.272940517070966e-05
DIAG10,7,12,inner,"[0.6, 0.9)",112,8,0.7275450382712471,0.7094021577380952,-0.01814288053315186,-0.000962609038163768
DIAG10,7,12,inner,"[0.9, 1.1)",25,8,0.9760139252325929,0.9765633333333333,0.000549408100740405,0.0001448008098655084
DIAG10,7,12,inner,"[1.1, 1.3)",19,9,1.1991586600315227,1.0228464912280701,-0.17631216880345255,-0.0004648729503015426
DIAG10,7,12,inner,"[1.3, inf)",24,21,1.4533067313868002,1.5758124999999998,0.12250576861319984,0.002856390314622408
DIAG10,7,12,outer,"[-inf, 0.6)",260,0,0.34271683933603503,0.35005833333333336,0.007341493997298287,2.2564582795440504e-06
DIAG10,7,12,outer,"[0.6, 0.9)",63,6,0.7363086640814084,0.744843253968254,0.008534589886845549,-0.0017590239284574192
DIAG10,7,12,outer,"[0.9, 1.1)",15,7,0.9947085641345959,1.0590583333333334,0.06434976919873753,-0.0029323197434690646
DIAG10,7,12,outer,"[1.1, 1.3)",9,5,1.1875037959507195,1.2890972222222221,0.1015934262715026,-0.00574352781985317
DIAG10,7,12,outer,"[1.3, inf)",13,13,1.5000941985942267,1.7093141025641025,0.20921990396987572,6.124254060868878e-05
DIAG10,7,23,inner,"[-inf, 0.6)",517,0,0.3418774613893571,0.339097114764668,-0.0027803466246891333,-0.002030883118372376
DIAG10,7,23,inner,"[0.6, 0.9)",107,6,0.7306941717857811,0.6986195482866043,-0.03207462349917678,-0.0031006366100693027
DIAG10,7,23,inner,"[0.9, 1.1)",30,7,0.9816921859491896,0.8620472222222222,-0.11964496372696741,-0.003781967387082003
DIAG10,7,23,inner,"[1.1, 1.3)",21,11,1.1897091361414946,1.1170793650793651,-0.0726297710621295,-0.002139336823845509
DIAG10,7,23,inner,"[1.3, inf)",26,22,1.4653630560389164,1.5300641025641026,0.06470104652518599,-0.0008771877243633254
DIAG10,7,23,outer,"[-inf, 0.6)",260,0,0.34965328289864933,0.34894375,-0.0007095328986493533,-0.0018912829106099147
DIAG10,7,23,outer,"[0.6, 0.9)",58,1,0.7460026446492619,0.7101566091954024,-0.03584603545385962,-0.004433814948236229
DIAG10,7,23,outer,"[0.9, 1.1)",17,9,0.9844483201670872,1.056203431372549,0.07175511120546174,-0.005015476977594132
DIAG10,7,23,outer,"[1.1, 1.3)",10,6,1.179179758395082,1.2694,0.09022024160491798,-0.007308075696481247
DIAG10,7,23,outer,"[1.3, inf)",15,15,1.4891802947784165,1.6723472222222222,0.18316692744380572,-0.004427127818539639
DIAG10,101,0,inner,"[-inf, 0.6)",515,0,0.3425510944516658,0.33931771844660197,-0.003233376005063874,-0.001994561801129021
DIAG10,101,0,inner,"[0.6, 0.9)",114,6,0.7305093687153515,0.6925127923976608,-0.03799657631769063,-0.004527941191223414
DIAG10,101,0,inner,"[0.9, 1.1)",26,9,0.9895183160436459,0.9542051282051283,-0.0353131878385177,-0.0044153570956121406
DIAG10,101,0,inner,"[1.1, 1.3)",16,8,1.2098062423091824,1.0740703125,-0.13573592980918242,-0.003683972108663628
DIAG10,101,0,inner,"[1.3, inf)",30,23,1.4685933424904587,1.4492569444444443,-0.01933639804601447,-0.006070098616761218
DIAG10,101,0,outer,"[-inf, 0.6)",263,0,0.35240544649992556,0.3520996514575412,-0.0003057950423843811,-0.0019551378889650136
DIAG10,101,0,outer,"[0.6, 0.9)",58,5,0.7496419268920818,0.754396551724138,0.0047546248320561695,-0.004929258934313266
DIAG10,101,0,outer,"[0.9, 1.1)",14,6,0.9908408384862958,1.0381488095238096,0.047307971037513726,-0.006167281869564711
DIAG10,101,0,outer,"[1.1, 1.3)",9,6,1.1800711413861924,1.3155416666666666,0.13547052528047424,-0.010693781581122675
DIAG10,101,0,outer,"[1.3, inf)",16,14,1.4992869416958592,1.5573723958333332,0.05808545413747414,-0.009515692076807672
DIAG10,101,6,inner,"[-inf, 0.6)",519,0,0.3390203452416889,0.3414771997430957,0.002456854501406822,-0.0006029858774184825
DIAG10,101,6,inner,"[0.6, 0.9)",112,6,0.7266116300760931,0.6956253720238096,-0.03098625805228363,-0.0022517684568214404
DIAG10,101,6,inner,"[0.9, 1.1)",27,11,0.9735060475610681,0.9970324074074074,0.02352635984633939,0.0007229900093231203
DIAG10,101,6,inner,"[1.1, 1.3)",19,7,1.2144610866462333,0.9774627192982456,-0.23699836734798788,-0.0015932162833126756
DIAG10,101,6,inner,"[1.3, inf)",24,22,1.4745187754505877,1.6057864583333332,0.13126768288274576,-0.000849874502323484
DIAG10,101,6,outer,"[-inf, 0.6)",261,0,0.34534993476394604,0.3506714559386973,0.005321521174751291,-0.0005174479542968551
DIAG10,101,6,outer,"[0.6, 0.9)",63,6,0.7444645405622041,0.7511580687830688,0.006693528220864643,-0.0027062376743650163
DIAG10,101,6,outer,"[0.9, 1.1)",13,6,1.0083463334301972,1.0742596153846153,0.06591328195441819,-0.004037124730268007
DIAG10,101,6,outer,"[1.1, 1.3)",9,5,1.1787526376587212,1.2820648148148148,0.10331217715609353,-0.006741196590019822
DIAG10,101,6,outer,"[1.3, inf)",14,14,1.5057144386852641,1.6640684523809524,0.1583540136956882,-0.002736313171085762
DIAG10,101,12,inner,"[-inf, 0.6)",520,0,0.3377933967720338,0.34067732371794873,0.002883926945914906,-0.000176501720424017
DIAG10,101,12,inner,"[0.6, 0.9)",112,7,0.7257831818606736,0.7030081845238095,-0.02277499733686408,-0.0008108516864168822
DIAG10,101,12,inner,"[0.9, 1.1)",27,10,0.9756824536663022,1.001375,0.025692546333697813,0.00036750713853702136
DIAG10,101,12,inner,"[1.1, 1.3)",18,8,1.2025858927133044,1.0234166666666666,-0.1791692260466379,-0.00047027577293660066
DIAG10,101,12,inner,"[1.3, inf)",24,21,1.445134248757845,1.5758124999999998,0.13067825124215493,0.00334194063764265
DIAG10,101,12,outer,"[-inf, 0.6)",261,0,0.34386093771287446,0.3502306832694764,0.006369745556601874,-8.004756234929197e-05
DIAG10,101,12,outer,"[0.6, 0.9)",63,6,0.7422569675174998,0.752984126984127,0.01072715946662711,-0.0015431079839243475
DIAG10,101,12,outer,"[0.9, 1.1)",13,6,0.9909168613936051,1.0742596153846153,0.08334275399101025,-0.0023820935816255477
DIAG10,101,12,outer,"[1.1, 1.3)",10,6,1.1798212027714425,1.2614458333333334,0.08162463056189075,-0.006215805188579983
DIAG10,101,12,outer,"[1.3, inf)",13,13,1.4982908532096262,1.7093141025641025,0.21102324935447614,0.00024313216734930544
DIAG10,101,23,inner,"[-inf, 0.6)",516,0,0.34188243930481255,0.3384849806201551,-0.003397458684657486,-0.002083359268242115
DIAG10,101,23,inner,"[0.6, 0.9)",109,6,0.7322535474653782,0.6968318042813456,-0.035421743184032586,-0.0032152303661804843
DIAG10,101,23,inner,"[0.9, 1.1)",29,7,0.9818173041036868,0.8728965517241379,-0.10892075237954893,-0.003293455836023304
DIAG10,101,23,inner,"[1.1, 1.3)",21,11,1.1900686766615198,1.1170793650793651,-0.07298931158215471,-0.002112246223099535
DIAG10,101,23,inner,"[1.3, inf)",26,22,1.4585597015690488,1.5300641025641026,0.07150440099505363,-0.000443498444494608
DIAG10,101,23,outer,"[-inf, 0.6)",260,0,0.3499833862956582,0.34894375,-0.0010396362956582319,-0.0019506257628908545
DIAG10,101,23,outer,"[0.6, 0.9)",59,1,0.7500290393282403,0.7135084745762712,-0.03652056475196914,-0.004226590542469009
DIAG10,101,23,outer,"[0.9, 1.1)",17,10,0.9996941000166982,1.0675980392156863,0.06790393919898795,-0.004754044465582308
DIAG10,101,23,outer,"[1.1, 1.3)",11,7,1.2079479512323177,1.3142272727272728,0.10627932149495489,-0.00927435209169713
DIAG10,101,23,outer,"[1.3, inf)",13,13,1.517501918207047,1.7093141025641025,0.19181218435705535,-0.002571198373108149
DIAG10,2024,0,inner,"[-inf, 0.6)",515,0,0.3430459619557515,0.34004328478964396,-0.0030026771661074416,-0.0021822513481365713
DIAG10,2024,0,inner,"[0.6, 0.9)",113,6,0.7309824784988629,0.6909133480825959,-0.04006913041626704,-0.004622864073979035
DIAG10,2024,0,inner,"[0.9, 1.1)",26,9,0.9885403378676412,0.9483333333333334,-0.04020700453430784,-0.0058222751843775514
DIAG10,2024,0,inner,"[1.1, 1.3)",15,7,1.194899631130558,1.065911111111111,-0.12898852001944705,-0.003245019399512871
DIAG10,2024,0,inner,"[1.3, inf)",32,24,1.4645154290063618,1.4164505208333333,-0.04806490817302854,-0.0074092329251563855
DIAG10,2024,0,outer,"[-inf, 0.6)",260,0,0.3511479400285778,0.351275641025641,0.00012770099706321206,-0.0020773873994831267
DIAG10,2024,0,outer,"[0.6, 0.9)",62,5,0.750413304162432,0.7412170698924732,-0.009196234269958933,-0.005336846031118332
DIAG10,2024,0,outer,"[0.9, 1.1)",14,7,1.0195355322216613,1.0739761904761904,0.05444065825452909,-0.006308821934237481
DIAG10,2024,0,outer,"[1.1, 1.3)",7,4,1.1819001576110106,1.2314464285714286,0.049546270960417874,-0.011265251872251658
DIAG10,2024,0,outer,"[1.3, inf)",17,15,1.4852946925043358,1.570953431372549,0.08565873886821318,-0.01008744924422717
DIAG10,2024,6,inner,"[-inf, 0.6)",516,0,0.3372263669253512,0.3400037144702842,0.0027773475449330465,-0.0006717870480106573
DIAG10,2024,6,inner,"[0.6, 0.9)",116,6,0.7277297143081459,0.6930043103448276,-0.03472540396331838,-0.0024081288378287086
DIAG10,2024,6,inner,"[0.9, 1.1)",25,11,0.9776110275525315,1.0229566666666665,0.04534563911413521,0.0003368685843769366
DIAG10,2024,6,inner,"[1.1, 1.3)",17,6,1.1993283815963007,0.9728946078431373,-0.22643377375316362,-0.0029799236935235773
DIAG10,2024,6,inner,"[1.3, inf)",27,23,1.4583997477645336,1.526804012345679,0.06840426458114533,-0.0017802812900303484
DIAG10,2024,6,outer,"[-inf, 0.6)",260,0,0.34442863295345305,0.3519477564102564,0.007519123456803352,-0.0005672774409716775
DIAG10,2024,6,outer,"[0.6, 0.9)",63,6,0.7402669530928947,0.7370456349206349,-0.0032213181722598365,-0.003079433036109532
DIAG10,2024,6,outer,"[0.9, 1.1)",13,6,1.0006323281501444,1.1063461538461539,0.10571382569600951,-0.0035694665477409844
DIAG10,2024,6,outer,"[1.1, 1.3)",10,5,1.168884081470282,1.2029375,0.03405341852971794,-0.007717437233448832
DIAG10,2024,6,outer,"[1.3, inf)",14,14,1.5046015603734488,1.6640684523809524,0.15946689200750333,-0.0033761356216187957
DIAG10,2024,12,inner,"[-inf, 0.6)",520,0,0.3374184396566099,0.3409120993589744,0.0034936597023644636,-0.0002443604160177134
DIAG10,2024,12,inner,"[0.6, 0.9)",111,7,0.7280531161129861,0.7063427177177177,-0.0217103983952683,-0.001241057435090507
DIAG10,2024,12,inner,"[0.9, 1.1)",28,10,0.97718681341736,0.973139880952381,-0.004046932464979137,0.000425771369056597
DIAG10,2024,12,inner,"[1.1, 1.3)",18,8,1.209253907892852,1.0234166666666666,-0.1858372412261852,-0.0011395493819489027
DIAG10,2024,12,inner,"[1.3, inf)",24,21,1.447578272592881,1.5758124999999998,0.12823422740711876,0.0023737458909350666
DIAG10,2024,12,outer,"[-inf, 0.6)",262,0,0.3447124467654193,0.3523474872773537,0.00763504051193444,-0.00015170070344186566
DIAG10,2024,12,outer,"[0.6, 0.9)",62,6,0.744567692761695,0.7505349462365591,0.00596725347486413,-0.0018299020865286948
DIAG10,2024,12,outer,"[0.9, 1.1)",14,7,1.006274604271336,1.0698541666666668,0.06357956239533072,-0.0034483336995215354
DIAG10,2024,12,outer,"[1.1, 1.3)",9,5,1.1892892381565616,1.2890972222222221,0.09980798406566051,-0.006349379018922397
DIAG10,2024,12,outer,"[1.3, inf)",13,13,1.4972530491674394,1.7093141025641025,0.21206105339666304,-0.0003396135584742266
DIAG10,2024,23,inner,"[-inf, 0.6)",516,0,0.3415127663622235,0.3384849806201551,-0.0030277857420684343,-0.002127520910168709
DIAG10,2024,23,inner,"[0.6, 0.9)",108,6,0.7339520830010591,0.696608024691358,-0.03734405830970101,-0.003429789274280464
DIAG10,2024,23,inner,"[0.9, 1.1)",30,7,0.9835128182632309,0.8678333333333333,-0.11567948492989763,-0.0038230021742455683
DIAG10,2024,23,inner,"[1.1, 1.3)",21,11,1.1944721658347217,1.1170793650793651,-0.07739280075535653,-0.002745608787364818
DIAG10,2024,23,inner,"[1.3, inf)",26,22,1.4606879191393338,1.5300641025641026,0.06937618342476877,-0.0013768146827178804
DIAG10,2024,23,outer,"[-inf, 0.6)",260,0,0.34974695512061504,0.34894375,-0.0008032051206150352,-0.001996783098833538
DIAG10,2024,23,outer,"[0.6, 0.9)",59,1,0.7487606024667693,0.7135084745762712,-0.03525212789049818,-0.004452453189075217
DIAG10,2024,23,outer,"[0.9, 1.1)",17,10,1.0039272779812394,1.0675980392156863,0.06367076123444682,-0.005103097602699833
DIAG10,2024,23,outer,"[1.1, 1.3)",10,6,1.1971117303770904,1.3380625,0.14095076962290953,-0.009098703502863664
DIAG10,2024,23,outer,"[1.3, inf)",14,14,1.501475608391818,1.6640684523809524,0.1625928439891344,-0.004403910246433636
EXT10,7,0,inner,"[-inf, 0.6)",45,0,0.3130786329041694,0.32411203703703706,0.011033404132867696,0.002683568443003474
EXT10,7,0,inner,"[0.6, 0.9)",3,0,0.6291145368582641,0.4229583333333333,-0.20615620352493083,0.0047258608663061415
EXT10,7,0,inner,"[0.9, 1.1)",1,1,0.9429717124652719,1.7102916666666665,0.7673199542013946,0.008407443742585886
EXT10,7,0,inner,"[1.1, 1.3)",1,1,1.1463648472133308,1.3133333333333332,0.16696848612000248,0.010841582620112714
EXT10,7,0,outer,"[-inf, 0.6)",49,0,0.46687664753900454,0.44681802721088437,-0.020058620328120155,0.0035952324178083455
EXT10,7,0,outer,"[0.6, 0.9)",20,6,0.749236639825521,1.0337375,0.28450086017447895,0.006134907756795941
EXT10,7,0,outer,"[0.9, 1.1)",5,4,0.99683565788176,1.7011583333333333,0.7043226754515733,0.009043497884263502
EXT10,7,0,outer,"[1.3, inf)",1,0,1.3694450491779784,0.646,-0.7234450491779784,0.013531975679305686
EXT10,7,6,inner,"[-inf, 0.6)",47,0,0.3167472880977408,0.3278980496453901,0.011150761547649289,0.004534773496626048
EXT10,7,6,inner,"[0.6, 0.9)",1,0,0.6413205716337289,0.4427083333333333,-0.1986122383003956,0.007272164271147515
EXT10,7,6,inner,"[0.9, 1.1)",2,2,1.009319251107823,1.5118125,0.502493248892177,0.012316324093542032
EXT10,7,6,outer,"[-inf, 0.6)",49,0,0.46179327122552805,0.44681802721088437,-0.014975244014643712,0.005647293328392346
EXT10,7,6,outer,"[0.6, 0.9)",22,8,0.746652223743583,1.1122329545454546,0.3655807308018714,0.008711937796959975
EXT10,7,6,outer,"[0.9, 1.1)",3,2,0.9315719825152745,1.5704722222222223,0.6389002397069476,0.011239597505567167
EXT10,7,6,outer,"[1.1, 1.3)",1,0,1.2254553620988757,0.646,-0.5794553620988757,0.015321723705027011
EXT10,7,12,inner,"[-inf, 0.6)",47,0,0.316753294211215,0.3278980496453901,0.011144755434175068,0.004532542954427847
EXT10,7,12,inner,"[0.6, 0.9)",2,1,0.7789334970618396,1.0765,0.29756650293816034,0.008924021475782553
EXT10,7,12,inner,"[1.1, 1.3)",1,1,1.101856264848479,1.3133333333333332,0.21147706848485415,0.013127831327753811
EXT10,7,12,outer,"[-inf, 0.6)",49,0,0.4640122579512233,0.44681802721088437,-0.017194230740338955,0.005613350058341585
EXT10,7,12,outer,"[0.6, 0.9)",23,8,0.7570376167304127,1.0929710144927536,0.3359333977623409,0.008641032642073743
EXT10,7,12,outer,"[0.9, 1.1)",2,2,0.9511720227953138,2.0211041666666665,1.069932143871353,0.011150083126616597
EXT10,7,12,outer,"[1.1, 1.3)",1,0,1.1856212054951984,0.646,-0.5396212054951984,0.014235319930993716
EXT10,7,23,inner,"[-inf, 0.6)",46,0,0.3178553842260671,0.3263442028985507,0.008488818672483665,0.002983308589673559
EXT10,7,23,inner,"[0.6, 0.9)",3,1,0.7220155637703111,0.8507916666666667,0.12877610289635563,0.005762791638711298
EXT10,7,23,inner,"[1.1, 1.3)",1,1,1.2011531675747253,1.3133333333333332,0.1121801657586079,0.010707712747508317
EXT10,7,23,outer,"[-inf, 0.6)",45,0,0.4669446241326247,0.43700648148148147,-0.02993814265114321,0.003793003625433257
EXT10,7,23,outer,"[0.6, 0.9)",24,6,0.7610085016851715,0.9427309027777778,0.18172240109260626,0.006161354719630426
EXT10,7,23,outer,"[0.9, 1.1)",5,4,0.9700090930097826,1.7567583333333332,0.7867492403235508,0.008299090376539166
EXT10,7,23,outer,"[1.1, 1.3)",1,0,1.23487682354144,0.646,-0.58887682354144,0.011060372347159609
EXT10,101,0,inner,"[-inf, 0.6)",45,0,0.31346724892974553,0.32411203703703706,0.010644788107291506,0.002632799953142433
EXT10,101,0,inner,"[0.6, 0.9)",3,0,0.6328885403836323,0.4229583333333333,-0.209930207050299,0.004714848622053801
EXT10,101,0,inner,"[0.9, 1.1)",1,1,0.9470781618790672,1.7102916666666665,0.7632135047875993,0.008433457235923167
EXT10,101,0,inner,"[1.1, 1.3)",1,1,1.1283461086921287,1.3133333333333332,0.18498722464120454,0.010622311058589335
EXT10,101,0,outer,"[-inf, 0.6)",50,0,0.4561833616307292,0.44851083333333336,-0.007672528297395866,0.0034759463455733813
EXT10,101,0,outer,"[0.6, 0.9)",19,6,0.7358499274602572,1.0601732456140351,0.32432331815377785,0.005933453804035086
EXT10,101,0,outer,"[0.9, 1.1)",5,4,0.9683530024410812,1.7011583333333333,0.732805330892252,0.00868698552384083
EXT10,101,0,outer,"[1.3, inf)",1,0,1.3514221075835404,0.646,-0.7054221075835404,0.013338053839130058
EXT10,101,6,inner,"[-inf, 0.6)",47,0,0.31674570761169707,0.3278980496453901,0.011152342033692987,0.0044866456467015465
EXT10,101,6,inner,"[0.6, 0.9)",1,0,0.6492800895163443,0.4427083333333333,-0.206571756183011,0.007266252954923676
EXT10,101,6,inner,"[0.9, 1.1)",2,2,1.01123524609076,1.5118125,0.5005772539092398,0.012181347636669622
EXT10,101,6,outer,"[-inf, 0.6)",50,0,0.4503888372198082,0.44851083333333336,-0.001878003886474925,0.005483199563325469
EXT10,101,6,outer,"[0.6, 0.9)",21,8,0.7372096511409756,1.1398888888888887,0.40267923774791337,0.008457133566601651
EXT10,101,6,outer,"[0.9, 1.1)",3,2,0.9196472994893575,1.5704722222222223,0.6508249227328647,0.010927991537959402
EXT10,101,6,outer,"[1.1, 1.3)",1,0,1.2105429693610508,0.646,-0.5645429693610508,0.01492753725113877
EXT10,101,12,inner,"[-inf, 0.6)",47,0,0.3171437219762387,0.3278980496453901,0.01075432766915135,0.004422682607986965
EXT10,101,12,inner,"[0.6, 0.9)",1,0,0.671427065263604,0.4427083333333333,-0.22871873193027065,0.007387841881112742
EXT10,101,12,inner,"[0.9, 1.1)",2,2,1.0003689565883875,1.5118125,0.5114435434116125,0.011660566584122201
EXT10,101,12,outer,"[-inf, 0.6)",50,0,0.455202164013576,0.44851083333333336,-0.006691330680242704,0.005418583297334756
EXT10,101,12,outer,"[0.6, 0.9)",22,8,0.7493365254980553,1.118494318181818,0.3691577926837629,0.008396509785049255
EXT10,101,12,outer,"[0.9, 1.1)",2,2,0.9416336669683636,2.0211041666666665,1.079470499698303,0.010886117003943433
EXT10,101,12,outer,"[1.1, 1.3)",1,0,1.1733397641761796,0.646,-0.5273397641761796,0.0139367320539258
EXT10,101,23,inner,"[-inf, 0.6)",46,0,0.31805080556647997,0.3263442028985507,0.008293397332070754,0.0029326007450653684
EXT10,101,23,inner,"[0.6, 0.9)",3,1,0.7266871343301533,0.8507916666666667,0.12410453233651336,0.005792836368765669
EXT10,101,23,inner,"[1.1, 1.3)",1,1,1.1925649897744626,1.3133333333333332,0.12076834355887067,0.010694222508093737
EXT10,101,23,outer,"[-inf, 0.6)",45,0,0.4565042043742023,0.43700648148148147,-0.019497722892720823,0.0036893031256274053
EXT10,101,23,outer,"[0.6, 0.9)",24,6,0.7488708873967519,0.9427309027777778,0.19386001538102582,0.0060238496311489685
EXT10,101,23,outer,"[0.9, 1.1)",5,4,0.9576090571175777,1.7567583333333332,0.7991492762157556,0.008198598966180167
EXT10,101,23,outer,"[1.1, 1.3)",1,0,1.2183211999654076,0.646,-0.5723211999654075,0.010969113536800367
EXT10,2024,0,inner,"[-inf, 0.6)",45,0,0.31130729153335496,0.32411203703703706,0.012804745503682104,0.0028704220147899233
EXT10,2024,0,inner,"[0.6, 0.9)",3,0,0.6300591309968319,0.4229583333333333,-0.20710079766349856,0.004849469078857708
EXT10,2024,0,inner,"[0.9, 1.1)",1,1,0.9448111158921849,1.7102916666666665,0.7654805507744816,0.008403287190977176
EXT10,2024,0,inner,"[1.1, 1.3)",1,1,1.1633943778247118,1.3133333333333332,0.14993895550862146,0.010922179316382459
EXT10,2024,0,outer,"[-inf, 0.6)",48,0,0.45637263192264393,0.44292534722222227,-0.013447284700421669,0.00369433248624282
EXT10,2024,0,outer,"[0.6, 0.9)",21,6,0.731120694675275,1.014686507936508,0.283565813261233,0.005990540248143505
EXT10,2024,0,outer,"[0.9, 1.1)",5,4,0.9701955316287597,1.7011583333333333,0.7309628017045737,0.008691916791445315
EXT10,2024,0,outer,"[1.3, inf)",1,0,1.3715265489085533,0.646,-0.7255265489085533,0.013337006499633763
EXT10,2024,6,inner,"[-inf, 0.6)",46,0,0.3103521485687803,0.3257481884057971,0.015396039837016843,0.004461582107668109
EXT10,2024,6,inner,"[0.6, 0.9)",2,0,0.6238909092051808,0.43474999999999997,-0.18914090920518076,0.006875419403272826
EXT10,2024,6,inner,"[0.9, 1.1)",1,1,0.9149177540514276,1.7102916666666665,0.7953739126152389,0.010680189425599743
EXT10,2024,6,inner,"[1.1, 1.3)",1,1,1.1132912459305786,1.3133333333333332,0.20004208740275464,0.013307915950440775
EXT10,2024,6,outer,"[-inf, 0.6)",49,0,0.4531349752073306,0.44681802721088437,-0.0063169479964462726,0.005497521708773957
EXT10,2024,6,outer,"[0.6, 0.9)",22,8,0.7407659054486313,1.1122329545454546,0.37146704909682327,0.008403396941913917
EXT10,2024,6,outer,"[0.9, 1.1)",3,2,0.9174749724940078,1.5704722222222223,0.6529972497282145,0.010713621489490656
EXT10,2024,6,outer,"[1.1, 1.3)",1,0,1.2293226171705138,0.646,-0.5833226171705138,0.014859962982373246
EXT10,2024,12,inner,"[-inf, 0.6)",47,0,0.3171342810963571,0.3278980496453901,0.010763768549032944,0.004436063193660814
EXT10,2024,12,inner,"[0.6, 0.9)",2,1,0.7792261713097486,1.0765,0.29727382869025143,0.008663725638600605
EXT10,2024,12,inner,"[1.1, 1.3)",1,1,1.110076586611966,1.3133333333333332,0.2032567467213673,0.012833790906499904
EXT10,2024,12,outer,"[-inf, 0.6)",48,0,0.45268272601198817,0.4476901041666666,-0.004992621845321535,0.005388199372279683
EXT10,2024,12,outer,"[0.6, 0.9)",24,8,0.7481990327635876,1.0643038194444443,0.3161047866808569,0.008275818046374847
EXT10,2024,12,outer,"[0.9, 1.1)",2,2,0.9354916401671483,2.0211041666666665,1.0856125264995184,0.01061738829048583
EXT10,2024,12,outer,"[1.1, 1.3)",1,0,1.19546214498097,0.646,-0.5494621449809699,0.01392744409779142
EXT10,2024,23,inner,"[-inf, 0.6)",46,0,0.3182549357458896,0.3263442028985507,0.00808926715266116,0.0029609534127565174
EXT10,2024,23,inner,"[0.6, 0.9)",3,1,0.7187810044435441,0.8507916666666667,0.1320106622231226,0.005646065207774834
EXT10,2024,23,inner,"[1.1, 1.3)",1,1,1.1994761307360047,1.3133333333333332,0.11385720259732857,0.010517345262562587
EXT10,2024,23,outer,"[-inf, 0.6)",46,0,0.4625570654995016,0.44295742753623185,-0.019599637963269727,0.0037258601084224105
EXT10,2024,23,outer,"[0.6, 0.9)",23,6,0.7677333576083506,0.9528170289855072,0.1850836713771567,0.006137174218679478
EXT10,2024,23,outer,"[0.9, 1.1)",5,4,0.9604956290095427,1.7567583333333332,0.7962627043237906,0.00807151614209577
EXT10,2024,23,outer,"[1.1, 1.3)",1,0,1.239718403993457,0.646,-0.593718403993457,0.010930908189760847
EXT12,7,0,inner,"[-inf, 0.6)",26,0,0.27912367716769904,0.2907467948717949,0.01162311770409585,0.008298413050241761
EXT12,7,0,inner,"[0.6, 0.9)",3,1,0.7521717005817609,1.1672083333333334,0.4150366327515725,0.01401219431913922
EXT12,7,0,outer,"[-inf, 0.6)",123,9,0.40443316650216926,0.5564881436314363,0.15205497712926702,0.009704366866068738
EXT12,7,0,outer,"[0.6, 0.9)",58,9,0.7308209573802759,0.7149403735632184,-0.015880583817057592,0.01371564206869532
EXT12,7,0,outer,"[0.9, 1.1)",5,0,0.9929665136726177,0.493275,-0.49969151367261777,0.01735672631240234
EXT12,7,0,outer,"[1.1, 1.3)",6,0,1.220610248354303,0.769888888888889,-0.4507213594654143,0.02051859572285979
EXT12,7,0,outer,"[1.3, inf)",1,0,1.3738876148343198,0.8197916666666667,-0.5540959481676531,0.02264754962122346
EXT12,7,6,inner,"[-inf, 0.6)",26,0,0.2753251925386724,0.2907467948717949,0.015421602333122526,0.008902675026953853
EXT12,7,6,inner,"[0.6, 0.9)",3,1,0.7461483704720416,1.1672083333333334,0.4210599628612919,0.014751697412275493
EXT12,7,6,outer,"[-inf, 0.6)",126,10,0.40957451435928466,0.5621574074074074,0.15258289304812273,0.010459253359557013
EXT12,7,6,outer,"[0.6, 0.9)",55,8,0.7268524225266554,0.7063113636363636,-0.020541058890291772,0.014476478422247481
EXT12,7,6,outer,"[0.9, 1.1)",5,0,0.9899612925099761,0.5404,-0.44956129250997623,0.018229212295139966
EXT12,7,6,outer,"[1.1, 1.3)",7,0,1.1734072107225333,0.7770178571428571,-0.39638935357967603,0.020845709835355043
EXT12,7,12,inner,"[-inf, 0.6)",26,0,0.2751050017254335,0.2907467948717949,0.015641793146361358,0.00925108620468584
EXT12,7,12,inner,"[0.6, 0.9)",3,1,0.7275183271708539,1.1672083333333334,0.4396900061624797,0.014946170903644368
EXT12,7,12,outer,"[-inf, 0.6)",129,11,0.41172000119742064,0.5683401162790698,0.15662011508164914,0.010876248158367371
EXT12,7,12,outer,"[0.6, 0.9)",52,7,0.7258891060540945,0.7038213141025641,-0.022067791951530476,0.01492278813385212
EXT12,7,12,outer,"[0.9, 1.1)",5,0,0.9949834084794551,0.493275,-0.5017084084794551,0.018784860667342262
EXT12,7,12,outer,"[1.1, 1.3)",7,0,1.194998914361961,0.7770178571428571,-0.41798105721910395,0.021655506327910374
EXT12,7,23,inner,"[-inf, 0.6)",26,0,0.27790310909471294,0.2907467948717949,0.012843685777081951,0.009371668175073514
EXT12,7,23,inner,"[0.6, 0.9)",3,1,0.6987040697042941,1.1672083333333334,0.46850426362903935,0.014602800237104953
EXT12,7,23,outer,"[-inf, 0.6)",120,9,0.40857970104797364,0.5482437499999999,0.1396640489520264,0.010937452980766225
EXT12,7,23,outer,"[0.6, 0.9)",56,9,0.7152068545951761,0.7256808035714286,0.01047394897625251,0.014832144886759475
EXT12,7,23,outer,"[0.9, 1.1)",9,0,0.9878741657668577,0.6147407407407407,-0.3731334250261169,0.018621492525136625
EXT12,7,23,outer,"[1.1, 1.3)",4,0,1.2048437453702268,0.59675,-0.6080937453702268,0.021636790400546554
EXT12,7,23,outer,"[1.3, inf)",4,0,1.397096485997706,0.8682604166666666,-0.5288360693310392,0.024308590204996067
EXT12,101,0,inner,"[-inf, 0.6)",26,0,0.2784975716596003,0.2907467948717949,0.012249223212194568,0.008415466975097442
EXT12,101,0,inner,"[0.6, 0.9)",3,1,0.7499244267216035,1.1672083333333334,0.4172839066117298,0.014061870349842959
EXT12,101,0,outer,"[-inf, 0.6)",126,9,0.41153023806375477,0.5524041005291006,0.14087386246534575,0.009899910356618337
EXT12,101,0,outer,"[0.6, 0.9)",54,9,0.7343623852538362,0.7344104938271605,4.8108573324296886e-05,0.013848155764522549
EXT12,101,0,outer,"[0.9, 1.1)",6,0,0.99045920157241,0.5199791666666667,-0.4704800349057434,0.017365150948911678
EXT12,101,0,outer,"[1.1, 1.3)",6,0,1.2063575775392779,0.769888888888889,-0.43646868865038896,0.02033009818842892
EXT12,101,0,outer,"[1.3, inf)",1,0,1.3424323701988798,0.8197916666666667,-0.5226407035322131,0.022198822670756114
EXT12,101,6,inner,"[-inf, 0.6)",26,0,0.27503570522040044,0.2907467948717949,0.01571108965139447,0.00902483081604778
EXT12,101,6,inner,"[0.6, 0.9)",3,1,0.7410433951209382,1.1672083333333334,0.4261649382123951,0.014789058380863222
EXT12,101,6,outer,"[-inf, 0.6)",129,10,0.41159405150473666,0.5613427002583979,0.14974864875366128,0.010606937158188206
EXT12,101,6,outer,"[0.6, 0.9)",53,8,0.7279006849952789,0.7162161949685534,-0.011684490026725447,0.014602756671732466
EXT12,101,6,outer,"[0.9, 1.1)",5,0,1.0270924150959373,0.57595,-0.45114241509593744,0.01884388579522394
EXT12,101,6,outer,"[1.1, 1.3)",6,0,1.1675518664745963,0.7612777777777778,-0.40627408869681864,0.020834939056325937
EXT12,101,12,inner,"[-inf, 0.6)",26,0,0.2747745041652718,0.2907467948717949,0.01597229070652302,0.009346063607677356
EXT12,101,12,inner,"[0.6, 0.9)",3,1,0.7243253346702095,1.1672083333333334,0.4428829986631239,0.014979335970666793
EXT12,101,12,outer,"[-inf, 0.6)",130,10,0.4107824679984797,0.5602974358974359,0.14951496789895619,0.01096022338549419
EXT12,101,12,outer,"[0.6, 0.9)",51,8,0.7200684391050486,0.7269787581699346,0.006910319064886047,0.01491861293048381
EXT12,101,12,outer,"[0.9, 1.1)",5,0,0.9954624853158732,0.493275,-0.5021874853158732,0.01884700710371075
EXT12,101,12,outer,"[1.1, 1.3)",7,0,1.1829910878262204,0.7770178571428571,-0.40597323068336333,0.021522033232819864
EXT12,101,23,inner,"[-inf, 0.6)",26,0,0.277805756047596,0.2907467948717949,0.012941038824198852,0.009437631079577931
EXT12,101,23,inner,"[0.6, 0.9)",3,1,0.6953672261383543,1.1672083333333334,0.4718411071949791,0.014593159921676502
EXT12,101,23,outer,"[-inf, 0.6)",127,9,0.4156145796048004,0.5474133858267717,0.13179880622197127,0.011081388031186974
EXT12,101,23,outer,"[0.6, 0.9)",50,9,0.7258439503158682,0.7500916666666666,0.02424771635079844,0.015012585249046098
EXT12,101,23,outer,"[0.9, 1.1)",8,0,0.9937142688311486,0.6167447916666666,-0.3769694771644819,0.018699057436196806
EXT12,101,23,outer,"[1.1, 1.3)",4,0,1.1939830732351622,0.59675,-0.5972330732351622,0.021455187273505403
EXT12,101,23,outer,"[1.3, inf)",4,0,1.3832175700605167,0.8682604166666666,-0.5149571533938502,0.02405946128662767
EXT12,2024,0,inner,"[-inf, 0.6)",26,0,0.2778841051411486,0.2907467948717949,0.012862689730646302,0.008699249746307813
EXT12,2024,0,inner,"[0.6, 0.9)",3,1,0.7379226328752306,1.1672083333333334,0.42928570045810277,0.01422199305990135
EXT12,2024,0,outer,"[-inf, 0.6)",119,9,0.409876889116835,0.5529394257703081,0.14306253665347315,0.010189849536659797
EXT12,2024,0,outer,"[0.6, 0.9)",58,9,0.7209765632182953,0.7123311781609195,-0.008645385057375783,0.013990380436285137
EXT12,2024,0,outer,"[0.9, 1.1)",9,0,0.9559787444327797,0.5851064814814815,-0.3708722629512983,0.017202303486792813
EXT12,2024,0,outer,"[1.1, 1.3)",6,0,1.2070709014244745,0.769888888888889,-0.4371820125355856,0.020634138385836755
EXT12,2024,0,outer,"[1.3, inf)",1,0,1.3591621114822832,0.8197916666666667,-0.5393704448156165,0.022712864893138517
EXT12,2024,6,inner,"[-inf, 0.6)",26,0,0.27530481968845033,0.2907467948717949,0.015441975183344567,0.009122180395084698
EXT12,2024,6,inner,"[0.6, 0.9)",3,1,0.7333950989466081,1.1672083333333334,0.4338132343867252,0.014846113107128689
EXT12,2024,6,outer,"[-inf, 0.6)",121,10,0.40847681600749125,0.5630096418732783,0.15453282586578698,0.01068706288182035
EXT12,2024,6,outer,"[0.6, 0.9)",60,8,0.7223643408872049,0.6925798611111111,-0.029784479776093834,0.014688295329309108
EXT12,2024,6,outer,"[0.9, 1.1)",6,0,1.0048869073764959,0.5955763888888889,-0.40931051848760697,0.01873036418687196
EXT12,2024,6,outer,"[1.1, 1.3)",6,0,1.1707255482718364,0.7612777777777778,-0.4094477704940586,0.02110302848081966
EXT12,2024,12,inner,"[-inf, 0.6)",26,0,0.2750301132270797,0.2907467948717949,0.01571668164471518,0.00943494056252992
EXT12,2024,12,inner,"[0.6, 0.9)",3,1,0.7171926780631269,1.1672083333333334,0.4500156552702064,0.015002730203435509
EXT12,2024,12,outer,"[-inf, 0.6)",122,10,0.4064737013697349,0.5617008196721311,0.15522711830239627,0.011008741296728013
EXT12,2024,12,outer,"[0.6, 0.9)",59,8,0.7156363203851741,0.7014759887005649,-0.014160331684609197,0.014980460955256895
EXT12,2024,12,outer,"[0.9, 1.1)",6,0,1.0050831942531506,0.5225972222222222,-0.4824859720309283,0.01912203095552052
EXT12,2024,12,outer,"[1.1, 1.3)",6,0,1.1914681231513766,0.7949861111111112,-0.39648201204026545,0.021788932206553743
EXT12,2024,23,inner,"[-inf, 0.6)",26,0,0.2779606577147843,0.2907467948717949,0.012786137157010598,0.009549695876173974
EXT12,2024,23,inner,"[0.6, 0.9)",3,1,0.687590917895184,1.1672083333333334,0.47961741543814945,0.014626183312856806
EXT12,2024,23,outer,"[-inf, 0.6)",119,9,0.4098973489679911,0.5494478291316527,0.13955048016366153,0.011135497437942824
EXT12,2024,23,outer,"[0.6, 0.9)",58,9,0.7202741202735049,0.7179619252873563,-0.002312194986148571,0.015076095445900585
EXT12,2024,23,outer,"[0.9, 1.1)",8,0,0.9950627597276108,0.6167447916666666,-0.3783179680609442,0.018858795240183898
EXT12,2024,23,outer,"[1.1, 1.3)",5,0,1.2029289392351366,0.6668416666666667,-0.53608727256847,0.021720250342635104
EXT12,2024,23,outer,"[1.3, inf)",3,0,1.4001083076750174,0.8419444444444445,-0.5581638632305729,0.024434592383544045
