target,group,n,sse_fraction,rmse,mean_bias,mean_level_fraction,F13,F47,late,warm
EC,all,360,1.0,0.18112483710525537,-0.0072388739117400566,0.7332551560193704,180,180,46,
EC,event,31,0.6595880794150948,0.5012851166495015,-0.2889952187799479,0.6084176895860735,17,14,5,
EC,failure,29,0.6585309119757115,0.5178671250881,-0.3059013956080719,0.6235572378454484,16,13,5,
EC,core_failure,17,0.6120150182408973,0.6520574140487674,-0.5121672961498601,0.780132045258968,9,8,5,
EC,strict1,26,0.6540333664928928,0.5450577722332259,-0.338916653152693,0.6322530220789431,13,13,5,
EC,strict2,24,0.6478400339095881,0.5646216521727221,-0.3572204641353749,0.651098723887021,12,12,5,
EC,good,2,0.0010571674393833473,0.07901074369994449,-0.04385565477214928,0.3888942398251384,1,1,0,
TEMP,all,400,1.0,0.6585665044014377,0.007036655592633599,0.37836231081906296,200,200,56,4.0
TEMP,event,20,0.3352141015492168,1.7052017745114554,0.40411748241188794,0.6529062928861832,7,13,4,3.0
TEMP,failure,16,0.33190843753430355,1.8970500492637936,0.45572661852134266,0.7402196166888076,4,12,3,3.0
TEMP,core_failure,16,0.33190843753430355,1.8970500492637936,0.45572661852134266,0.7402196166888076,4,12,3,3.0
TEMP,strict1,14,0.3263079465570603,2.010848914739239,0.44443805241033746,0.7609637397810107,2,12,3,3.0
TEMP,strict2,14,0.3263079465570603,2.010848914739239,0.44443805241033746,0.7609637397810107,2,12,3,3.0
TEMP,good,4,0.003305664014913356,0.3786421811394433,0.1976809379740688,0.30365299767568543,3,1,1,0.0
