target,group,rule1,rule2,n,yes,rate,matched_other_rate,lift,good_n,good_yes
EC,failure,환기 하루평균≤10,환기0인시간≥18시간,29,26,0.896551724137931,0.25121446697801375,0.6453372571599173,2,2
EC,failure,환기 하루평균≤10,환기0인시간≥20시간,29,23,0.7931034482758621,0.195221035122513,0.5978824131533491,2,1
EC,failure,환기 하루평균≤10,밤환기평균=0,29,29,1.0,0.37396413110698823,0.6260358688930118,2,2
EC,failure,환기 하루평균≤10,외기하루평균≤10℃,29,28,0.9655172413793104,0.3954748043417994,0.570042437037511,2,2
EC,failure,환기 하루평균≤10,차광 낮−밤≥90,29,29,1.0,0.3874266948158574,0.6125733051841427,2,2
EC,failure,환기 하루평균≤10,보온 낮−밤≥90,29,29,1.0,0.32384790906958394,0.6761520909304161,2,2
EC,failure,환기 하루평균≤10,낮CO2가밤보다높음,29,23,0.7931034482758621,0.21208928447532485,0.5810141638005373,2,2
EC,failure,환기 하루평균≤10,실내 낮−밤온도≥5℃,29,25,0.8620689655172413,0.38576519382514557,0.47630377169209576,2,2
EC,failure,환기 하루평균≤10,난방하루평균=0,29,15,0.5172413793103449,0.07409208197385538,0.4431492973364895,2,1
EC,failure,환기 하루평균≤10,순환팬저녁평균=0,29,25,0.8620689655172413,0.16735546883330135,0.69471349668394,2,2
EC,failure,환기 하루평균≤10,CO2구동0인시간≤21시간,29,25,0.8620689655172413,0.2132770349519118,0.6487919305653296,2,2
EC,failure,환기 하루평균≤10,0시실내습도≤76,29,20,0.6896551724137931,0.3229400182306682,0.36671515418312495,2,2
EC,failure,환기 하루평균≤10,직전관측일일사평균≥114.833,29,9,0.3103448275862069,0.23048018864248318,0.07986463894372373,2,1
EC,failure,환기 하루평균≤10,실내외온도상관≤.905626,29,19,0.6551724137931034,0.3184398524300002,0.3367325613631032,2,0
EC,failure,환기 하루평균≤10,CO2시간최대점프≥33,29,25,0.8620689655172413,0.28553515450067174,0.5765338110165696,2,2
EC,failure,환기 하루평균≤10,직전관측일간격=1,29,27,0.9310344827586207,0.4768564148233758,0.45417806793524484,2,2
EC,failure,환기 하루평균≤10,같은외기전체값기록있음,29,25,0.8620689655172413,0.4478706843238863,0.414198281193355,2,2
EC,failure,환기0인시간≥18시간,환기0인시간≥20시간,29,23,0.7931034482758621,0.19835583136075746,0.5947476169151047,2,1
EC,failure,환기0인시간≥18시간,밤환기평균=0,29,26,0.896551724137931,0.2833514597061395,0.6132002644317915,2,2
EC,failure,환기0인시간≥18시간,외기하루평균≤10℃,29,25,0.8620689655172413,0.2216855394195296,0.6403834260977117,2,2
EC,failure,환기0인시간≥18시간,차광 낮−밤≥90,29,26,0.896551724137931,0.25311240483654274,0.6434393193013883,2,2
EC,failure,환기0인시간≥18시간,보온 낮−밤≥90,29,26,0.896551724137931,0.1923549357046894,0.7041967884332416,2,2
EC,failure,환기0인시간≥18시간,낮CO2가밤보다높음,29,23,0.7931034482758621,0.15265649727593808,0.640446950999924,2,2
EC,failure,환기0인시간≥18시간,실내 낮−밤온도≥5℃,29,22,0.7586206896551724,0.23512859288983387,0.5234920967653385,2,2
EC,failure,환기0인시간≥18시간,난방하루평균=0,29,13,0.4482758620689655,0.09087497067792635,0.35740089139103914,2,1
EC,failure,환기0인시간≥18시간,순환팬저녁평균=0,29,25,0.8620689655172413,0.2012837736975668,0.6607851918196745,2,2
EC,failure,환기0인시간≥18시간,CO2구동0인시간≤21시간,29,25,0.8620689655172413,0.15647324760625253,0.7055957179109889,2,2
EC,failure,환기0인시간≥18시간,0시실내습도≤76,29,19,0.6551724137931034,0.16599358337898976,0.4891788304141137,2,2
EC,failure,환기0인시간≥18시간,직전관측일일사평균≥114.833,29,6,0.20689655172413793,0.1305624963764638,0.07633405534767412,2,1
EC,failure,환기0인시간≥18시간,실내외온도상관≤.905626,29,18,0.6206896551724138,0.16961593414795387,0.45107372102446,2,0
EC,failure,환기0인시간≥18시간,CO2시간최대점프≥33,29,25,0.8620689655172413,0.19210756402874632,0.669961401488495,2,2
EC,failure,환기0인시간≥18시간,직전관측일간격=1,29,24,0.8275862068965517,0.2850162857161866,0.5425699211803652,2,2
EC,failure,환기0인시간≥18시간,같은외기전체값기록있음,29,23,0.7931034482758621,0.2647346085769731,0.528368839698889,2,2
EC,failure,환기0인시간≥20시간,밤환기평균=0,29,23,0.7931034482758621,0.1902949267481287,0.6028085215277335,2,1
EC,failure,환기0인시간≥20시간,외기하루평균≤10℃,29,23,0.7931034482758621,0.15997696884396392,0.6331264794318981,2,1
EC,failure,환기0인시간≥20시간,차광 낮−밤≥90,29,23,0.7931034482758621,0.17259505683151002,0.6205083914443521,2,1
EC,failure,환기0인시간≥20시간,보온 낮−밤≥90,29,23,0.7931034482758621,0.10556799522316763,0.6875354530526945,2,1
EC,failure,환기0인시간≥20시간,낮CO2가밤보다높음,29,21,0.7241379310344828,0.12941623468231392,0.5947216963521689,2,1
EC,failure,환기0인시간≥20시간,실내 낮−밤온도≥5℃,29,20,0.6896551724137931,0.15699013281027746,0.5326650396035157,2,1
EC,failure,환기0인시간≥20시간,난방하루평균=0,29,11,0.3793103448275862,0.05294393619516772,0.32636640863241845,2,0
EC,failure,환기0인시간≥20시간,순환팬저녁평균=0,29,23,0.7931034482758621,0.15247691553110274,0.6406265327447593,2,1
EC,failure,환기0인시간≥20시간,CO2구동0인시간≤21시간,29,23,0.7931034482758621,0.12334037063101101,0.6697630776448511,2,1
EC,failure,환기0인시간≥20시간,0시실내습도≤76,29,16,0.5517241379310345,0.11266505094777943,0.439059086983255,2,1
EC,failure,환기0인시간≥20시간,직전관측일일사평균≥114.833,29,5,0.1724137931034483,0.07252594451926486,0.09988784858418343,2,0
EC,failure,환기0인시간≥20시간,실내외온도상관≤.905626,29,17,0.5862068965517241,0.1261616872454311,0.460045209306293,2,0
EC,failure,환기0인시간≥20시간,CO2시간최대점프≥33,29,23,0.7931034482758621,0.1449640671315548,0.6481393811443072,2,1
EC,failure,환기0인시간≥20시간,직전관측일간격=1,29,21,0.7241379310344828,0.19448956374049683,0.5296483672939859,2,1
EC,failure,환기0인시간≥20시간,같은외기전체값기록있음,29,20,0.6896551724137931,0.17739321433902716,0.512261958074766,2,1
EC,failure,밤환기평균=0,외기하루평균≤10℃,29,28,0.9655172413793104,0.3783848335572474,0.587132407822063,2,2
EC,failure,밤환기평균=0,차광 낮−밤≥90,29,29,1.0,0.4252937538651824,0.5747062461348176,2,2
EC,failure,밤환기평균=0,보온 낮−밤≥90,29,29,1.0,0.3366216706118184,0.6633783293881816,2,2
EC,failure,밤환기평균=0,낮CO2가밤보다높음,29,23,0.7931034482758621,0.1782253455048848,0.6148781027709773,2,2
EC,failure,밤환기평균=0,실내 낮−밤온도≥5℃,29,25,0.8620689655172413,0.47965023133244494,0.3824187341847964,2,2
EC,failure,밤환기평균=0,난방하루평균=0,29,15,0.5172413793103449,0.17311965538566523,0.34412172392467966,2,1
EC,failure,밤환기평균=0,순환팬저녁평균=0,29,25,0.8620689655172413,0.25888298893225004,0.6031859765849913,2,2
EC,failure,밤환기평균=0,CO2구동0인시간≤21시간,29,25,0.8620689655172413,0.18267545262619153,0.6793935128910498,2,2
EC,failure,밤환기평균=0,0시실내습도≤76,29,20,0.6896551724137931,0.3301018955588465,0.35955327685494665,2,2
EC,failure,밤환기평균=0,직전관측일일사평균≥114.833,29,9,0.3103448275862069,0.2808865474376728,0.029458280148534133,2,1
EC,failure,밤환기평균=0,실내외온도상관≤.905626,29,19,0.6551724137931034,0.31175015460729744,0.343422259185806,2,0
EC,failure,밤환기평균=0,CO2시간최대점프≥33,29,25,0.8620689655172413,0.3147442048919882,0.5473247606252531,2,2
EC,failure,밤환기평균=0,직전관측일간격=1,29,27,0.9310344827586207,0.5571573988094843,0.3738770839491363,2,2
EC,failure,밤환기평균=0,같은외기전체값기록있음,29,25,0.8620689655172413,0.5144200626959247,0.34764890282131666,2,2
EC,failure,외기하루평균≤10℃,차광 낮−밤≥90,29,28,0.9655172413793104,0.3433326935789989,0.6221845478003114,2,2
EC,failure,외기하루평균≤10℃,보온 낮−밤≥90,29,28,0.9655172413793104,0.2935235536220758,0.6719936877572346,2,2
EC,failure,외기하루평균≤10℃,낮CO2가밤보다높음,29,22,0.7586206896551724,0.19978656834273292,0.5588341213124395,2,2
EC,failure,외기하루평균≤10℃,실내 낮−밤온도≥5℃,29,25,0.8620689655172413,0.4112232420481032,0.45084572346913815,2,2
EC,failure,외기하루평균≤10℃,난방하루평균=0,29,14,0.4827586206896552,0.059448105260913146,0.42331051542874204,2,1
EC,failure,외기하루평균≤10℃,순환팬저녁평균=0,29,24,0.8275862068965517,0.15247051798775937,0.6751156889087924,2,2
EC,failure,외기하루평균≤10℃,CO2구동0인시간≤21시간,29,24,0.8275862068965517,0.1864137504531593,0.6411724564433924,2,2
EC,failure,외기하루평균≤10℃,0시실내습도≤76,29,19,0.6551724137931034,0.40723652258377857,0.24793589120932485,2,2
EC,failure,외기하루평균≤10℃,직전관측일일사평균≥114.833,29,9,0.3103448275862069,0.23308067583583691,0.07726415175036999,2,1
EC,failure,외기하루평균≤10℃,실내외온도상관≤.905626,29,18,0.6206896551724138,0.40089139103917426,0.21979826413323955,2,0
EC,failure,외기하루평균≤10℃,CO2시간최대점프≥33,29,24,0.8275862068965517,0.29161282067686006,0.5359733862196916,2,2
EC,failure,외기하루평균≤10℃,직전관측일간격=1,29,26,0.896551724137931,0.5124949983319853,0.38405672580594574,2,2
EC,failure,외기하루평균≤10℃,같은외기전체값기록있음,29,24,0.8275862068965517,0.474343718678694,0.3532424882178577,2,2
EC,failure,차광 낮−밤≥90,보온 낮−밤≥90,29,29,1.0,0.3886912758833941,0.611308724116606,2,2
EC,failure,차광 낮−밤≥90,낮CO2가밤보다높음,29,23,0.7931034482758621,0.20663719591770657,0.5864662523581555,2,2
EC,failure,차광 낮−밤≥90,실내 낮−밤온도≥5℃,29,25,0.8620689655172413,0.4341378811245701,0.42793108439267125,2,2
EC,failure,차광 낮−밤≥90,난방하루평균=0,29,15,0.5172413793103449,0.15117608171795363,0.36606529759239126,2,1
EC,failure,차광 낮−밤≥90,순환팬저녁평균=0,29,25,0.8620689655172413,0.2478152389482439,0.6142537265689975,2,2
EC,failure,차광 낮−밤≥90,CO2구동0인시간≤21시간,29,25,0.8620689655172413,0.21862964621585307,0.6434393193013883,2,2
EC,failure,차광 낮−밤≥90,0시실내습도≤76,29,20,0.6896551724137931,0.300800044021561,0.38885512839223213,2,2
EC,failure,차광 낮−밤≥90,직전관측일일사평균≥114.833,29,9,0.3103448275862069,0.2648107825032386,0.04553404508296832,2,1
EC,failure,차광 낮−밤≥90,실내외온도상관≤.905626,29,19,0.6551724137931034,0.28099076621244107,0.37418164758066236,2,0
EC,failure,차광 낮−밤≥90,CO2시간최대점프≥33,29,25,0.8620689655172413,0.3095110144371228,0.5525579510801185,2,2
EC,failure,차광 낮−밤≥90,직전관측일간격=1,29,27,0.9310344827586207,0.5105379561259858,0.4204965266326348,2,2
EC,failure,차광 낮−밤≥90,같은외기전체값기록있음,29,25,0.8620689655172413,0.4783933636150385,0.38367560190220285,2,2
EC,failure,보온 낮−밤≥90,낮CO2가밤보다높음,29,23,0.7931034482758621,0.1676125719836259,0.6254908762922362,2,2
EC,failure,보온 낮−밤≥90,실내 낮−밤온도≥5℃,29,25,0.8620689655172413,0.3838386711984867,0.47823029431875463,2,2
EC,failure,보온 낮−밤≥90,난방하루평균=0,29,15,0.5172413793103449,0.11059433177659778,0.4066470475337471,2,1
EC,failure,보온 낮−밤≥90,순환팬저녁평균=0,29,25,0.8620689655172413,0.13401573795662466,0.7280532275606166,2,2
EC,failure,보온 낮−밤≥90,CO2구동0인시간≤21시간,29,25,0.8620689655172413,0.16247840829121615,0.6995905572260251,2,2
EC,failure,보온 낮−밤≥90,0시실내습도≤76,29,20,0.6896551724137931,0.2651375554157286,0.42451761699806456,2,2
EC,failure,보온 낮−밤≥90,직전관측일일사평균≥114.833,29,9,0.3103448275862069,0.21783121972268188,0.09251360786352503,2,1
EC,failure,보온 낮−밤≥90,실내외온도상관≤.905626,29,19,0.6551724137931034,0.2225726654298083,0.4325997483632951,2,0
EC,failure,보온 낮−밤≥90,CO2시간최대점프≥33,29,25,0.8620689655172413,0.25891284413451904,0.6031561213827223,2,2
EC,failure,보온 낮−밤≥90,직전관측일간격=1,29,27,0.9310344827586207,0.4396671003821702,0.49136738237645045,2,2
EC,failure,보온 낮−밤≥90,같은외기전체값기록있음,29,25,0.8620689655172413,0.42274113407118336,0.43932783144605797,2,2
EC,failure,낮CO2가밤보다높음,실내 낮−밤온도≥5℃,29,20,0.6896551724137931,0.21610792519502298,0.4735472472187702,2,2
EC,failure,낮CO2가밤보다높음,난방하루평균=0,29,12,0.41379310344827586,0.05744615476107878,0.3563469486871971,2,1
EC,failure,낮CO2가밤보다높음,순환팬저녁평균=0,29,23,0.7931034482758621,0.14323643007470108,0.649867018201161,2,2
EC,failure,낮CO2가밤보다높음,CO2구동0인시간≤21시간,29,23,0.7931034482758621,0.18482421623336076,0.6082792320425013,2,2
EC,failure,낮CO2가밤보다높음,0시실내습도≤76,29,16,0.5517241379310345,0.16796546221442804,0.38375867571660643,2,2
EC,failure,낮CO2가밤보다높음,직전관측일일사평균≥114.833,29,5,0.1724137931034483,0.11527380748980967,0.057139985613638616,2,1
EC,failure,낮CO2가밤보다높음,실내외온도상관≤.905626,29,16,0.5517241379310345,0.1822835204990204,0.36944061743201406,2,0
EC,failure,낮CO2가밤보다높음,CO2시간최대점프≥33,29,23,0.7931034482758621,0.2382346624905426,0.5548687857853195,2,2
EC,failure,낮CO2가밤보다높음,직전관측일간격=1,29,21,0.7241379310344828,0.25039064762077057,0.4737472834137122,2,2
EC,failure,낮CO2가밤보다높음,같은외기전체값기록있음,29,20,0.6896551724137931,0.23857661568755723,0.4510785567262359,2,2
EC,failure,실내 낮−밤온도≥5℃,난방하루평균=0,29,11,0.3793103448275862,0.15915622301745347,0.22015412181013272,2,1
EC,failure,실내 낮−밤온도≥5℃,순환팬저녁평균=0,29,21,0.7241379310344828,0.2647900539526155,0.45934787708186725,2,2
EC,failure,실내 낮−밤온도≥5℃,CO2구동0인시간≤21시간,29,21,0.7241379310344828,0.22227728949246608,0.5018606415420167,2,2
EC,failure,실내 낮−밤온도≥5℃,0시실내습도≤76,29,16,0.5517241379310345,0.4183671920459433,0.13335694588509117,2,2
EC,failure,실내 낮−밤온도≥5℃,직전관측일일사평균≥114.833,29,9,0.3103448275862069,0.45707200215939,-0.14672717457318307,2,1
EC,failure,실내 낮−밤온도≥5℃,실내외온도상관≤.905626,29,15,0.5172413793103449,0.35152699377623386,0.165714385534111,2,0
EC,failure,실내 낮−밤온도≥5℃,CO2시간최대점프≥33,29,21,0.7241379310344828,0.402578346085316,0.32155958494916675,2,2
EC,failure,실내 낮−밤온도≥5℃,직전관측일간격=1,29,24,0.8275862068965517,0.788673324785748,0.03891288211080368,2,2
EC,failure,실내 낮−밤온도≥5℃,같은외기전체값기록있음,29,21,0.7241379310344828,0.736114812762963,-0.011976881728480215,2,2
EC,failure,난방하루평균=0,순환팬저녁평균=0,29,13,0.4482758620689655,0.14884311091207642,0.2994327511568891,2,1
EC,failure,난방하루평균=0,CO2구동0인시간≤21시간,29,13,0.4482758620689655,0.057735696159341474,0.39054016590962404,2,1
EC,failure,난방하루평균=0,0시실내습도≤76,29,13,0.4482758620689655,0.08217820597784088,0.36609765609112466,2,1
EC,failure,난방하루평균=0,직전관측일일사평균≥114.833,29,6,0.20689655172413793,0.1149634700028228,0.09193308172131513,2,1
EC,failure,난방하루평균=0,실내외온도상관≤.905626,29,10,0.3448275862068966,0.06326530612244897,0.2815622800844476,2,0
EC,failure,난방하루평균=0,CO2시간최대점프≥33,29,13,0.4482758620689655,0.10925084767449299,0.3390250143944725,2,1
EC,failure,난방하루평균=0,직전관측일간격=1,29,14,0.4827586206896552,0.18766667078522148,0.2950919499044337,2,1
EC,failure,난방하루평균=0,같은외기전체값기록있음,29,13,0.4482758620689655,0.18578679120551045,0.2624890708634551,2,1
EC,failure,순환팬저녁평균=0,CO2구동0인시간≤21시간,29,25,0.8620689655172413,0.1521570383639349,0.7099119271533064,2,2
EC,failure,순환팬저녁평균=0,0시실내습도≤76,29,18,0.6206896551724138,0.13920454953262978,0.48148510563978403,2,2
EC,failure,순환팬저녁평균=0,직전관측일일사평균≥114.833,29,5,0.1724137931034483,0.16408826126337617,0.00832553184007212,2,1
EC,failure,순환팬저녁평균=0,실내외온도상관≤.905626,29,18,0.6206896551724138,0.1444096133751306,0.4762800417972832,2,0
EC,failure,순환팬저녁평균=0,CO2시간최대점프≥33,29,25,0.8620689655172413,0.2162049772887211,0.6458639882285202,2,2
EC,failure,순환팬저녁평균=0,직전관측일간격=1,29,23,0.7931034482758621,0.3053317543427785,0.4877716939330836,2,2
EC,failure,순환팬저녁평균=0,같은외기전체값기록있음,29,22,0.7586206896551724,0.2786876506088329,0.4799330390463395,2,2
EC,failure,CO2구동0인시간≤21시간,0시실내습도≤76,29,18,0.6206896551724138,0.12865205501738133,0.4920376001550325,2,2
EC,failure,CO2구동0인시간≤21시간,직전관측일일사평균≥114.833,29,5,0.1724137931034483,0.10212916611620597,0.07028462698724232,2,1
EC,failure,CO2구동0인시간≤21시간,실내외온도상관≤.905626,29,18,0.6206896551724138,0.15683577506237603,0.4638538801100378,2,0
EC,failure,CO2구동0인시간≤21시간,CO2시간최대점프≥33,29,25,0.8620689655172413,0.22275819418676562,0.6393107713304758,2,2
EC,failure,CO2구동0인시간≤21시간,직전관측일간격=1,29,23,0.7931034482758621,0.23912449662547794,0.5539789516503841,2,2
EC,failure,CO2구동0인시간≤21시간,같은외기전체값기록있음,29,22,0.7586206896551724,0.22660525025057043,0.5320154394046019,2,2
EC,failure,0시실내습도≤76,직전관측일일사평균≥114.833,29,7,0.2413793103448276,0.2815336442720889,-0.04015433392726128,2,1
EC,failure,0시실내습도≤76,실내외온도상관≤.905626,29,15,0.5172413793103449,0.3323089547989483,0.18493242451139658,2,0
EC,failure,0시실내습도≤76,CO2시간최대점프≥33,29,18,0.6206896551724138,0.26564595659569784,0.35504369857671597,2,2
EC,failure,0시실내습도≤76,직전관측일간격=1,29,19,0.6551724137931034,0.49299878302996425,0.16217363076313918,2,2
EC,failure,0시실내습도≤76,같은외기전체값기록있음,29,18,0.6206896551724138,0.4545008457403158,0.16618880943209802,2,2
EC,failure,직전관측일일사평균≥114.833,실내외온도상관≤.905626,29,4,0.13793103448275862,0.20903360645688016,-0.07110257197412154,2,0
EC,failure,직전관측일일사평균≥114.833,CO2시간최대점프≥33,29,5,0.1724137931034483,0.24096739150063345,-0.06855359839718517,2,1
EC,failure,직전관측일일사평균≥114.833,직전관측일간격=1,29,9,0.3103448275862069,0.5129206984942247,-0.20257587090801782,2,1
EC,failure,직전관측일일사평균≥114.833,같은외기전체값기록있음,29,7,0.2413793103448276,0.48042805724284304,-0.23904874689801545,2,1
EC,failure,실내외온도상관≤.905626,CO2시간최대점프≥33,29,18,0.6206896551724138,0.26382615742221655,0.35686349775019727,2,0
EC,failure,실내외온도상관≤.905626,직전관측일간격=1,29,18,0.6206896551724138,0.46446643963925266,0.15622321553316115,2,0
EC,failure,실내외온도상관≤.905626,같은외기전체값기록있음,29,18,0.6206896551724138,0.4354957029833877,0.18519395218902612,2,0
EC,failure,CO2시간최대점프≥33,직전관측일간격=1,29,23,0.7931034482758621,0.45831341378454954,0.33479003449131256,2,2
EC,failure,CO2시간최대점프≥33,같은외기전체값기록있음,29,22,0.7586206896551724,0.4347216002388416,0.3238990894163308,2,2
EC,failure,직전관측일간격=1,같은외기전체값기록있음,29,24,0.8275862068965517,0.9137894917925122,-0.08620328489596052,2,2
EC,core_failure,환기 하루평균≤10,환기0인시간≥18시간,17,14,0.8235294117647058,0.27311366651923924,0.5504157452454665,2,2
EC,core_failure,환기 하루평균≤10,환기0인시간≥20시간,17,12,0.7058823529411765,0.2227731092436975,0.483109243697479,2,1
EC,core_failure,환기 하루평균≤10,밤환기평균=0,17,17,1.0,0.3879256965944272,0.6120743034055728,2,2
EC,core_failure,환기 하루평균≤10,외기하루평균≤10℃,17,16,0.9411764705882353,0.410061919504644,0.5311145510835913,2,2
EC,core_failure,환기 하루평균≤10,차광 낮−밤≥90,17,17,1.0,0.3998275099513489,0.6001724900486511,2,2
EC,core_failure,환기 하루평균≤10,보온 낮−밤≥90,17,17,1.0,0.33379478107032284,0.6662052189296772,2,2
EC,core_failure,환기 하루평균≤10,낮CO2가밤보다높음,17,13,0.7647058823529411,0.21753441044379604,0.5471714719091451,2,2
EC,core_failure,환기 하루평균≤10,실내 낮−밤온도≥5℃,17,14,0.8235294117647058,0.3879256965944272,0.4356037151702786,2,2
EC,core_failure,환기 하루평균≤10,난방하루평균=0,17,10,0.5882352941176471,0.08488721804511279,0.5033480760725343,2,1
EC,core_failure,환기 하루평균≤10,순환팬저녁평균=0,17,14,0.8235294117647058,0.1883812472357364,0.6351481645289694,2,2
EC,core_failure,환기 하루평균≤10,CO2구동0인시간≤21시간,17,14,0.8235294117647058,0.23876603272888103,0.5847633790358249,2,2
EC,core_failure,환기 하루평균≤10,0시실내습도≤76,17,12,0.7058823529411765,0.3216039704472393,0.3842783824939372,2,2
EC,core_failure,환기 하루평균≤10,직전관측일일사평균≥114.833,17,6,0.35294117647058826,0.22182928018089318,0.13111189628969508,2,1
EC,core_failure,환기 하루평균≤10,실내외온도상관≤.905626,17,11,0.6470588235294118,0.3230384785493145,0.3240203449800973,2,0
EC,core_failure,환기 하루평균≤10,CO2시간최대점프≥33,17,14,0.8235294117647058,0.29672711189739054,0.5268022998673153,2,2
EC,core_failure,환기 하루평균≤10,직전관측일간격=1,17,15,0.8823529411764706,0.48311241470676014,0.3992405264697104,2,2
EC,core_failure,환기 하루평균≤10,같은외기전체값기록있음,17,13,0.7647058823529411,0.4635072976559044,0.3011985846970367,2,2
EC,core_failure,환기0인시간≥18시간,환기0인시간≥20시간,17,12,0.7058823529411765,0.2251260504201681,0.4807563025210084,2,1
EC,core_failure,환기0인시간≥18시간,밤환기평균=0,17,14,0.8235294117647058,0.29291463954002644,0.5306147722246795,2,2
EC,core_failure,환기0인시간≥18시간,외기하루평균≤10℃,17,13,0.7647058823529411,0.23862892525431226,0.5260769570986289,2,2
EC,core_failure,환기0인시간≥18시간,차광 낮−밤≥90,17,14,0.8235294117647058,0.2694471472799646,0.5540822644847412,2,2
EC,core_failure,환기0인시간≥18시간,보온 낮−밤≥90,17,14,0.8235294117647058,0.2022379478107032,0.6212914639540026,2,2
EC,core_failure,환기0인시간≥18시간,낮CO2가밤보다높음,17,13,0.7647058823529411,0.16107902009267147,0.6036268622602696,2,2
EC,core_failure,환기0인시간≥18시간,실내 낮−밤온도≥5℃,17,11,0.6470588235294118,0.2416462459806113,0.4054125775488005,2,2
EC,core_failure,환기0인시간≥18시간,난방하루평균=0,17,8,0.47058823529411764,0.09671384343210968,0.373874391862008,2,1
EC,core_failure,환기0인시간≥18시간,순환팬저녁평균=0,17,14,0.8235294117647058,0.21423264042459086,0.609296771340115,2,2
EC,core_failure,환기0인시간≥18시간,CO2구동0인시간≤21시간,17,14,0.8235294117647058,0.1788014153029633,0.6447279964617425,2,2
EC,core_failure,환기0인시간≥18시간,0시실내습도≤76,17,11,0.6470588235294118,0.16544244543454964,0.48161637809486213,2,2
EC,core_failure,환기0인시간≥18시간,직전관측일일사평균≥114.833,17,3,0.17647058823529413,0.1252816091546179,0.05118897908067624,2,1
EC,core_failure,환기0인시간≥18시간,실내외온도상관≤.905626,17,10,0.5882352941176471,0.17988500663423262,0.40835028748341445,2,0
EC,core_failure,환기0인시간≥18시간,CO2시간최대점프≥33,17,14,0.8235294117647058,0.20315347191508182,0.620375939849624,2,2
EC,core_failure,환기0인시간≥18시간,직전관측일간격=1,17,12,0.7058823529411765,0.2943558649291975,0.411526488011979,2,2
EC,core_failure,환기0인시간≥18시간,같은외기전체값기록있음,17,11,0.6470588235294118,0.27662980981866425,0.37042901371074755,2,2
EC,core_failure,환기0인시간≥20시간,밤환기평균=0,17,12,0.7058823529411765,0.21436974789915966,0.4915126050420169,2,1
EC,core_failure,환기0인시간≥20시간,외기하루평균≤10℃,17,12,0.7058823529411765,0.18361344537815127,0.5222689075630252,2,1
EC,core_failure,환기0인시간≥20시간,차광 낮−밤≥90,17,12,0.7058823529411765,0.20031402034498008,0.5055683325961964,2,1
EC,core_failure,환기0인시간≥20시간,보온 낮−밤≥90,17,12,0.7058823529411765,0.12839893852277756,0.5774834144183989,2,1
EC,core_failure,환기0인시간≥20시간,낮CO2가밤보다높음,17,11,0.6470588235294118,0.138802543270929,0.5082562802584828,2,1
EC,core_failure,환기0인시간≥20시간,실내 낮−밤온도≥5℃,17,10,0.5882352941176471,0.1743255196815568,0.4139097744360903,2,1
EC,core_failure,환기0인시간≥20시간,난방하루평균=0,17,6,0.35294117647058826,0.06494913754975674,0.28799203892083153,2,0
EC,core_failure,환기0인시간≥20시간,순환팬저녁평균=0,17,12,0.7058823529411765,0.17314904909332154,0.532733303847855,2,1
EC,core_failure,환기0인시간≥20시간,CO2구동0인시간≤21시간,17,12,0.7058823529411765,0.1494825298540469,0.5563998230871297,2,1
EC,core_failure,환기0인시간≥20시간,0시실내습도≤76,17,9,0.5294117647058824,0.11704923580170323,0.4123625289041791,2,1
EC,core_failure,환기0인시간≥20시간,직전관측일일사평균≥114.833,17,3,0.17647058823529413,0.07455020409870691,0.10192038413658722,2,0
EC,core_failure,환기0인시간≥20시간,실내외온도상관≤.905626,17,9,0.5294117647058824,0.14127819548872178,0.3881335692171606,2,0
EC,core_failure,환기0인시간≥20시간,CO2시간최대점프≥33,17,12,0.7058823529411765,0.1621627598407784,0.5437195931003981,2,1
EC,core_failure,환기0인시간≥20시간,직전관측일간격=1,17,10,0.5882352941176471,0.21769389563905925,0.3705413984785878,2,1
EC,core_failure,환기0인시간≥20시간,같은외기전체값기록있음,17,9,0.5294117647058824,0.2027598407784166,0.3266519239274658,2,1
EC,core_failure,밤환기평균=0,외기하루평균≤10℃,17,16,0.9411764705882353,0.3949668288367979,0.5462096417514374,2,2
EC,core_failure,밤환기평균=0,차광 낮−밤≥90,17,17,1.0,0.4397169394073419,0.5602830605926581,2,2
EC,core_failure,밤환기평균=0,보온 낮−밤≥90,17,17,1.0,0.33944714727996456,0.6605528527200355,2,2
EC,core_failure,밤환기평균=0,낮CO2가밤보다높음,17,13,0.7647058823529411,0.18805823283039813,0.576647649522543,2,2
EC,core_failure,밤환기평균=0,실내 낮−밤온도≥5℃,17,14,0.8235294117647058,0.48233919456829677,0.3411902171964091,2,2
EC,core_failure,밤환기평균=0,난방하루평균=0,17,10,0.5882352941176471,0.1777001326846528,0.4105351614329943,2,1
EC,core_failure,밤환기평균=0,순환팬저녁평균=0,17,14,0.8235294117647058,0.27072976559044676,0.552799646174259,2,2
EC,core_failure,밤환기평균=0,CO2구동0인시간≤21시간,17,14,0.8235294117647058,0.2131003980539584,0.6104290137107474,2,2
EC,core_failure,밤환기평균=0,0시실내습도≤76,17,12,0.7058823529411765,0.33112063617393267,0.37476171676724385,2,2
EC,core_failure,밤환기평균=0,직전관측일일사평균≥114.833,17,6,0.35294117647058826,0.2678499996825256,0.08509117678806266,2,1
EC,core_failure,밤환기평균=0,실내외온도상관≤.905626,17,11,0.6470588235294118,0.3245201238390093,0.3225386996904025,2,0
EC,core_failure,밤환기평균=0,CO2시간최대점프≥33,17,14,0.8235294117647058,0.327421494913755,0.49610791685095085,2,2
EC,core_failure,밤환기평균=0,직전관측일간격=1,17,15,0.8823529411764706,0.5524799421524244,0.3298729990240462,2,2
EC,core_failure,밤환기평균=0,같은외기전체값기록있음,17,13,0.7647058823529411,0.5170544007076514,0.24765148164528972,2,2
EC,core_failure,외기하루평균≤10℃,차광 낮−밤≥90,17,16,0.9411764705882353,0.35363998230871296,0.5875364882795223,2,2
EC,core_failure,외기하루평균≤10℃,보온 낮−밤≥90,17,16,0.9411764705882353,0.30277753206545777,0.6383989385227775,2,2
EC,core_failure,외기하루평균≤10℃,낮CO2가밤보다높음,17,12,0.7058823529411765,0.21048698532751145,0.4953953676136651,2,2
EC,core_failure,외기하루평균≤10℃,실내 낮−밤온도≥5℃,17,14,0.8235294117647058,0.42766773850365186,0.395861673261054,2,2
EC,core_failure,외기하루평균≤10℃,난방하루평균=0,17,9,0.5294117647058824,0.06589562140645733,0.46351614329942503,2,1
EC,core_failure,외기하루평균≤10℃,순환팬저녁평균=0,17,13,0.7647058823529411,0.17288810260946483,0.5918177797434763,2,2
EC,core_failure,외기하루평균≤10℃,CO2구동0인시간≤21시간,17,13,0.7647058823529411,0.21415302963290575,0.5505528527200354,2,2
EC,core_failure,외기하루평균≤10℃,0시실내습도≤76,17,11,0.6470588235294118,0.4162731938412949,0.2307856296881169,2,2
EC,core_failure,외기하루평균≤10℃,직전관측일일사평균≥114.833,17,6,0.35294117647058826,0.22392024145984452,0.12902093501074374,2,1
EC,core_failure,외기하루평균≤10℃,실내외온도상관≤.905626,17,10,0.5882352941176471,0.41727111897390534,0.17096417514374174,2,0
EC,core_failure,외기하루평균≤10℃,CO2시간최대점프≥33,17,13,0.7647058823529411,0.30360017691287045,0.4611057054400707,2,2
EC,core_failure,외기하루평균≤10℃,직전관측일간격=1,17,14,0.8235294117647058,0.5252268168034359,0.29830259496127,2,2
EC,core_failure,외기하루평균≤10℃,같은외기전체값기록있음,17,12,0.7058823529411765,0.49219371959310043,0.21368863334807608,2,2
EC,core_failure,차광 낮−밤≥90,보온 낮−밤≥90,17,17,1.0,0.38884122069880583,0.6111587793011941,2,2
EC,core_failure,차광 낮−밤≥90,낮CO2가밤보다높음,17,13,0.7647058823529411,0.2093768273823129,0.5553290549706282,2,2
EC,core_failure,차광 낮−밤≥90,실내 낮−밤온도≥5℃,17,14,0.8235294117647058,0.4374911842404103,0.38603822752429556,2,2
EC,core_failure,차광 낮−밤≥90,난방하루평균=0,17,10,0.5882352941176471,0.1612295444493587,0.4270057496682884,2,1
EC,core_failure,차광 낮−밤≥90,순환팬저녁평균=0,17,14,0.8235294117647058,0.263578062804069,0.5599513489606369,2,2
EC,core_failure,차광 낮−밤≥90,CO2구동0인시간≤21시간,17,14,0.8235294117647058,0.24124281291463956,0.5822865988500663,2,2
EC,core_failure,차광 낮−밤≥90,0시실내습도≤76,17,12,0.7058823529411765,0.2980113924764537,0.4078709604647228,2,2
EC,core_failure,차광 낮−밤≥90,직전관측일일사평균≥114.833,17,6,0.35294117647058826,0.25249271582938704,0.10044846064120122,2,1
EC,core_failure,차광 낮−밤≥90,실내외온도상관≤.905626,17,11,0.6470588235294118,0.2842768686421937,0.3627819548872181,2,0
EC,core_failure,차광 낮−밤≥90,CO2시간최대점프≥33,17,14,0.8235294117647058,0.315749668288368,0.5077797434763378,2,2
EC,core_failure,차광 낮−밤≥90,직전관측일간격=1,17,15,0.8823529411764706,0.5075575721199187,0.37479536905655186,2,2
EC,core_failure,차광 낮−밤≥90,같은외기전체값기록있음,17,13,0.7647058823529411,0.4818841220698805,0.2828217602830606,2,2
EC,core_failure,보온 낮−밤≥90,낮CO2가밤보다높음,17,13,0.7647058823529411,0.17525668692061777,0.5894491954323233,2,2
EC,core_failure,보온 낮−밤≥90,실내 낮−밤온도≥5℃,17,14,0.8235294117647058,0.38015587458311917,0.4433735371815867,2,2
EC,core_failure,보온 낮−밤≥90,난방하루평균=0,17,10,0.5882352941176471,0.1127996461742592,0.4754356479433879,2,1
EC,core_failure,보온 낮−밤≥90,순환팬저녁평균=0,17,14,0.8235294117647058,0.14581601061477223,0.6777134011499336,2,2
EC,core_failure,보온 낮−밤≥90,CO2구동0인시간≤21시간,17,14,0.8235294117647058,0.1786466165413534,0.6448827952233525,2,2
EC,core_failure,보온 낮−밤≥90,0시실내습도≤76,17,12,0.7058823529411765,0.2694501156167165,0.43643223732446,2,2
EC,core_failure,보온 낮−밤≥90,직전관측일일사평균≥114.833,17,6,0.35294117647058826,0.2051120852803542,0.14782909119023405,2,1
EC,core_failure,보온 낮−밤≥90,실내외온도상관≤.905626,17,11,0.6470588235294118,0.22288810260946482,0.424170720919947,2,0
EC,core_failure,보온 낮−밤≥90,CO2시간최대점프≥33,17,14,0.8235294117647058,0.2686156567890314,0.5549137549756744,2,2
EC,core_failure,보온 낮−밤≥90,직전관측일간격=1,17,15,0.8823529411764706,0.4305653173754501,0.45178762380102044,2,2
EC,core_failure,보온 낮−밤≥90,같은외기전체값기록있음,17,13,0.7647058823529411,0.4203892083149049,0.34431667403803623,2,2
EC,core_failure,낮CO2가밤보다높음,실내 낮−밤온도≥5℃,17,10,0.5882352941176471,0.21950524164146454,0.3687300524761825,2,2
EC,core_failure,낮CO2가밤보다높음,난방하루평균=0,17,8,0.47058823529411764,0.06498698384334306,0.4056012514507746,2,1
EC,core_failure,낮CO2가밤보다높음,순환팬저녁평균=0,17,13,0.7647058823529411,0.15426535149559648,0.6104405308573446,2,2
EC,core_failure,낮CO2가밤보다높음,CO2구동0인시간≤21시간,17,13,0.7647058823529411,0.18932882937703516,0.5753770529759059,2,2
EC,core_failure,낮CO2가밤보다높음,0시실내습도≤76,17,10,0.5882352941176471,0.1725430037786927,0.4156922903389544,2,2
EC,core_failure,낮CO2가밤보다높음,직전관측일일사평균≥114.833,17,3,0.17647058823529413,0.11734518758281905,0.05912540065247508,2,1
EC,core_failure,낮CO2가밤보다높음,실내외온도상관≤.905626,17,9,0.5294117647058824,0.18584177577777844,0.3435699889281039,2,0
EC,core_failure,낮CO2가밤보다높음,CO2시간최대점프≥33,17,13,0.7647058823529411,0.2445603744853646,0.5201455078675765,2,2
EC,core_failure,낮CO2가밤보다높음,직전관측일간격=1,17,11,0.6470588235294118,0.2517481307898137,0.3953106927395981,2,2
EC,core_failure,낮CO2가밤보다높음,같은외기전체값기록있음,17,10,0.5882352941176471,0.24836652428544714,0.33986876983219994,2,2
EC,core_failure,실내 낮−밤온도≥5℃,난방하루평균=0,17,7,0.4117647058823529,0.16453554394730863,0.2472291619350443,2,1
EC,core_failure,실내 낮−밤온도≥5℃,순환팬저녁평균=0,17,11,0.6470588235294118,0.2784034808802611,0.3686553426491507,2,2
EC,core_failure,실내 낮−밤온도≥5℃,CO2구동0인시간≤21시간,17,11,0.6470588235294118,0.23418900988560432,0.4128698136438075,2,2
EC,core_failure,실내 낮−밤온도≥5℃,0시실내습도≤76,17,9,0.5294117647058824,0.41856915739268674,0.11084260731319562,2,2
EC,core_failure,실내 낮−밤온도≥5℃,직전관측일일사평균≥114.833,17,6,0.35294117647058826,0.4291048869879078,-0.07616371051731952,2,1
EC,core_failure,실내 낮−밤온도≥5℃,실내외온도상관≤.905626,17,8,0.47058823529411764,0.36024421148260155,0.11034402381151609,2,0
EC,core_failure,실내 낮−밤온도≥5℃,CO2시간최대점프≥33,17,11,0.6470588235294118,0.39699905566778626,0.25005976786162554,2,2
EC,core_failure,실내 낮−밤온도≥5℃,직전관측일간격=1,17,13,0.7647058823529411,0.7663173878823053,-0.0016115055293641767,2,2
EC,core_failure,실내 낮−밤온도≥5℃,같은외기전체값기록있음,17,10,0.5882352941176471,0.7187718899793203,-0.1305365958616732,2,2
EC,core_failure,난방하루평균=0,순환팬저녁평균=0,17,8,0.47058823529411764,0.1556700574966829,0.31491817779743475,2,1
EC,core_failure,난방하루평균=0,CO2구동0인시간≤21시간,17,8,0.47058823529411764,0.06713401149933657,0.4034542237947811,2,1
EC,core_failure,난방하루평균=0,0시실내습도≤76,17,8,0.47058823529411764,0.08868760927189667,0.38190062602222097,2,1
EC,core_failure,난방하루평균=0,직전관측일일사평균≥114.833,17,4,0.23529411764705882,0.12298160030268387,0.11231251734437495,2,1
EC,core_failure,난방하루평균=0,실내외온도상관≤.905626,17,6,0.35294117647058826,0.0718841220698806,0.28105705440070766,2,0
EC,core_failure,난방하루평균=0,CO2시간최대점프≥33,17,8,0.47058823529411764,0.11649712516585582,0.35409111012826183,2,1
EC,core_failure,난방하루평균=0,직전관측일간격=1,17,9,0.5294117647058824,0.1902627605111114,0.33914900419477095,2,1
EC,core_failure,난방하루평균=0,같은외기전체값기록있음,17,8,0.47058823529411764,0.19306943830163642,0.2775187969924812,2,1
EC,core_failure,순환팬저녁평균=0,CO2구동0인시간≤21시간,17,14,0.8235294117647058,0.16935869084475894,0.6541707209199469,2,2
EC,core_failure,순환팬저녁평균=0,0시실내습도≤76,17,11,0.6470588235294118,0.14181828436072413,0.5052405391686876,2,2
EC,core_failure,순환팬저녁평균=0,직전관측일일사평균≥114.833,17,3,0.17647058823529413,0.1643008223334669,0.012169765901827223,2,1
EC,core_failure,순환팬저녁평균=0,실내외온도상관≤.905626,17,10,0.5882352941176471,0.15510393631136665,0.4331313578062804,2,0
EC,core_failure,순환팬저녁평균=0,CO2시간최대점프≥33,17,14,0.8235294117647058,0.22787262273330383,0.595656789031402,2,2
EC,core_failure,순환팬저녁평균=0,직전관측일간격=1,17,12,0.7058823529411765,0.31687290676971264,0.3890094461714639,2,2
EC,core_failure,순환팬저녁평균=0,같은외기전체값기록있음,17,11,0.6470588235294118,0.2943653250773994,0.3526934984520124,2,2
EC,core_failure,CO2구동0인시간≤21시간,0시실내습도≤76,17,11,0.6470588235294118,0.1346805030737127,0.5123783204556991,2,2
EC,core_failure,CO2구동0인시간≤21시간,직전관측일일사평균≥114.833,17,3,0.17647058823529413,0.09438339182955283,0.0820871964057413,2,1
EC,core_failure,CO2구동0인시간≤21시간,실내외온도상관≤.905626,17,10,0.5882352941176471,0.1739716939407342,0.4142636001769129,2,0
EC,core_failure,CO2구동0인시간≤21시간,CO2시간최대점프≥33,17,14,0.8235294117647058,0.2274878372401592,0.5960415745245466,2,2
EC,core_failure,CO2구동0인시간≤21시간,직전관측일간격=1,17,12,0.7058823529411765,0.2512734646283065,0.45460888831287,2,2
EC,core_failure,CO2구동0인시간≤21시간,같은외기전체값기록있음,17,11,0.6470588235294118,0.24444935869084472,0.4026094648385671,2,2
EC,core_failure,0시실내습도≤76,직전관측일일사평균≥114.833,17,4,0.23529411764705882,0.2708177920179499,-0.0355236743708911,2,1
EC,core_failure,0시실내습도≤76,실내외온도상관≤.905626,17,9,0.5294117647058824,0.34193446506119224,0.18747729964469012,2,0
EC,core_failure,0시실내습도≤76,CO2시간최대점프≥33,17,11,0.6470588235294118,0.2691872990807061,0.3778715244487057,2,2
EC,core_failure,0시실내습도≤76,직전관측일간격=1,17,11,0.6470588235294118,0.4873301760392167,0.1597286474901951,2,2
EC,core_failure,0시실내습도≤76,같은외기전체값기록있음,17,10,0.5882352941176471,0.45407816818002367,0.1341571259376234,2,2
EC,core_failure,직전관측일일사평균≥114.833,실내외온도상관≤.905626,17,2,0.11764705882352941,0.2088826730300992,-0.09123561420656978,2,0
EC,core_failure,직전관측일일사평균≥114.833,CO2시간최대점프≥33,17,3,0.17647058823529413,0.23453546581528742,-0.05806487757999329,2,1
EC,core_failure,직전관측일일사평균≥114.833,직전관측일간격=1,17,6,0.35294117647058826,0.48336228575611756,-0.1304211092855293,2,1
EC,core_failure,직전관측일일사평균≥114.833,같은외기전체값기록있음,17,4,0.23529411764705882,0.4576781190275123,-0.2223840013804535,2,1
EC,core_failure,실내외온도상관≤.905626,CO2시간최대점프≥33,17,10,0.5882352941176471,0.26946926138876603,0.31876603272888104,2,0
EC,core_failure,실내외온도상관≤.905626,직전관측일간격=1,17,10,0.5882352941176471,0.4673158956457822,0.12091939847186489,2,0
EC,core_failure,실내외온도상관≤.905626,같은외기전체값기록있음,17,10,0.5882352941176471,0.4488500663423263,0.13938522777532075,2,0
EC,core_failure,CO2시간최대점프≥33,직전관측일간격=1,17,12,0.7058823529411765,0.4522490448688476,0.2536333080723289,2,2
EC,core_failure,CO2시간최대점프≥33,같은외기전체값기록있음,17,11,0.6470588235294118,0.4420787262273331,0.20498009730207872,2,2
EC,core_failure,직전관측일간격=1,같은외기전체값기록있음,17,12,0.7058823529411765,0.8980126847841229,-0.19213033184294637,2,2
TEMP,failure,환기 하루평균≤10,환기0인시간≥18시간,16,5,0.3125,0.2719302249160216,0.04056977508397841,4,1
TEMP,failure,환기 하루평균≤10,환기0인시간≥20시간,16,2,0.125,0.22021163465751425,-0.09521163465751425,4,1
TEMP,failure,환기 하루평균≤10,밤환기평균=0,16,9,0.5625,0.38802577771286695,0.17447422228713305,4,1
TEMP,failure,환기 하루평균≤10,외기하루평균≤10℃,16,9,0.5625,0.4310898021031109,0.13141019789688912,4,1
TEMP,failure,환기 하루평균≤10,차광 낮−밤≥90,16,5,0.3125,0.4013094238352563,-0.08880942383525631,4,1
TEMP,failure,환기 하루평균≤10,보온 낮−밤≥90,16,4,0.25,0.3594446016503578,-0.1094446016503578,4,1
TEMP,failure,환기 하루평균≤10,낮CO2가밤보다높음,16,2,0.125,0.2745784969144872,-0.1495784969144872,4,1
TEMP,failure,환기 하루평균≤10,실내 낮−밤온도≥5℃,16,8,0.5,0.37993117147080563,0.12006882852919437,4,1
TEMP,failure,환기 하루평균≤10,난방하루평균=0,16,2,0.125,0.0731125401635753,0.051887459836424704,4,1
TEMP,failure,환기 하루평균≤10,순환팬저녁평균=0,16,3,0.1875,0.1902418486198335,-0.002741848619833509,4,1
TEMP,failure,환기 하루평균≤10,CO2구동0인시간≤21시간,16,2,0.125,0.2675772692420038,-0.1425772692420038,4,1
TEMP,failure,환기 하루평균≤10,0시실내습도≤76,16,8,0.5,0.33112373737373735,0.16887626262626265,4,1
TEMP,failure,환기 하루평균≤10,직전관측일일사평균≥114.833,16,7,0.4375,0.2001320080937246,0.2373679919062754,4,0
TEMP,failure,환기 하루평균≤10,실내외온도상관≤.905626,16,8,0.5,0.3258281455381919,0.1741718544618081,4,1
TEMP,failure,환기 하루평균≤10,CO2시간최대점프≥33,16,6,0.375,0.34480201182999853,0.030197988170001466,4,1
TEMP,failure,환기 하루평균≤10,직전관측일간격=1,16,9,0.5625,0.473147382474684,0.08935261752531598,4,1
TEMP,failure,환기 하루평균≤10,같은외기전체값기록있음,16,9,0.5625,0.4235751058857894,0.1389248941142106,4,0
TEMP,failure,환기0인시간≥18시간,환기0인시간≥20시간,16,2,0.125,0.2217086406455382,-0.09670864064553819,4,1
TEMP,failure,환기0인시간≥18시간,밤환기평균=0,16,5,0.3125,0.2918271688330656,0.020672831166934413,4,1
TEMP,failure,환기0인시간≥18시간,외기하루평균≤10℃,16,5,0.3125,0.2570685610486344,0.0554314389513656,4,1
TEMP,failure,환기0인시간≥18시간,차광 낮−밤≥90,16,4,0.25,0.265178864831313,-0.015178864831312977,4,1
TEMP,failure,환기0인시간≥18시간,보온 낮−밤≥90,16,3,0.1875,0.2184955546224624,-0.030995554622462396,4,1
TEMP,failure,환기0인시간≥18시간,낮CO2가밤보다높음,16,2,0.125,0.20917664560681754,-0.08417664560681754,4,1
TEMP,failure,환기0인시간≥18시간,실내 낮−밤온도≥5℃,16,4,0.25,0.2452258869179601,0.004774113082039899,4,1
TEMP,failure,환기0인시간≥18시간,난방하루평균=0,16,2,0.125,0.07180494194537754,0.05319505805462246,4,1
TEMP,failure,환기0인시간≥18시간,순환팬저녁평균=0,16,3,0.1875,0.20864178654885351,-0.021141786548853514,4,1
TEMP,failure,환기0인시간≥18시간,CO2구동0인시간≤21시간,16,2,0.125,0.20137583065576165,-0.07637583065576165,4,1
TEMP,failure,환기0인시간≥18시간,0시실내습도≤76,16,4,0.25,0.19406565656565655,0.05593434343434345,4,1
TEMP,failure,환기0인시간≥18시간,직전관측일일사평균≥114.833,16,3,0.1875,0.10281213042353463,0.08468786957646537,4,0
TEMP,failure,환기0인시간≥18시간,실내외온도상관≤.905626,16,5,0.3125,0.1778299346429093,0.1346700653570907,4,1
TEMP,failure,환기0인시간≥18시간,CO2시간최대점프≥33,16,4,0.25,0.23199827479187965,0.01800172520812035,4,1
TEMP,failure,환기0인시간≥18시간,직전관측일간격=1,16,5,0.3125,0.28540946762510166,0.027090532374898335,4,1
TEMP,failure,환기0인시간≥18시간,같은외기전체값기록있음,16,5,0.3125,0.2442721264787498,0.0682278735212502,4,0
TEMP,failure,환기0인시간≥20시간,밤환기평균=0,16,2,0.125,0.22021163465751425,-0.09521163465751425,4,1
TEMP,failure,환기0인시간≥20시간,외기하루평균≤10℃,16,2,0.125,0.2004230867533226,-0.0754230867533226,4,1
TEMP,failure,환기0인시간≥20시간,차광 낮−밤≥90,16,1,0.0625,0.20736385460785745,-0.14486385460785745,4,1
TEMP,failure,환기0인시간≥20시간,보온 낮−밤≥90,16,0,0.0,0.14987403242295896,-0.14987403242295896,4,1
TEMP,failure,환기0인시간≥20시간,낮CO2가밤보다높음,16,0,0.0,0.18312656112253892,-0.18312656112253892,4,1
TEMP,failure,환기0인시간≥20시간,실내 낮−밤온도≥5℃,16,1,0.0625,0.18078690872135994,-0.11828690872135994,4,1
TEMP,failure,환기0인시간≥20시간,난방하루평균=0,16,1,0.0625,0.05190799802833358,0.010592001971666418,4,1
TEMP,failure,환기0인시간≥20시간,순환팬저녁평균=0,16,2,0.125,0.17695820249744415,-0.05195820249744415,4,1
TEMP,failure,환기0인시간≥20시간,CO2구동0인시간≤21시간,16,1,0.0625,0.16936477654447205,-0.10686477654447205,4,1
TEMP,failure,환기0인시간≥20시간,0시실내습도≤76,16,1,0.0625,0.14332386363636362,-0.08082386363636362,4,1
TEMP,failure,환기0인시간≥20시간,직전관측일일사평균≥114.833,16,0,0.0,0.06792411209254196,-0.06792411209254196,4,0
TEMP,failure,환기0인시간≥20시간,실내외온도상관≤.905626,16,2,0.125,0.1423890024828392,-0.0173890024828392,4,1
TEMP,failure,환기0인시간≥20시간,CO2시간최대점프≥33,16,1,0.0625,0.19356333065576165,-0.13106333065576165,4,1
TEMP,failure,환기0인시간≥20시간,직전관측일간격=1,16,2,0.125,0.2149121793924163,-0.0899121793924163,4,1
TEMP,failure,환기0인시간≥20시간,같은외기전체값기록있음,16,2,0.125,0.18539597634000293,-0.06039597634000293,4,0
TEMP,failure,밤환기평균=0,외기하루평균≤10℃,16,10,0.625,0.3967373941142106,0.2282626058857894,4,1
TEMP,failure,밤환기평균=0,차광 낮−밤≥90,16,7,0.4375,0.42243295421352417,0.01506704578647583,4,3
TEMP,failure,밤환기평균=0,보온 낮−밤≥90,16,5,0.3125,0.35323750365123413,-0.04073750365123413,4,1
TEMP,failure,밤환기평균=0,낮CO2가밤보다높음,16,2,0.125,0.2366156699970614,-0.1116156699970614,4,1
TEMP,failure,밤환기평균=0,실내 낮−밤온도≥5℃,16,11,0.6875,0.450360310421286,0.237139689578714,4,3
TEMP,failure,밤환기평균=0,난방하루평균=0,16,4,0.25,0.14551879472761792,0.10448120527238208,4,3
TEMP,failure,밤환기평균=0,순환팬저녁평균=0,16,4,0.25,0.25192260296480207,-0.001922602964802067,4,3
TEMP,failure,밤환기평균=0,CO2구동0인시간≤21시간,16,2,0.125,0.22633772089966409,-0.10133772089966409,4,1
TEMP,failure,밤환기평균=0,0시실내습도≤76,16,11,0.6875,0.33071338383838383,0.35678661616161617,4,3
TEMP,failure,밤환기평균=0,직전관측일일사평균≥114.833,16,10,0.625,0.23586485512602556,0.38913514487397444,4,1
TEMP,failure,밤환기평균=0,실내외온도상관≤.905626,16,10,0.625,0.3031539816708047,0.3218460183291953,4,2
TEMP,failure,밤환기평균=0,CO2시간최대점프≥33,16,9,0.5625,0.3464074138308748,0.2160925861691252,4,2
TEMP,failure,밤환기평균=0,직전관측일간격=1,16,12,0.75,0.5321589271195211,0.21784107288047894,4,3
TEMP,failure,밤환기평균=0,같은외기전체값기록있음,16,12,0.75,0.47382407441215135,0.27617592558784865,4,1
TEMP,failure,외기하루평균≤10℃,차광 낮−밤≥90,16,5,0.3125,0.3750969859062363,-0.0625969859062363,4,1
TEMP,failure,외기하루평균≤10℃,보온 낮−밤≥90,16,5,0.3125,0.3528313038557032,-0.040331303855703216,4,1
TEMP,failure,외기하루평균≤10℃,낮CO2가밤보다높음,16,2,0.125,0.2630835843373494,-0.1380835843373494,4,1
TEMP,failure,외기하루평균≤10℃,실내 낮−밤온도≥5℃,16,11,0.6875,0.4295385254988913,0.2579614745011087,4,1
TEMP,failure,외기하루평균≤10℃,난방하루평균=0,16,2,0.125,0.06230602818752738,0.06269397181247262,4,1
TEMP,failure,외기하루평균≤10℃,순환팬저녁평균=0,16,3,0.1875,0.18618669672849422,0.001313303271505778,4,1
TEMP,failure,외기하루평균≤10℃,CO2구동0인시간≤21시간,16,2,0.125,0.2404930991675186,-0.1154930991675186,4,1
TEMP,failure,외기하루평균≤10℃,0시실내습도≤76,16,11,0.6875,0.4335385101010101,0.2539614898989899,4,1
TEMP,failure,외기하루평균≤10℃,직전관측일일사평균≥114.833,16,10,0.625,0.2187361408825486,0.4062638591174514,4,0
TEMP,failure,외기하루평균≤10℃,실내외온도상관≤.905626,16,10,0.625,0.412608852417117,0.21239114758288302,4,1
TEMP,failure,외기하루평균≤10℃,CO2시간최대점프≥33,16,9,0.5625,0.3525335000730247,0.2099664999269753,4,1
TEMP,failure,외기하루평균≤10℃,직전관측일간격=1,16,12,0.75,0.544393063049745,0.205606936950255,4,1
TEMP,failure,외기하루평균≤10℃,같은외기전체값기록있음,16,12,0.75,0.4988156309332554,0.2511843690667446,4,0
TEMP,failure,차광 낮−밤≥90,보온 낮−밤≥90,16,5,0.3125,0.39853220388491306,-0.08603220388491306,4,1
TEMP,failure,차광 낮−밤≥90,낮CO2가밤보다높음,16,2,0.125,0.25209374081692626,-0.12709374081692626,4,1
TEMP,failure,차광 낮−밤≥90,실내 낮−밤온도≥5℃,16,6,0.375,0.412877633037694,-0.03787763303769398,4,3
TEMP,failure,차광 낮−밤≥90,난방하루평균=0,16,3,0.1875,0.13653675879947422,0.05096324120052578,4,3
TEMP,failure,차광 낮−밤≥90,순환팬저녁평균=0,16,3,0.1875,0.2532302011829999,-0.06573020118299988,4,3
TEMP,failure,차광 낮−밤≥90,CO2구동0인시간≤21시간,16,2,0.125,0.25353028698700164,-0.12853028698700164,4,1
TEMP,failure,차광 낮−밤≥90,0시실내습도≤76,16,6,0.375,0.2985953282828283,0.07640467171717169,4,3
TEMP,failure,차광 낮−밤≥90,직전관측일일사평균≥114.833,16,6,0.375,0.2298407587404834,0.1451592412595166,4,1
TEMP,failure,차광 낮−밤≥90,실내외온도상관≤.905626,16,6,0.375,0.28205783554841535,0.09294216445158465,4,2
TEMP,failure,차광 낮−밤≥90,CO2시간최대점프≥33,16,5,0.3125,0.33815904775814226,-0.02565904775814226,4,2
TEMP,failure,차광 낮−밤≥90,직전관측일간격=1,16,7,0.4375,0.5048010292704561,-0.06730102927045611,4,3
TEMP,failure,차광 낮−밤≥90,같은외기전체값기록있음,16,7,0.4375,0.45455240433766614,-0.01705240433766614,4,1
TEMP,failure,보온 낮−밤≥90,낮CO2가밤보다높음,16,2,0.125,0.22632603585071998,-0.10132603585071998,4,1
TEMP,failure,보온 낮−밤≥90,실내 낮−밤온도≥5℃,16,6,0.375,0.40130958980044346,-0.026309589800443456,4,2
TEMP,failure,보온 낮−밤≥90,난방하루평균=0,16,2,0.125,0.1037349842996933,0.0212650157003067,4,1
TEMP,failure,보온 낮−밤≥90,순환팬저녁평균=0,16,1,0.0625,0.1594003304366876,-0.09690033043668761,4,1
TEMP,failure,보온 낮−밤≥90,CO2구동0인시간≤21시간,16,1,0.0625,0.21563960493646853,-0.15313960493646853,4,1
TEMP,failure,보온 낮−밤≥90,0시실내습도≤76,16,6,0.375,0.2951546717171717,0.07984532828282831,4,2
TEMP,failure,보온 낮−밤≥90,직전관측일일사평균≥114.833,16,6,0.375,0.1947032762953655,0.1802967237046345,4,0
TEMP,failure,보온 낮−밤≥90,실내외온도상관≤.905626,16,4,0.25,0.2500467814371258,-4.678143712577576e-05,4,1
TEMP,failure,보온 낮−밤≥90,CO2시간최대점프≥33,16,5,0.3125,0.30946947568278077,0.0030305243172192298,4,2
TEMP,failure,보온 낮−밤≥90,직전관측일간격=1,16,6,0.375,0.4568941024835539,-0.08189410248355389,4,2
TEMP,failure,보온 낮−밤≥90,같은외기전체값기록있음,16,6,0.375,0.4167427340441069,-0.04174273404410689,4,1
TEMP,failure,낮CO2가밤보다높음,실내 낮−밤온도≥5℃,16,3,0.1875,0.2594281226903178,-0.07192812269031779,4,1
TEMP,failure,낮CO2가밤보다높음,난방하루평균=0,16,1,0.0625,0.06043610417278872,0.0020638958272112817,4,1
TEMP,failure,낮CO2가밤보다높음,순환팬저녁평균=0,16,1,0.0625,0.1817559873640905,-0.11925598736409049,4,1
TEMP,failure,낮CO2가밤보다높음,CO2구동0인시간≤21시간,16,1,0.0625,0.24113374228621803,-0.17863374228621803,4,1
TEMP,failure,낮CO2가밤보다높음,0시실내습도≤76,16,3,0.1875,0.20711805555555557,-0.01961805555555557,4,1
TEMP,failure,낮CO2가밤보다높음,직전관측일일사평균≥114.833,16,3,0.1875,0.10072213701431493,0.08677786298568507,4,0
TEMP,failure,낮CO2가밤보다높음,실내외온도상관≤.905626,16,3,0.1875,0.2094773912724067,-0.021977391272406693,4,1
TEMP,failure,낮CO2가밤보다높음,CO2시간최대점프≥33,16,3,0.1875,0.3044762893035557,-0.11697628930355569,4,1
TEMP,failure,낮CO2가밤보다높음,직전관측일간격=1,16,3,0.1875,0.29585250511247446,-0.10835250511247446,4,1
TEMP,failure,낮CO2가밤보다높음,같은외기전체값기록있음,16,3,0.1875,0.2623833749632677,-0.07488337496326769,4,0
TEMP,failure,실내 낮−밤온도≥5℃,난방하루평균=0,16,4,0.25,0.1351845436067997,0.11481545639320029,4,3
TEMP,failure,실내 낮−밤온도≥5℃,순환팬저녁평균=0,16,3,0.1875,0.25496235218033997,-0.06746235218033997,4,3
TEMP,failure,실내 낮−밤온도≥5℃,CO2구동0인시간≤21시간,16,1,0.0625,0.25448309312638584,-0.19198309312638584,4,1
TEMP,failure,실내 낮−밤온도≥5℃,0시실내습도≤76,16,14,0.875,0.4283324864498645,0.4466675135501355,4,4
TEMP,failure,실내 낮−밤온도≥5℃,직전관측일일사평균≥114.833,16,14,0.875,0.41362996595840196,0.46137003404159804,4,1
TEMP,failure,실내 낮−밤온도≥5℃,실내외온도상관≤.905626,16,11,0.6875,0.3410996396895787,0.3464003603104213,4,2
TEMP,failure,실내 낮−밤온도≥5℃,CO2시간최대점프≥33,16,13,0.8125,0.44540026792313375,0.36709973207686625,4,3
TEMP,failure,실내 낮−밤온도≥5℃,직전관측일간격=1,16,15,0.9375,0.7683604855603771,0.16913951443962294,4,4
TEMP,failure,실내 낮−밤온도≥5℃,같은외기전체값기록있음,16,15,0.9375,0.7070872597930524,0.23041274020694757,4,2
TEMP,failure,난방하루평균=0,순환팬저녁평균=0,16,3,0.1875,0.11263600847086315,0.07486399152913685,4,3
TEMP,failure,난방하루평균=0,CO2구동0인시간≤21시간,16,1,0.0625,0.059828894041185916,0.0026711059588140837,4,1
TEMP,failure,난방하루평균=0,0시실내습도≤76,16,4,0.25,0.0773989898989899,0.1726010101010101,4,3
TEMP,failure,난방하루평균=0,직전관측일일사평균≥114.833,16,3,0.1875,0.09807173479192845,0.08942826520807155,4,1
TEMP,failure,난방하루평균=0,실내외온도상관≤.905626,16,3,0.1875,0.05332399225938367,0.13417600774061633,4,2
TEMP,failure,난방하루평균=0,CO2시간최대점프≥33,16,4,0.25,0.094317082298817,0.155682917701183,4,2
TEMP,failure,난방하루평균=0,직전관측일간격=1,16,4,0.25,0.16662412687560058,0.08337587312439942,4,3
TEMP,failure,난방하루평균=0,같은외기전체값기록있음,16,4,0.25,0.15774130093471594,0.09225869906528406,4,1
TEMP,failure,순환팬저녁평균=0,CO2구동0인시간≤21시간,16,2,0.125,0.18136820870454212,-0.05636820870454212,4,1
TEMP,failure,순환팬저녁평균=0,0시실내습도≤76,16,3,0.1875,0.16024305555555557,0.02725694444444443,4,3
TEMP,failure,순환팬저녁평균=0,직전관측일일사평균≥114.833,16,2,0.125,0.14017688853573804,-0.015176888535738037,4,1
TEMP,failure,순환팬저녁평균=0,실내외온도상관≤.905626,16,4,0.25,0.15417564261720462,0.09582435738279538,4,2
TEMP,failure,순환팬저녁평균=0,CO2시간최대점프≥33,16,3,0.1875,0.24775905506061047,-0.06025905506061047,4,2
TEMP,failure,순환팬저녁평균=0,직전관측일간격=1,16,4,0.25,0.2913677332027496,-0.04136773320274961,4,3
TEMP,failure,순환팬저녁평균=0,같은외기전체값기록있음,16,4,0.25,0.2583464929896305,-0.008346492989630527,4,1
TEMP,failure,CO2구동0인시간≤21시간,0시실내습도≤76,16,1,0.0625,0.17241161616161615,-0.10991161616161615,4,1
TEMP,failure,CO2구동0인시간≤21시간,직전관측일일사평균≥114.833,16,1,0.0625,0.08985327814324784,-0.02735327814324784,4,0
TEMP,failure,CO2구동0인시간≤21시간,실내외온도상관≤.905626,16,2,0.125,0.19476253286110706,-0.06976253286110706,4,1
TEMP,failure,CO2구동0인시간≤21시간,CO2시간최대점프≥33,16,1,0.0625,0.28932607346283046,-0.22682607346283046,4,1
TEMP,failure,CO2구동0인시간≤21시간,직전관측일간격=1,16,2,0.125,0.2985213476605809,-0.17352134766058092,4,1
TEMP,failure,CO2구동0인시간≤21시간,같은외기전체값기록있음,16,2,0.125,0.2657527931940996,-0.1407527931940996,4,0
TEMP,failure,0시실내습도≤76,직전관측일일사평균≥114.833,16,13,0.8125,0.24893600401454324,0.5635639959854568,4,1
TEMP,failure,0시실내습도≤76,실내외온도상관≤.905626,16,11,0.6875,0.3357323232323232,0.3517676767676768,4,2
TEMP,failure,0시실내습도≤76,CO2시간최대점프≥33,16,12,0.75,0.30755997474747476,0.44244002525252524,4,3
TEMP,failure,0시실내습도≤76,직전관측일간격=1,16,14,0.875,0.49463386229359185,0.38036613770640815,4,4
TEMP,failure,0시실내습도≤76,같은외기전체값기록있음,16,14,0.875,0.4502209595959596,0.4247790404040404,4,2
TEMP,failure,직전관측일일사평균≥114.833,실내외온도상관≤.905626,16,10,0.625,0.17365185434991498,0.451348145650085,4,1
TEMP,failure,직전관측일일사평균≥114.833,CO2시간최대점프≥33,16,12,0.75,0.20624907605883658,0.5437509239411634,4,0
TEMP,failure,직전관측일일사평균≥114.833,직전관측일간격=1,16,14,0.875,0.4607180639736862,0.4142819360263138,4,1
TEMP,failure,직전관측일일사평균≥114.833,같은외기전체값기록있음,16,14,0.875,0.41626205743218275,0.45873794256781725,4,1
TEMP,failure,실내외온도상관≤.905626,CO2시간최대점프≥33,16,9,0.5625,0.3072387998393457,0.2552612001606543,4,1
TEMP,failure,실내외온도상관≤.905626,직전관측일간격=1,16,12,0.75,0.46865645095720304,0.28134354904279696,4,2
TEMP,failure,실내외온도상관≤.905626,같은외기전체값기록있음,16,12,0.75,0.4357462666131152,0.3142537333868848,4,1
TEMP,failure,CO2시간최대점프≥33,직전관측일간격=1,16,13,0.8125,0.5075601485697391,0.3049398514302609,4,3
TEMP,failure,CO2시간최대점프≥33,같은외기전체값기록있음,16,13,0.8125,0.4676489247115525,0.3448510752884475,4,1
TEMP,failure,직전관측일간격=1,같은외기전체값기록있음,16,16,1.0,0.8951476919949738,0.1048523080050262,4,2
TEMP,core_failure,환기 하루평균≤10,환기0인시간≥18시간,16,5,0.3125,0.2719302249160216,0.04056977508397841,4,1
TEMP,core_failure,환기 하루평균≤10,환기0인시간≥20시간,16,2,0.125,0.22021163465751425,-0.09521163465751425,4,1
TEMP,core_failure,환기 하루평균≤10,밤환기평균=0,16,9,0.5625,0.38802577771286695,0.17447422228713305,4,1
TEMP,core_failure,환기 하루평균≤10,외기하루평균≤10℃,16,9,0.5625,0.4310898021031109,0.13141019789688912,4,1
TEMP,core_failure,환기 하루평균≤10,차광 낮−밤≥90,16,5,0.3125,0.4013094238352563,-0.08880942383525631,4,1
TEMP,core_failure,환기 하루평균≤10,보온 낮−밤≥90,16,4,0.25,0.3594446016503578,-0.1094446016503578,4,1
TEMP,core_failure,환기 하루평균≤10,낮CO2가밤보다높음,16,2,0.125,0.2745784969144872,-0.1495784969144872,4,1
TEMP,core_failure,환기 하루평균≤10,실내 낮−밤온도≥5℃,16,8,0.5,0.37993117147080563,0.12006882852919437,4,1
TEMP,core_failure,환기 하루평균≤10,난방하루평균=0,16,2,0.125,0.0731125401635753,0.051887459836424704,4,1
TEMP,core_failure,환기 하루평균≤10,순환팬저녁평균=0,16,3,0.1875,0.1902418486198335,-0.002741848619833509,4,1
TEMP,core_failure,환기 하루평균≤10,CO2구동0인시간≤21시간,16,2,0.125,0.2675772692420038,-0.1425772692420038,4,1
TEMP,core_failure,환기 하루평균≤10,0시실내습도≤76,16,8,0.5,0.33112373737373735,0.16887626262626265,4,1
TEMP,core_failure,환기 하루평균≤10,직전관측일일사평균≥114.833,16,7,0.4375,0.2001320080937246,0.2373679919062754,4,0
TEMP,core_failure,환기 하루평균≤10,실내외온도상관≤.905626,16,8,0.5,0.3258281455381919,0.1741718544618081,4,1
TEMP,core_failure,환기 하루평균≤10,CO2시간최대점프≥33,16,6,0.375,0.34480201182999853,0.030197988170001466,4,1
TEMP,core_failure,환기 하루평균≤10,직전관측일간격=1,16,9,0.5625,0.473147382474684,0.08935261752531598,4,1
TEMP,core_failure,환기 하루평균≤10,같은외기전체값기록있음,16,9,0.5625,0.4235751058857894,0.1389248941142106,4,0
TEMP,core_failure,환기0인시간≥18시간,환기0인시간≥20시간,16,2,0.125,0.2217086406455382,-0.09670864064553819,4,1
TEMP,core_failure,환기0인시간≥18시간,밤환기평균=0,16,5,0.3125,0.2918271688330656,0.020672831166934413,4,1
TEMP,core_failure,환기0인시간≥18시간,외기하루평균≤10℃,16,5,0.3125,0.2570685610486344,0.0554314389513656,4,1
TEMP,core_failure,환기0인시간≥18시간,차광 낮−밤≥90,16,4,0.25,0.265178864831313,-0.015178864831312977,4,1
TEMP,core_failure,환기0인시간≥18시간,보온 낮−밤≥90,16,3,0.1875,0.2184955546224624,-0.030995554622462396,4,1
TEMP,core_failure,환기0인시간≥18시간,낮CO2가밤보다높음,16,2,0.125,0.20917664560681754,-0.08417664560681754,4,1
TEMP,core_failure,환기0인시간≥18시간,실내 낮−밤온도≥5℃,16,4,0.25,0.2452258869179601,0.004774113082039899,4,1
TEMP,core_failure,환기0인시간≥18시간,난방하루평균=0,16,2,0.125,0.07180494194537754,0.05319505805462246,4,1
TEMP,core_failure,환기0인시간≥18시간,순환팬저녁평균=0,16,3,0.1875,0.20864178654885351,-0.021141786548853514,4,1
TEMP,core_failure,환기0인시간≥18시간,CO2구동0인시간≤21시간,16,2,0.125,0.20137583065576165,-0.07637583065576165,4,1
TEMP,core_failure,환기0인시간≥18시간,0시실내습도≤76,16,4,0.25,0.19406565656565655,0.05593434343434345,4,1
TEMP,core_failure,환기0인시간≥18시간,직전관측일일사평균≥114.833,16,3,0.1875,0.10281213042353463,0.08468786957646537,4,0
TEMP,core_failure,환기0인시간≥18시간,실내외온도상관≤.905626,16,5,0.3125,0.1778299346429093,0.1346700653570907,4,1
TEMP,core_failure,환기0인시간≥18시간,CO2시간최대점프≥33,16,4,0.25,0.23199827479187965,0.01800172520812035,4,1
TEMP,core_failure,환기0인시간≥18시간,직전관측일간격=1,16,5,0.3125,0.28540946762510166,0.027090532374898335,4,1
TEMP,core_failure,환기0인시간≥18시간,같은외기전체값기록있음,16,5,0.3125,0.2442721264787498,0.0682278735212502,4,0
TEMP,core_failure,환기0인시간≥20시간,밤환기평균=0,16,2,0.125,0.22021163465751425,-0.09521163465751425,4,1
TEMP,core_failure,환기0인시간≥20시간,외기하루평균≤10℃,16,2,0.125,0.2004230867533226,-0.0754230867533226,4,1
TEMP,core_failure,환기0인시간≥20시간,차광 낮−밤≥90,16,1,0.0625,0.20736385460785745,-0.14486385460785745,4,1
TEMP,core_failure,환기0인시간≥20시간,보온 낮−밤≥90,16,0,0.0,0.14987403242295896,-0.14987403242295896,4,1
TEMP,core_failure,환기0인시간≥20시간,낮CO2가밤보다높음,16,0,0.0,0.18312656112253892,-0.18312656112253892,4,1
TEMP,core_failure,환기0인시간≥20시간,실내 낮−밤온도≥5℃,16,1,0.0625,0.18078690872135994,-0.11828690872135994,4,1
TEMP,core_failure,환기0인시간≥20시간,난방하루평균=0,16,1,0.0625,0.05190799802833358,0.010592001971666418,4,1
TEMP,core_failure,환기0인시간≥20시간,순환팬저녁평균=0,16,2,0.125,0.17695820249744415,-0.05195820249744415,4,1
TEMP,core_failure,환기0인시간≥20시간,CO2구동0인시간≤21시간,16,1,0.0625,0.16936477654447205,-0.10686477654447205,4,1
TEMP,core_failure,환기0인시간≥20시간,0시실내습도≤76,16,1,0.0625,0.14332386363636362,-0.08082386363636362,4,1
TEMP,core_failure,환기0인시간≥20시간,직전관측일일사평균≥114.833,16,0,0.0,0.06792411209254196,-0.06792411209254196,4,0
TEMP,core_failure,환기0인시간≥20시간,실내외온도상관≤.905626,16,2,0.125,0.1423890024828392,-0.0173890024828392,4,1
TEMP,core_failure,환기0인시간≥20시간,CO2시간최대점프≥33,16,1,0.0625,0.19356333065576165,-0.13106333065576165,4,1
TEMP,core_failure,환기0인시간≥20시간,직전관측일간격=1,16,2,0.125,0.2149121793924163,-0.0899121793924163,4,1
TEMP,core_failure,환기0인시간≥20시간,같은외기전체값기록있음,16,2,0.125,0.18539597634000293,-0.06039597634000293,4,0
TEMP,core_failure,밤환기평균=0,외기하루평균≤10℃,16,10,0.625,0.3967373941142106,0.2282626058857894,4,1
TEMP,core_failure,밤환기평균=0,차광 낮−밤≥90,16,7,0.4375,0.42243295421352417,0.01506704578647583,4,3
TEMP,core_failure,밤환기평균=0,보온 낮−밤≥90,16,5,0.3125,0.35323750365123413,-0.04073750365123413,4,1
TEMP,core_failure,밤환기평균=0,낮CO2가밤보다높음,16,2,0.125,0.2366156699970614,-0.1116156699970614,4,1
TEMP,core_failure,밤환기평균=0,실내 낮−밤온도≥5℃,16,11,0.6875,0.450360310421286,0.237139689578714,4,3
TEMP,core_failure,밤환기평균=0,난방하루평균=0,16,4,0.25,0.14551879472761792,0.10448120527238208,4,3
TEMP,core_failure,밤환기평균=0,순환팬저녁평균=0,16,4,0.25,0.25192260296480207,-0.001922602964802067,4,3
TEMP,core_failure,밤환기평균=0,CO2구동0인시간≤21시간,16,2,0.125,0.22633772089966409,-0.10133772089966409,4,1
TEMP,core_failure,밤환기평균=0,0시실내습도≤76,16,11,0.6875,0.33071338383838383,0.35678661616161617,4,3
TEMP,core_failure,밤환기평균=0,직전관측일일사평균≥114.833,16,10,0.625,0.23586485512602556,0.38913514487397444,4,1
TEMP,core_failure,밤환기평균=0,실내외온도상관≤.905626,16,10,0.625,0.3031539816708047,0.3218460183291953,4,2
TEMP,core_failure,밤환기평균=0,CO2시간최대점프≥33,16,9,0.5625,0.3464074138308748,0.2160925861691252,4,2
TEMP,core_failure,밤환기평균=0,직전관측일간격=1,16,12,0.75,0.5321589271195211,0.21784107288047894,4,3
TEMP,core_failure,밤환기평균=0,같은외기전체값기록있음,16,12,0.75,0.47382407441215135,0.27617592558784865,4,1
TEMP,core_failure,외기하루평균≤10℃,차광 낮−밤≥90,16,5,0.3125,0.3750969859062363,-0.0625969859062363,4,1
TEMP,core_failure,외기하루평균≤10℃,보온 낮−밤≥90,16,5,0.3125,0.3528313038557032,-0.040331303855703216,4,1
TEMP,core_failure,외기하루평균≤10℃,낮CO2가밤보다높음,16,2,0.125,0.2630835843373494,-0.1380835843373494,4,1
TEMP,core_failure,외기하루평균≤10℃,실내 낮−밤온도≥5℃,16,11,0.6875,0.4295385254988913,0.2579614745011087,4,1
TEMP,core_failure,외기하루평균≤10℃,난방하루평균=0,16,2,0.125,0.06230602818752738,0.06269397181247262,4,1
TEMP,core_failure,외기하루평균≤10℃,순환팬저녁평균=0,16,3,0.1875,0.18618669672849422,0.001313303271505778,4,1
TEMP,core_failure,외기하루평균≤10℃,CO2구동0인시간≤21시간,16,2,0.125,0.2404930991675186,-0.1154930991675186,4,1
TEMP,core_failure,외기하루평균≤10℃,0시실내습도≤76,16,11,0.6875,0.4335385101010101,0.2539614898989899,4,1
TEMP,core_failure,외기하루평균≤10℃,직전관측일일사평균≥114.833,16,10,0.625,0.2187361408825486,0.4062638591174514,4,0
TEMP,core_failure,외기하루평균≤10℃,실내외온도상관≤.905626,16,10,0.625,0.412608852417117,0.21239114758288302,4,1
TEMP,core_failure,외기하루평균≤10℃,CO2시간최대점프≥33,16,9,0.5625,0.3525335000730247,0.2099664999269753,4,1
TEMP,core_failure,외기하루평균≤10℃,직전관측일간격=1,16,12,0.75,0.544393063049745,0.205606936950255,4,1
TEMP,core_failure,외기하루평균≤10℃,같은외기전체값기록있음,16,12,0.75,0.4988156309332554,0.2511843690667446,4,0
TEMP,core_failure,차광 낮−밤≥90,보온 낮−밤≥90,16,5,0.3125,0.39853220388491306,-0.08603220388491306,4,1
TEMP,core_failure,차광 낮−밤≥90,낮CO2가밤보다높음,16,2,0.125,0.25209374081692626,-0.12709374081692626,4,1
TEMP,core_failure,차광 낮−밤≥90,실내 낮−밤온도≥5℃,16,6,0.375,0.412877633037694,-0.03787763303769398,4,3
TEMP,core_failure,차광 낮−밤≥90,난방하루평균=0,16,3,0.1875,0.13653675879947422,0.05096324120052578,4,3
TEMP,core_failure,차광 낮−밤≥90,순환팬저녁평균=0,16,3,0.1875,0.2532302011829999,-0.06573020118299988,4,3
TEMP,core_failure,차광 낮−밤≥90,CO2구동0인시간≤21시간,16,2,0.125,0.25353028698700164,-0.12853028698700164,4,1
TEMP,core_failure,차광 낮−밤≥90,0시실내습도≤76,16,6,0.375,0.2985953282828283,0.07640467171717169,4,3
TEMP,core_failure,차광 낮−밤≥90,직전관측일일사평균≥114.833,16,6,0.375,0.2298407587404834,0.1451592412595166,4,1
TEMP,core_failure,차광 낮−밤≥90,실내외온도상관≤.905626,16,6,0.375,0.28205783554841535,0.09294216445158465,4,2
TEMP,core_failure,차광 낮−밤≥90,CO2시간최대점프≥33,16,5,0.3125,0.33815904775814226,-0.02565904775814226,4,2
TEMP,core_failure,차광 낮−밤≥90,직전관측일간격=1,16,7,0.4375,0.5048010292704561,-0.06730102927045611,4,3
TEMP,core_failure,차광 낮−밤≥90,같은외기전체값기록있음,16,7,0.4375,0.45455240433766614,-0.01705240433766614,4,1
TEMP,core_failure,보온 낮−밤≥90,낮CO2가밤보다높음,16,2,0.125,0.22632603585071998,-0.10132603585071998,4,1
TEMP,core_failure,보온 낮−밤≥90,실내 낮−밤온도≥5℃,16,6,0.375,0.40130958980044346,-0.026309589800443456,4,2
TEMP,core_failure,보온 낮−밤≥90,난방하루평균=0,16,2,0.125,0.1037349842996933,0.0212650157003067,4,1
TEMP,core_failure,보온 낮−밤≥90,순환팬저녁평균=0,16,1,0.0625,0.1594003304366876,-0.09690033043668761,4,1
TEMP,core_failure,보온 낮−밤≥90,CO2구동0인시간≤21시간,16,1,0.0625,0.21563960493646853,-0.15313960493646853,4,1
TEMP,core_failure,보온 낮−밤≥90,0시실내습도≤76,16,6,0.375,0.2951546717171717,0.07984532828282831,4,2
TEMP,core_failure,보온 낮−밤≥90,직전관측일일사평균≥114.833,16,6,0.375,0.1947032762953655,0.1802967237046345,4,0
TEMP,core_failure,보온 낮−밤≥90,실내외온도상관≤.905626,16,4,0.25,0.2500467814371258,-4.678143712577576e-05,4,1
TEMP,core_failure,보온 낮−밤≥90,CO2시간최대점프≥33,16,5,0.3125,0.30946947568278077,0.0030305243172192298,4,2
TEMP,core_failure,보온 낮−밤≥90,직전관측일간격=1,16,6,0.375,0.4568941024835539,-0.08189410248355389,4,2
TEMP,core_failure,보온 낮−밤≥90,같은외기전체값기록있음,16,6,0.375,0.4167427340441069,-0.04174273404410689,4,1
TEMP,core_failure,낮CO2가밤보다높음,실내 낮−밤온도≥5℃,16,3,0.1875,0.2594281226903178,-0.07192812269031779,4,1
TEMP,core_failure,낮CO2가밤보다높음,난방하루평균=0,16,1,0.0625,0.06043610417278872,0.0020638958272112817,4,1
TEMP,core_failure,낮CO2가밤보다높음,순환팬저녁평균=0,16,1,0.0625,0.1817559873640905,-0.11925598736409049,4,1
TEMP,core_failure,낮CO2가밤보다높음,CO2구동0인시간≤21시간,16,1,0.0625,0.24113374228621803,-0.17863374228621803,4,1
TEMP,core_failure,낮CO2가밤보다높음,0시실내습도≤76,16,3,0.1875,0.20711805555555557,-0.01961805555555557,4,1
TEMP,core_failure,낮CO2가밤보다높음,직전관측일일사평균≥114.833,16,3,0.1875,0.10072213701431493,0.08677786298568507,4,0
TEMP,core_failure,낮CO2가밤보다높음,실내외온도상관≤.905626,16,3,0.1875,0.2094773912724067,-0.021977391272406693,4,1
TEMP,core_failure,낮CO2가밤보다높음,CO2시간최대점프≥33,16,3,0.1875,0.3044762893035557,-0.11697628930355569,4,1
TEMP,core_failure,낮CO2가밤보다높음,직전관측일간격=1,16,3,0.1875,0.29585250511247446,-0.10835250511247446,4,1
TEMP,core_failure,낮CO2가밤보다높음,같은외기전체값기록있음,16,3,0.1875,0.2623833749632677,-0.07488337496326769,4,0
TEMP,core_failure,실내 낮−밤온도≥5℃,난방하루평균=0,16,4,0.25,0.1351845436067997,0.11481545639320029,4,3
TEMP,core_failure,실내 낮−밤온도≥5℃,순환팬저녁평균=0,16,3,0.1875,0.25496235218033997,-0.06746235218033997,4,3
TEMP,core_failure,실내 낮−밤온도≥5℃,CO2구동0인시간≤21시간,16,1,0.0625,0.25448309312638584,-0.19198309312638584,4,1
TEMP,core_failure,실내 낮−밤온도≥5℃,0시실내습도≤76,16,14,0.875,0.4283324864498645,0.4466675135501355,4,4
TEMP,core_failure,실내 낮−밤온도≥5℃,직전관측일일사평균≥114.833,16,14,0.875,0.41362996595840196,0.46137003404159804,4,1
TEMP,core_failure,실내 낮−밤온도≥5℃,실내외온도상관≤.905626,16,11,0.6875,0.3410996396895787,0.3464003603104213,4,2
TEMP,core_failure,실내 낮−밤온도≥5℃,CO2시간최대점프≥33,16,13,0.8125,0.44540026792313375,0.36709973207686625,4,3
TEMP,core_failure,실내 낮−밤온도≥5℃,직전관측일간격=1,16,15,0.9375,0.7683604855603771,0.16913951443962294,4,4
TEMP,core_failure,실내 낮−밤온도≥5℃,같은외기전체값기록있음,16,15,0.9375,0.7070872597930524,0.23041274020694757,4,2
TEMP,core_failure,난방하루평균=0,순환팬저녁평균=0,16,3,0.1875,0.11263600847086315,0.07486399152913685,4,3
TEMP,core_failure,난방하루평균=0,CO2구동0인시간≤21시간,16,1,0.0625,0.059828894041185916,0.0026711059588140837,4,1
TEMP,core_failure,난방하루평균=0,0시실내습도≤76,16,4,0.25,0.0773989898989899,0.1726010101010101,4,3
TEMP,core_failure,난방하루평균=0,직전관측일일사평균≥114.833,16,3,0.1875,0.09807173479192845,0.08942826520807155,4,1
TEMP,core_failure,난방하루평균=0,실내외온도상관≤.905626,16,3,0.1875,0.05332399225938367,0.13417600774061633,4,2
TEMP,core_failure,난방하루평균=0,CO2시간최대점프≥33,16,4,0.25,0.094317082298817,0.155682917701183,4,2
TEMP,core_failure,난방하루평균=0,직전관측일간격=1,16,4,0.25,0.16662412687560058,0.08337587312439942,4,3
TEMP,core_failure,난방하루평균=0,같은외기전체값기록있음,16,4,0.25,0.15774130093471594,0.09225869906528406,4,1
TEMP,core_failure,순환팬저녁평균=0,CO2구동0인시간≤21시간,16,2,0.125,0.18136820870454212,-0.05636820870454212,4,1
TEMP,core_failure,순환팬저녁평균=0,0시실내습도≤76,16,3,0.1875,0.16024305555555557,0.02725694444444443,4,3
TEMP,core_failure,순환팬저녁평균=0,직전관측일일사평균≥114.833,16,2,0.125,0.14017688853573804,-0.015176888535738037,4,1
TEMP,core_failure,순환팬저녁평균=0,실내외온도상관≤.905626,16,4,0.25,0.15417564261720462,0.09582435738279538,4,2
TEMP,core_failure,순환팬저녁평균=0,CO2시간최대점프≥33,16,3,0.1875,0.24775905506061047,-0.06025905506061047,4,2
TEMP,core_failure,순환팬저녁평균=0,직전관측일간격=1,16,4,0.25,0.2913677332027496,-0.04136773320274961,4,3
TEMP,core_failure,순환팬저녁평균=0,같은외기전체값기록있음,16,4,0.25,0.2583464929896305,-0.008346492989630527,4,1
TEMP,core_failure,CO2구동0인시간≤21시간,0시실내습도≤76,16,1,0.0625,0.17241161616161615,-0.10991161616161615,4,1
TEMP,core_failure,CO2구동0인시간≤21시간,직전관측일일사평균≥114.833,16,1,0.0625,0.08985327814324784,-0.02735327814324784,4,0
TEMP,core_failure,CO2구동0인시간≤21시간,실내외온도상관≤.905626,16,2,0.125,0.19476253286110706,-0.06976253286110706,4,1
TEMP,core_failure,CO2구동0인시간≤21시간,CO2시간최대점프≥33,16,1,0.0625,0.28932607346283046,-0.22682607346283046,4,1
TEMP,core_failure,CO2구동0인시간≤21시간,직전관측일간격=1,16,2,0.125,0.2985213476605809,-0.17352134766058092,4,1
TEMP,core_failure,CO2구동0인시간≤21시간,같은외기전체값기록있음,16,2,0.125,0.2657527931940996,-0.1407527931940996,4,0
TEMP,core_failure,0시실내습도≤76,직전관측일일사평균≥114.833,16,13,0.8125,0.24893600401454324,0.5635639959854568,4,1
TEMP,core_failure,0시실내습도≤76,실내외온도상관≤.905626,16,11,0.6875,0.3357323232323232,0.3517676767676768,4,2
TEMP,core_failure,0시실내습도≤76,CO2시간최대점프≥33,16,12,0.75,0.30755997474747476,0.44244002525252524,4,3
TEMP,core_failure,0시실내습도≤76,직전관측일간격=1,16,14,0.875,0.49463386229359185,0.38036613770640815,4,4
TEMP,core_failure,0시실내습도≤76,같은외기전체값기록있음,16,14,0.875,0.4502209595959596,0.4247790404040404,4,2
TEMP,core_failure,직전관측일일사평균≥114.833,실내외온도상관≤.905626,16,10,0.625,0.17365185434991498,0.451348145650085,4,1
TEMP,core_failure,직전관측일일사평균≥114.833,CO2시간최대점프≥33,16,12,0.75,0.20624907605883658,0.5437509239411634,4,0
TEMP,core_failure,직전관측일일사평균≥114.833,직전관측일간격=1,16,14,0.875,0.4607180639736862,0.4142819360263138,4,1
TEMP,core_failure,직전관측일일사평균≥114.833,같은외기전체값기록있음,16,14,0.875,0.41626205743218275,0.45873794256781725,4,1
TEMP,core_failure,실내외온도상관≤.905626,CO2시간최대점프≥33,16,9,0.5625,0.3072387998393457,0.2552612001606543,4,1
TEMP,core_failure,실내외온도상관≤.905626,직전관측일간격=1,16,12,0.75,0.46865645095720304,0.28134354904279696,4,2
TEMP,core_failure,실내외온도상관≤.905626,같은외기전체값기록있음,16,12,0.75,0.4357462666131152,0.3142537333868848,4,1
TEMP,core_failure,CO2시간최대점프≥33,직전관측일간격=1,16,13,0.8125,0.5075601485697391,0.3049398514302609,4,3
TEMP,core_failure,CO2시간최대점프≥33,같은외기전체값기록있음,16,13,0.8125,0.4676489247115525,0.3448510752884475,4,1
TEMP,core_failure,직전관측일간격=1,같은외기전체값기록있음,16,16,1.0,0.8951476919949738,0.1048523080050262,4,2
