farm,day,magnitude_median
F13,8,-1.0
F13,9,-1.0
F13,10,-1.0
F13,11,-1.0
F13,12,-1.0
F13,13,-1.0
F13,14,-1.0
F13,16,-1.0
F13,17,-1.0
F13,18,-1.0
F13,19,-1.0
F13,20,-1.0
F13,21,-1.0
F13,22,-1.0
F13,25,-1.0
F13,26,-1.0
F13,27,-1.0
F13,28,-1.0
F13,29,-1.0
F13,30,-1.0
F13,31,-1.0
F13,32,-1.0
F13,33,-1.0
F13,34,-1.0
F13,35,-1.0
F13,36,-1.0
F13,37,-1.0
F13,38,-1.0
F13,39,-1.0
F13,40,-1.0
F13,41,-1.0
F13,42,-1.0
F13,43,-1.0
F13,44,-1.0
F13,45,-1.0
F13,46,-1.0
F13,48,-1.0
F13,49,-1.0
F13,50,-1.0
F13,51,-1.0
F13,52,-1.0
F13,53,-1.0
F13,54,-1.0
F13,55,-1.0
F13,56,-1.0
F13,57,-1.0
F13,58,-1.0
F13,59,-1.0
F13,60,-1.0
F13,61,-1.0
F13,62,-1.0
F13,63,-1.0
F13,64,-1.0
F13,65,-1.0
F13,66,-1.0
F13,67,-1.0
F13,68,-1.0
F13,69,-1.0
F13,70,-1.0
F13,71,-1.0
F13,72,-1.0
F13,73,-1.0
F13,75,-1.0
F13,76,-1.0
F13,77,-1.0
F13,78,-1.0
F13,79,-1.0
F13,80,-1.0
F13,81,-1.0
F13,82,-1.0
F13,83,-1.0
F13,84,-1.0
F13,85,-1.0
F13,86,-1.0
F13,88,-1.0
F13,89,-1.0
F13,90,-1.0
F13,91,-1.0
F13,92,-1.0
F13,93,-1.0
F13,94,-1.0
F13,95,-1.0
F13,96,-1.0
F13,97,-1.0
F13,98,-1.0
F13,99,-1.0
F13,100,-1.0
F13,101,-1.0
F13,102,-1.0
F13,103,-1.0
F13,104,-1.0
F13,105,-1.0
F13,106,-1.0
F13,107,-1.0
F13,108,-1.0
F13,109,-1.0
F13,110,-1.0
F13,111,-1.0
F13,112,-1.0
F13,113,-1.0
F13,116,-1.0
F13,117,-1.0
F13,118,-1.0
F13,119,-1.0
F13,120,0.0
F13,121,0.0
F13,122,-1.0
F13,125,0.0
F13,126,-1.0
F13,128,-1.0
F13,129,-1.0
F13,130,-1.0
F13,131,-1.0
F13,132,-1.0
F13,133,-1.0
F13,134,-1.0
F13,135,-1.0
F13,136,-1.0
F13,137,0.0
F13,138,-1.0
F13,139,0.0
F13,140,-1.0
F13,141,-1.0
F13,142,-1.0
F13,143,0.0
F13,145,-1.0
F13,146,0.0
F13,147,-1.0
F13,148,-1.0
F13,149,-1.0
F13,150,-1.0
F13,151,0.0
F13,152,-1.0
F13,153,0.0
F13,154,-1.0
F13,155,-1.0
F13,156,-1.0
F13,157,-1.0
F13,158,-1.0
F13,159,-1.0
F13,160,-1.0
F13,161,-1.0
F13,162,-1.0
F13,166,-1.0
F13,167,-1.0
F13,168,-1.0
F13,169,-1.0
F13,170,-1.0
F13,171,-1.0
F13,172,-1.0
F13,173,-1.0
F13,174,-1.0
F13,175,-1.0
F13,176,-1.0
F13,177,0.0
F13,178,0.0
F13,179,-1.0
F13,180,-1.0
F13,181,-1.0
F13,182,-1.0
F13,183,-1.0
F13,195,-1.0
F13,196,-1.0
F13,197,-1.0
F13,198,-1.0
F13,211,-1.0
F13,212,-1.0
F13,213,-1.0
F13,214,-1.0
F13,215,-1.0
F13,217,0.0
F13,218,-1.0
F13,231,-1.0
F13,232,-1.0
F13,233,-1.0
F13,241,0.0
F13,242,-1.0
F13,243,0.0
F13,244,-1.0
F13,245,-1.0
F47,6,-1.0
F47,7,-1.0
F47,8,-1.0
F47,9,-1.0
F47,10,-1.0
F47,11,-1.0
F47,12,-1.0
F47,14,-1.0
F47,15,-1.0
F47,16,-1.0
F47,17,-1.0
F47,18,-1.0
F47,19,-1.0
F47,20,-1.0
F47,21,-1.0
F47,22,-1.0
F47,23,-1.0
F47,24,-1.0
F47,25,-1.0
F47,26,-1.0
F47,27,-1.0
F47,28,-1.0
F47,29,-1.0
F47,30,-1.0
F47,31,-1.0
F47,32,-1.0
F47,33,-1.0
F47,35,-1.0
F47,36,-1.0
F47,37,-1.0
F47,38,-1.0
F47,39,-1.0
F47,40,-1.0
F47,42,-1.0
F47,43,-1.0
F47,44,-1.0
F47,45,-1.0
F47,46,-1.0
F47,47,-1.0
F47,48,-1.0
F47,49,-1.0
F47,50,-1.0
F47,51,-1.0
F47,52,-1.0
F47,53,-1.0
F47,54,-1.0
F47,55,-1.0
F47,57,-1.0
F47,58,-1.0
F47,59,-1.0
F47,60,-1.0
F47,61,-1.0
F47,62,-1.0
F47,63,-1.0
F47,64,-1.0
F47,65,-1.0
F47,66,-1.0
F47,67,-1.0
F47,68,-1.0
F47,69,-1.0
F47,70,-1.0
F47,71,-1.0
F47,72,-1.0
F47,73,-1.0
F47,74,-1.0
F47,75,-1.0
F47,76,-1.0
F47,77,-1.0
F47,78,-1.0
F47,79,-1.0
F47,80,-1.0
F47,81,-1.0
F47,83,-1.0
F47,85,-1.0
F47,86,-1.0
F47,87,-1.0
F47,88,-1.0
F47,89,-1.0
F47,90,-1.0
F47,91,-1.0
F47,92,-1.0
F47,93,-1.0
F47,95,-1.0
F47,96,-1.0
F47,97,-1.0
F47,98,-1.0
F47,99,-1.0
F47,100,-1.0
F47,101,-1.0
F47,102,-1.0
F47,103,-1.0
F47,104,-1.0
F47,105,-1.0
F47,107,-1.0
F47,108,-1.0
F47,109,-1.0
F47,110,-1.0
F47,111,-1.0
F47,112,-1.0
F47,113,-1.0
F47,114,-1.0
F47,116,-1.0
F47,117,-1.0
F47,118,-1.0
F47,119,-1.0
F47,120,-1.0
F47,121,-1.0
F47,122,-1.0
F47,123,-1.0
F47,124,-1.0
F47,125,-1.0
F47,126,-1.0
F47,127,-1.0
F47,128,-1.0
F47,129,-1.0
F47,130,-1.0
F47,131,-1.0
F47,132,0.0
F47,133,-1.0
F47,135,-1.0
F47,136,0.0
F47,137,-1.0
F47,138,0.0
F47,139,0.0
F47,140,-1.0
F47,141,0.0
F47,144,-1.0
F47,145,0.0
F47,146,-1.0
F47,147,0.0
F47,148,-1.0
F47,149,-1.0
F47,150,-1.0
F47,151,0.0
F47,152,-1.0
F47,153,-1.0
F47,154,0.0
F47,155,-1.0
F47,156,-1.0
F47,157,0.0
F47,158,-1.0
F47,159,-1.0
F47,160,-1.0
F47,161,-1.0
F47,163,-1.0
F47,165,-1.0
F47,166,-1.0
F47,167,-1.0
F47,168,-1.0
F47,169,-1.0
F47,170,-1.0
F47,171,-1.0
F47,173,-1.0
F47,174,-1.0
F47,175,-1.0
F47,176,-1.0
F47,177,0.0
F47,178,-1.0
F47,179,-1.0
F47,180,-1.0
F47,191,-1.0
F47,192,-1.0
F47,193,-1.0
F47,194,-1.0
F47,195,-1.0
F47,196,-1.0
F47,209,-1.0
F47,210,-1.0
F47,212,-1.0
F47,214,-1.0
F47,215,-1.0
F47,216,-1.0
F47,229,0.0
F47,230,-1.0
F47,231,0.0
F47,239,-1.0
F47,240,-1.0
F47,241,-1.0
F47,242,-1.0
F47,243,-1.0
