group,arm,seed,days,rows,sse,rmse,bias,good_days,severe_days,day_level_sse_fraction,base_sse,base_rmse,delta_sse,rmse_percent
all,BASE,101,360,8640,276.9265065208304,0.17902982711120088,-0.006969002133833697,268,45,0.8255081224890928,276.9265065208304,0.17902982711120088,0.0,0.0
all,BASE,2024,360,8640,279.6510898285478,0.179908377475068,-0.00702018989900267,265,45,0.8281819667913363,279.6510898285478,0.179908377475068,0.0,0.0
all,BASE,7,360,8640,275.03270638991944,0.17841661684243407,-0.0064616300836811726,264,45,0.8254970462450962,275.03270638991944,0.17841661684243407,0.0,0.0
all,BASE,ensemble,360,8640,276.70072904193546,0.17895683094762435,-0.006794846308741245,265,45,0.8264450491226206,276.70072904193546,0.17895683094762435,0.0,0.0
all,D1,101,360,8640,276.040156537745,0.17874308991362053,-0.006869602906379388,266,45,0.8233848016655891,276.9265065208304,0.17902982711120088,-0.8863499830853812,-0.16016169048872486
all,D1,2024,360,8640,281.08326201495055,0.1803684699592312,-0.006813950634699487,266,45,0.8276774444098504,279.6510898285478,0.179908377475068,1.4321721864027381,0.25573710942223826
all,D1,7,360,8640,275.38131646274377,0.17852965454948458,-0.00638109755458349,265,45,0.8237403483043582,275.03270638991944,0.17841661684243407,0.34861007282432865,0.06335604219551705
all,D1,ensemble,360,8640,276.7567704458938,0.17897495248336537,-0.006688180830905827,265,45,0.8249672684716645,276.70072904193546,0.17895683094762435,0.056041403958317915,0.010126205099325603
all,D2,101,360,8640,281.37084059242835,0.18046071459742294,-0.007736680036436913,264,46,0.8277789993712565,276.9265065208304,0.17902982711120088,4.44433407159795,0.7992453041544278
all,D2,2024,360,8640,287.7996058553098,0.1825106560357142,-0.008026757650044902,267,45,0.8325754960916923,279.6510898285478,0.179908377475068,8.148516026761968,1.4464465730656961
all,D2,7,360,8640,283.4289520790477,0.18111950988505046,-0.007910701189897989,263,46,0.8303123936324874,275.03270638991944,0.17841661684243407,8.39624568912825,1.5149334688951077
all,D2,ensemble,360,8640,283.8470363836846,0.18125304479680238,-0.00792581206022464,264,45,0.8307016755721097,276.70072904193546,0.17895683094762435,7.14630734174915,1.283110478107452
all,OLD_SEASON,101,360,8640,285.1829598468008,0.18167907699926716,-0.0066443865061991715,264,45,0.8326177512404599,276.9265065208304,0.17902982711120088,8.256453325970426,1.4797812916507835
all,OLD_SEASON,2024,360,8640,285.3357076807529,0.18172772536614717,-0.006887504378231319,262,46,0.8319628883563719,279.6510898285478,0.179908377475068,5.684617852205065,1.011263575722765
all,OLD_SEASON,7,360,8640,283.4456251657417,0.18112483710525537,-0.007238873911740076,262,46,0.8300792601062114,275.03270638991944,0.17841661684243407,8.412918775822277,1.5179193007639036
all,OLD_SEASON,ensemble,360,8640,284.3471585977672,0.18141265326219796,-0.006923588265390188,264,46,0.8318371190978764,276.70072904193546,0.17895683094762435,7.64642955583173,1.3722987278939724
ordinary,BASE,101,329,7896,96.41066448477753,0.1104991578754452,0.01866027786536183,266,20,0.9154743511079843,96.41066448477753,0.1104991578754452,0.0,0.0
ordinary,BASE,2024,329,7896,97.2471269334088,0.11097747001868818,0.018908979040537833,263,20,0.9149700378147154,97.2471269334088,0.11097747001868818,0.0,0.0
ordinary,BASE,7,329,7896,96.95971472470542,0.1108133526668545,0.019059688632868367,262,20,0.9169496226924412,96.95971472470542,0.1108133526668545,0.0,0.0
ordinary,BASE,ensemble,329,7896,96.64104329540987,0.11063110113766542,0.018882860055492067,263,20,0.9165151113400503,96.64104329540987,0.11063110113766542,0.0,0.0
ordinary,D1,101,329,7896,95.84423721777226,0.1101740800511539,0.01870333527525277,264,20,0.9146939628900055,96.41066448477753,0.1104991578754452,-0.5664272670052668,-0.29419031831693365
ordinary,D1,2024,329,7896,98.82260210089669,0.11187281669426445,0.019184757413009446,264,20,0.9169136055336138,97.2471269334088,0.11097747001868818,1.5754751674878946,0.8067823815279818
ordinary,D1,7,329,7896,97.43330077672661,0.11108364910905116,0.019076849790454296,263,20,0.915801361302784,96.95971472470542,0.1108133526668545,0.4735860520211901,0.24392046237358134
ordinary,D1,ensemble,329,7896,96.93389060676378,0.11079859474566661,0.01896979846325712,263,20,0.9167584627439093,96.64104329540987,0.11063110113766542,0.29284731135390984,0.1513983014530096
ordinary,D2,101,329,7896,94.17157920749166,0.10920847858230542,0.018680123748343647,263,21,0.9146888512493188,96.41066448477753,0.1104991578754452,-2.2390852772858665,-1.1680444611122165
ordinary,D2,2024,329,7896,96.87505040537754,0.1107649615074318,0.019033990278716724,265,20,0.9160733856208342,97.2471269334088,0.11097747001868818,-0.3720765280312577,-0.19148797609154222
ordinary,D2,7,329,7896,96.14724341779808,0.11034809722197936,0.018787594738307503,262,20,0.9168381096074896,96.95971472470542,0.1108133526668545,-0.8124713069073408,-0.41985503883622544
ordinary,D2,ensemble,329,7896,95.2822208342005,0.10985058289137817,0.018815406528088746,263,20,0.9168686937693522,96.64104329540987,0.11063110113766542,-1.3588224612093711,-0.7055143067915437
ordinary,OLD_SEASON,101,329,7896,97.75388539241219,0.11126624819725947,0.019891265995471356,262,21,0.9228764009236873,96.41066448477753,0.1104991578754452,1.3432209076346595,0.6942046768165788
ordinary,OLD_SEASON,2024,329,7896,99.33438881148653,0.11216212846247092,0.019617998362584998,260,22,0.9231009640302332,97.2471269334088,0.11097747001868818,2.08726187807774,1.0674765279684584
ordinary,OLD_SEASON,7,329,7896,96.48826964405922,0.1105436217313266,0.01930959627341021,260,22,0.921029873371695,96.95971472470542,0.1108133526668545,-0.4714450806462054,-0.24341013879329854
ordinary,OLD_SEASON,ensemble,329,7896,97.61992699812262,0.11118998443687848,0.019606286877155522,262,22,0.9231943158891238,96.64104329540987,0.11063110113766542,0.9788837027127499,0.5051773809225724
high,BASE,101,31,744,180.51584203605293,0.492573669557084,-0.27897007051239275,2,25,0.7774585785570736,180.51584203605293,0.492573669557084,0.0,0.0
high,BASE,2024,31,744,182.40396289513907,0.495143026603972,-0.28220395057993247,2,25,0.7819116422591426,182.40396289513907,0.495143026603972,0.0,0.0
high,BASE,7,31,744,178.07299166521403,0.4892294133684703,-0.2773169158173844,2,25,0.7757016469526269,178.07299166521403,0.4892294133684703,0.0,0.0
high,BASE,ensemble,31,744,180.0596857465256,0.4919509189426887,-0.2793098590130238,2,25,0.7781029410805774,180.0596857465256,0.4919509189426887,0.0,0.0
high,D1,101,31,744,180.19591931997275,0.4921369893538647,-0.2782727210275723,2,25,0.7748184582013463,180.51584203605293,0.492573669557084,-0.3199227160801854,-0.0886527701758677
high,D1,2024,31,744,182.26065991405386,0.4949484874821066,-0.28273572314102974,2,25,0.7792931707662477,182.40396289513907,0.495143026603972,-0.14330298108521333,-0.039289480294146806
high,D1,7,31,744,177.9480156860172,0.48905770665453696,-0.2765638290551458,2,25,0.7733334452843622,178.07299166521403,0.4892294133684703,-0.12497597919684722,-0.03509738156401987
high,D1,ensemble,31,744,179.82287983913008,0.49162731732341286,-0.2789938320496029,2,25,0.7754870377456863,180.0596857465256,0.4919509189426887,-0.23680590739550667,-0.06577924886721487
high,D2,101,31,744,187.19926138493662,0.5016093205509886,-0.28809566213943055,1,25,0.7840585384063136,180.51584203605293,0.492573669557084,6.683419348883689,1.8343755568642983
high,D2,2024,31,744,190.92455544993217,0.5065757851914973,-0.2952198566359344,2,25,0.7902086971337687,182.40396289513907,0.495143026603972,8.520592554793097,2.3089810364368635
high,D2,7,31,744,187.2817086612497,0.5017197690895069,-0.2912571321698853,1,26,0.7858915629212757,178.07299166521403,0.4892294133684703,9.208716996035662,2.5530672072713756
high,D2,ensemble,31,744,188.56481554948414,0.5034355298623661,-0.2917277770781312,1,25,0.7871612895644153,180.0596857465256,0.4919509189426887,8.50512980295855,2.3345033980951335
high,OLD_SEASON,101,31,744,187.42907445438863,0.501917123634803,-0.28826469854005743,2,24,0.7855432313321029,180.51584203605293,0.492573669557084,6.913232418335696,1.8968642977040373
high,OLD_SEASON,2024,31,744,186.00131886926638,0.5000017726706028,-0.2881878399178625,2,24,0.7832904106580755,182.40396289513907,0.495143026603972,3.5973559741273107,0.9812813279337362
high,OLD_SEASON,7,31,744,186.9573555216825,0.5012851166495016,-0.28899521877994794,2,24,0.7831398536701015,178.07299166521403,0.4892294133684703,8.884363856468468,2.464222908844471
high,OLD_SEASON,ensemble,31,744,186.72723159964454,0.5009765082590991,-0.28848258574595603,2,24,0.784076099962563,180.0596857465256,0.4919509189426887,6.667545853118952,1.8346523949601234
ordinary_closed61,BASE,101,61,1464,59.40476942005407,0.20143740539529065,0.08057185440462936,29,14,0.9679453072083353,59.40476942005407,0.20143740539529065,0.0,0.0
ordinary_closed61,BASE,2024,61,1464,60.438841460818104,0.20318307423002605,0.08138119011025712,29,14,0.9689879002544046,60.438841460818104,0.20318307423002605,0.0,0.0
ordinary_closed61,BASE,7,61,1464,60.48844935487706,0.2032664429439887,0.08140712627857218,28,14,0.9678626452617067,60.48844935487706,0.2032664429439887,0.0,0.0
ordinary_closed61,BASE,ensemble,61,1464,59.97967526668232,0.20240979112388757,0.08108697160989728,29,14,0.9688876761167583,59.97967526668232,0.20240979112388757,0.0,0.0
ordinary_closed61,D1,101,61,1464,58.27483540427895,0.19951244432385978,0.08004268289351167,28,14,0.9672308566379744,59.40476942005407,0.20143740539529065,-1.1299340157751203,-0.9556125227354939
ordinary_closed61,D1,2024,61,1464,61.558476422067336,0.20505643036139992,0.08286039286814581,29,14,0.9695581871127474,60.438841460818104,0.20318307423002605,1.1196349612492327,0.9220040293578036
ordinary_closed61,D1,7,61,1464,60.50886393799268,0.2033007408114291,0.08026768571017233,29,14,0.9665796682125053,60.48844935487706,0.2032664429439887,0.020414583115616836,0.016873354471913515
ordinary_closed61,D1,ensemble,61,1464,59.775464278799696,0.20206492808776724,0.08088787423976335,28,14,0.9689813123852444,59.97967526668232,0.20240979112388757,-0.20421098788262526,-0.17037863346701654
ordinary_closed61,D2,101,61,1464,57.36397510377173,0.1979470714703029,0.08090011847691077,28,15,0.9668805208525765,59.40476942005407,0.20143740539529065,-2.0407943162823443,-1.732713900945304
ordinary_closed61,D2,2024,61,1464,59.683319892193474,0.201909125619247,0.08183884516530651,30,14,0.9684595181294399,60.438841460818104,0.20318307423002605,-0.7555215686246299,-0.6269954402485234
ordinary_closed61,D2,7,61,1464,59.1825908510431,0.2010603565468743,0.0801472912487195,28,14,0.9659304624680988,60.48844935487706,0.2032664429439887,-1.30585850383396,-1.085317559141974
ordinary_closed61,D2,ensemble,61,1464,58.397127873496984,0.19972167771043436,0.08079303871279903,29,14,0.9683185751474251,59.97967526668232,0.20240979112388757,-1.5825473931853367,-1.328055030602704
ordinary_closed61,OLD_SEASON,101,61,1464,54.67523896218702,0.19325236014327848,0.08045464298784179,28,13,0.9703904872739558,59.40476942005407,0.20143740539529065,-4.729530457867057,-4.063319439579871
ordinary_closed61,OLD_SEASON,2024,61,1464,56.259238213027935,0.1960317357020069,0.07967488741464859,26,14,0.9700882955948711,60.438841460818104,0.20318307423002605,-4.179603247790169,-3.519652685204977
ordinary_closed61,OLD_SEASON,7,61,1464,54.611027573556356,0.1931388476273267,0.07924297107246106,26,13,0.9697524571179792,60.48844935487706,0.2032664429439887,-5.877421781320706,-4.982423645526546
ordinary_closed61,OLD_SEASON,ensemble,61,1464,55.085801925278496,0.19397658076011895,0.07979083382498381,27,14,0.9707523248508291,59.97967526668232,0.20240979112388757,-4.893873341403825,-4.1664043606501995
ordinary_other268,BASE,101,268,6432,37.00589506472345,0.07585119698096932,0.0045684638023196,237,6,0.8312438509960575,37.00589506472345,0.07585119698096932,0.0,0.0
ordinary_other268,BASE,2024,268,6432,36.80828547259068,0.07564840513253938,0.004689557864221129,234,6,0.8262732408265548,36.80828547259068,0.07564840513253938,0.0,0.0
ordinary_other268,BASE,7,268,6432,36.47126536982839,0.07530128680879487,0.004868667377689517,234,6,0.8325091801699166,36.47126536982839,0.07530128680879487,0.0,0.0
ordinary_other268,BASE,ensemble,268,6432,36.66136802872756,0.07549728178355268,0.004724461530049092,234,6,0.8308311994432339,36.66136802872756,0.07549728178355268,0.0,0.0
ordinary_other268,D1,101,268,6432,37.569401813493315,0.07642652656990652,0.00474176734721623,236,6,0.833202677747547,37.00589506472345,0.07585119698096932,0.5635067487698677,0.7584977058193942
ordinary_other268,D1,2024,268,6432,37.26412567882936,0.07611538529054064,0.004691422477325421,235,6,0.8299473833332139,36.80828547259068,0.07564840513253938,0.45584020623867616,0.6173033749794055
ordinary_other268,D1,7,268,6432,36.92443683873394,0.07576766829103872,0.005149084898279669,234,6,0.8325898643415393,36.47126536982839,0.07530128680879487,0.45317146890555193,0.6193539340543897
ordinary_other268,D1,ensemble,268,6432,37.15842632796409,0.07600735833548417,0.00487650509621652,235,6,0.8327493861559826,36.66136802872756,0.07549728178355268,0.497058299236528,0.6756224063720007
ordinary_other268,D2,101,268,6432,36.807604103719946,0.07564770495449173,0.0045181100228115795,235,6,0.8333490925595382,37.00589506472345,0.07585119698096932,-0.19829096100350085,-0.268277937035899
ordinary_other268,D2,2024,268,6432,37.19173051318406,0.07604141247130967,0.004738855397813831,235,6,0.8320068939226972,36.80828547259068,0.07564840513253938,0.38344504059337936,0.5195183402501691
ordinary_other268,D2,7,268,6432,36.96465256675499,0.07580891770456678,0.004821395159445075,234,6,0.8382383546654522,36.47126536982839,0.07530128680879487,0.49338719692660504,0.674133095574958
ordinary_other268,D2,ensemble,268,6432,36.88509296070352,0.0757272913935321,0.0047085574114196236,234,6,0.8354123367225492,36.66136802872756,0.07549728178355268,0.22372493197595844,0.30465945865287836
ordinary_other268,OLD_SEASON,101,268,6432,43.078646430225184,0.08183856518150746,0.00610631824720794,234,8,0.8625717200540436,37.00589506472345,0.07585119698096932,6.0727513655017376,7.893571148310752
ordinary_other268,OLD_SEASON,2024,268,6432,43.075150598458606,0.08183524451472746,0.005948333317152612,234,8,0.8617321366956155,36.80828547259068,0.07564840513253938,6.266865125867923,8.178413505675962
ordinary_other268,OLD_SEASON,7,268,6432,41.87724207050287,0.08068931309212933,0.005668044546760572,234,9,0.8574920128806998,36.47126536982839,0.07530128680879487,5.405976700674479,7.1552911134384
ordinary_other268,OLD_SEASON,ensemble,268,6432,42.534125072844134,0.08131969367707449,0.005907565370373708,235,8,0.8616020988836367,36.66136802872756,0.07549728178355268,5.872757044116575,7.712081489522249
ordinary_closed_fanlow50,BASE,101,50,1200,58.3052141440279,0.22042612924369148,0.10298008041263669,18,14,0.9692899732162,58.3052141440279,0.22042612924369148,0.0,0.0
ordinary_closed_fanlow50,BASE,2024,50,1200,59.32130627771639,0.222338529944985,0.10361738476937322,18,14,0.9702338935033559,59.32130627771639,0.222338529944985,0.0,0.0
ordinary_closed_fanlow50,BASE,7,50,1200,59.50092044585402,0.22267487593247923,0.10374924998571043,17,14,0.9690213261439383,59.50092044585402,0.22267487593247923,0.0,0.0
ordinary_closed_fanlow50,BASE,ensemble,50,1200,58.92118262563428,0.22158742184826713,0.10340854096397496,18,14,0.9700905610785994,58.92118262563428,0.22158742184826713,0.0,0.0
ordinary_closed_fanlow50,D1,101,50,1200,57.15991840587147,0.2182504646918907,0.10247640621324314,17,14,0.9685892095567132,58.3052141440279,0.22042612924369148,-1.1452957381564275,-0.9870266103504832
ordinary_closed_fanlow50,D1,2024,50,1200,60.34604987463058,0.22425069653297733,0.10546586078023414,18,14,0.9707750578282863,59.32130627771639,0.222338529944985,1.0247435969141918,0.8600248407081956
ordinary_closed_fanlow50,D1,7,50,1200,59.49156341541933,0.22265736647634807,0.10216309766478371,18,14,0.9677978001637662,59.50092044585402,0.22267487593247923,-0.009357030434692604,-0.007863238301064612
ordinary_closed_fanlow50,D1,ensemble,50,1200,58.66877205673766,0.2211122868151264,0.10316221846005418,17,14,0.9702154278875005,58.92118262563428,0.22158742184826713,-0.2524105688966216,-0.21442328683533018
ordinary_closed_fanlow50,D2,101,50,1200,56.23470198759134,0.2164769079054995,0.10242387912857226,17,15,0.9684120010129513,58.3052141440279,0.22042612924369148,-2.070512156436557,-1.791630307959513
ordinary_closed_fanlow50,D2,2024,50,1200,58.542201780646,0.22087364747868482,0.10321763026445754,19,14,0.9697713160286036,59.32130627771639,0.222338529944985,-0.7791044970703851,-0.6588522765994087
ordinary_closed_fanlow50,D2,7,50,1200,58.141757796052254,0.22011693444631547,0.10149566270852746,17,14,0.9671069891977008,59.50092044585402,0.22267487593247923,-1.3591626498017675,-1.1487337650698315
ordinary_closed_fanlow50,D2,ensemble,50,1200,57.303567443829635,0.21852453608201078,0.10217282094115294,18,14,0.9696137910117338,58.92118262563428,0.22158742184826713,-1.617615181804645,-1.3822471242766143
ordinary_closed_fanlow50,OLD_SEASON,101,50,1200,53.48464941249862,0.21111736351395208,0.10345637037850773,18,13,0.9710795001218526,58.3052141440279,0.22042612924369148,-4.820564731529281,-4.223077255713237
ordinary_closed_fanlow50,OLD_SEASON,2024,50,1200,55.06621787257488,0.2142160472369248,0.10319489789932026,16,14,0.970871060776608,59.32130627771639,0.222338529944985,-4.255088405141507,-3.6532051867348536
ordinary_closed_fanlow50,OLD_SEASON,7,50,1200,53.41222111629177,0.210974368736054,0.10251711065297854,16,13,0.9703593277844343,59.50092044585402,0.22267487593247923,-6.088699329562253,-5.254525077168171
ordinary_closed_fanlow50,OLD_SEASON,ensemble,50,1200,53.897716549454216,0.21193103546015116,0.10305612631026882,17,14,0.9714163652833896,58.92118262563428,0.22158742184826713,-5.023466076180064,-4.357822437560655
pass1,BASE,101,314,7536,210.8057563919893,0.16725179521662328,-0.0010647700025403848,238,35,0.7980454270564066,210.8057563919893,0.16725179521662328,0.0,0.0
pass1,BASE,2024,314,7536,211.26818712017,0.16743513935772952,-0.0011603619711435598,236,35,0.7997384424927115,211.26818712017,0.16743513935772952,0.0,0.0
pass1,BASE,7,314,7536,209.60433896730308,0.16677451618054118,-0.0006642524592331208,235,35,0.7985736212011654,209.60433896730308,0.16677451618054118,0.0,0.0
pass1,BASE,ensemble,314,7536,210.3130665414388,0.16705623256347343,-0.000963128144305688,236,35,0.7990953514829534,210.3130665414388,0.16705623256347343,0.0,0.0
pass1,D1,101,314,7536,210.08728187148333,0.16696653565170563,-0.0008097356783328051,236,35,0.7954545360552849,210.8057563919893,0.16725179521662328,-0.7184745205059642,-0.17055695249679204
pass1,D1,2024,314,7536,211.52390079289603,0.16753643834448373,-0.000827748326993524,237,35,0.7982347032557415,211.26818712017,0.16743513935772952,0.2557136727260172,0.06050043446244047
pass1,D1,7,314,7536,208.54123294798538,0.1663510412218786,-0.0004919319726379917,236,35,0.7956055841199087,209.60433896730308,0.16677451618054118,-1.0631060193177007,-0.2539206638765723
pass1,D1,ensemble,314,7536,209.7710279176348,0.16684081715613003,-0.000709805325988106,236,35,0.7967071419679402,210.3130665414388,0.16705623256347343,-0.5420386238039896,-0.12894784231504142
pass1,D2,101,314,7536,214.7211272051213,0.16879786307348285,-0.001593768098268594,235,36,0.8010123419824031,210.8057563919893,0.16725179521662328,3.915370813132,0.9243953733693022
pass1,D2,2024,314,7536,216.99609458029238,0.16968971252767379,-0.0020123322075227,238,35,0.8041809588626204,211.26818712017,0.16743513935772952,5.727907460122367,1.3465352485700688
pass1,D2,7,314,7536,214.68198877670102,0.16878247850409966,-0.001955674692753103,234,36,0.8028149901359877,209.60433896730308,0.16677451618054118,5.07764980939794,1.203998290353181
pass1,D2,ensemble,314,7536,215.21105375451089,0.16899032535315708,-0.0018539249995147965,235,35,0.8029721715846945,210.3130665414388,0.16705623256347343,4.897987213072099,1.1577495553473538
pass1,OLD_SEASON,101,314,7536,213.51421548108476,0.16832280222403495,0.0010281557237412716,237,34,0.8039536417138649,210.8057563919893,0.16725179521662328,2.70845908909547,0.6403560607672443
pass1,OLD_SEASON,2024,314,7536,211.36837849569338,0.16747483669390256,0.0007832164550058858,235,35,0.8001631545108103,211.26818712017,0.16743513935772952,0.10019137552336588,0.02370908300690644
pass1,OLD_SEASON,7,314,7536,211.53679232031973,0.1675415436013235,0.0006321656536559561,235,35,0.8004059560126983,209.60433896730308,0.16677451618054118,1.9324533530166548,0.45991884032929864
pass1,OLD_SEASON,ensemble,314,7536,211.90613051503308,0.16768774158442487,0.0008145126108010383,237,35,0.801772287503502,210.3130665414388,0.16705623256347343,1.5930639735942975,0.3780218261006718
pass2_public46,BASE,101,46,1104,66.12075012884111,0.24472838783507742,-0.04727180407353151,30,10,0.9130645139693677,66.12075012884111,0.24472838783507742,0.0,0.0
pass2_public46,BASE,2024,46,1104,68.3829027083778,0.24887955934936964,-0.04701988488482354,29,10,0.9160579061837533,68.3829027083778,0.24887955934936964,0.0,0.0
pass2_public46,BASE,7,46,1104,65.42836742261639,0.24344368047654086,-0.046035033867957,29,10,0.9117481164058066,65.42836742261639,0.24344368047654086,0.0,0.0
pass2_public46,BASE,ensemble,46,1104,66.38766250049665,0.24522184296049693,-0.04660266160510569,29,10,0.91308763545463,66.38766250049665,0.24522184296049693,0.0,0.0
pass2_public46,D1,101,46,1104,65.95287466626175,0.24441751718104665,-0.04823478355000171,30,10,0.9123542910731371,66.12075012884111,0.24472838783507742,-0.16787546257936015,-0.12702680583188686
pass2_public46,D1,2024,46,1104,69.55936122205458,0.25101129013173923,-0.047676288126431474,29,10,0.917210231220118,68.3829027083778,0.24887955934936964,1.1764585136767778,0.8565310819186767
pass2_public46,D1,7,46,1104,66.8400835147584,0.24605599750523385,-0.046581053918298435,29,10,0.9115208851199711,65.42836742261639,0.24344368047654086,1.411716092142015,1.0730683267601737
pass2_public46,D1,ensemble,46,1104,66.98574252825904,0.24632395624568165,-0.04749709188621374,29,10,0.9134660379414172,66.38766250049665,0.24522184296049693,0.5980800277623928,0.44943520197027187
pass2_public46,D2,101,46,1104,66.649713387307,0.2457053462964281,-0.04966873109262934,29,10,0.9140114308994992,66.12075012884111,0.24472838783507742,0.5289632584658932,0.3992011184289046
pass2_public46,D2,2024,46,1104,70.80351127501736,0.25324615551937174,-0.04908174871421818,29,10,0.91959806849196,68.3829027083778,0.24887955934936964,2.420608566639558,1.7545017282324826
pass2_public46,D2,7,46,1104,68.74696330234674,0.24954117915227014,-0.048560229887800024,29,10,0.9161808740024765,65.42836742261639,0.24344368047654086,3.3185958797303527,2.5046855452536043
pass2_public46,D2,ensemble,46,1104,68.63598262917371,0.24933967618617853,-0.04937304112680922,29,10,0.9176487191580347,66.38766250049665,0.24522184296049693,2.248320128677065,1.679227745770162
pass2_public46,OLD_SEASON,101,46,1104,71.66874436571604,0.25478881629886085,-0.05901782694535785,27,11,0.9180133433106141,66.12075012884111,0.24472838783507742,5.547994236874928,4.1108547123528405
pass2_public46,OLD_SEASON,2024,46,1104,73.9673291850595,0.2588424083835013,-0.05924851180511137,27,11,0.9228335234541253,68.3829027083778,0.24887955934936964,5.584426476681699,4.003080469997977
pass2_public46,OLD_SEASON,7,46,1104,71.90883284542191,0.2552152275237189,-0.060967274423356484,27,11,0.9173702828791781,65.42836742261639,0.24344368047654086,6.480465422805523,4.835429296885119
pass2_public46,OLD_SEASON,ensemble,46,1104,72.44102808273409,0.25615790689210843,-0.05974453772460857,27,11,0.9197834431129603,66.38766250049665,0.24522184296049693,6.053365582237447,4.45966142313563
F13,BASE,101,180,4320,115.32041834356151,0.16338464212780782,-0.011428093979931251,136,23,0.8143301288970778,115.32041834356151,0.16338464212780782,0.0,0.0
F13,BASE,2024,180,4320,118.7897263820794,0.16582406896377727,-0.012514104916986908,134,23,0.8234156467907439,118.7897263820794,0.16582406896377727,0.0,0.0
F13,BASE,7,180,4320,116.48191302109834,0.16420537686665718,-0.011116767856644614,133,23,0.8173376040963497,116.48191302109834,0.16420537686665718,0.0,0.0
F13,BASE,ensemble,180,4320,116.48658938950922,0.16420867298839187,-0.011665308284150541,134,23,0.8181628297901821,116.48658938950922,0.16420867298839187,0.0,0.0
F13,D1,101,180,4320,115.12102764305865,0.16324333379493877,-0.011681213525098075,134,23,0.8132668465106662,115.32041834356151,0.16338464212780782,-0.19939070050286034,-0.086488136846119
F13,D1,2024,180,4320,119.2695647785318,0.16615864572927305,-0.012358171583453611,135,23,0.8228338548174258,118.7897263820794,0.16582406896377727,0.4798383964524078,0.20176610523823246
F13,D1,7,180,4320,117.3239285974621,0.16479780582570897,-0.010787521622369331,134,23,0.817578428933994,116.48191302109834,0.16420537686665718,0.8420155763637638,0.3607853593813104
F13,D1,ensemble,180,4320,116.63150310745782,0.16431078213777192,-0.011632341826199247,134,23,0.817651240139739,116.48658938950922,0.16420867298839187,0.1449137179485973,0.062182555599399336
F13,D2,101,180,4320,116.40369400104814,0.16415023465496376,-0.010967164154021401,134,23,0.8172069412069575,115.32041834356151,0.16338464212780782,1.0832756574866238,0.468582920148064
F13,D2,2024,180,4320,120.49601841014919,0.16701076867735565,-0.011876083788600007,136,23,0.8258766616928579,118.7897263820794,0.16582406896377727,1.7062920280697966,0.715637796728763
F13,D2,7,180,4320,121.05228830340903,0.16739582740676823,-0.011050571276072575,133,23,0.8247176897168926,116.48191302109834,0.16420537686665718,4.5703752823106925,1.9429635015556501
F13,D2,ensemble,180,4320,119.11043301061179,0.16604776268651492,-0.011390285207839421,134,23,0.8234518448631707,116.48658938950922,0.16420867298839187,2.6238436211025657,1.119971110328044
F13,OLD_SEASON,101,180,4320,114.8255154402921,0.16303367880899192,-0.013526145269065558,133,22,0.8139137975754077,115.32041834356151,0.16338464212780782,-0.4949029032694199,-0.214808022495383
F13,OLD_SEASON,2024,180,4320,116.08747422658229,0.1639271195239292,-0.013738232505339723,132,22,0.8154117230905308,118.7897263820794,0.16582406896377727,-2.7022521554971064,-1.1439530170149537
F13,OLD_SEASON,7,180,4320,115.28620131107293,0.16336040118051703,-0.014091919893645274,131,23,0.8140661767200164,116.48191302109834,0.16420537686665718,-1.1957117100254067,-0.5145846635864482
F13,OLD_SEASON,ensemble,180,4320,115.2530141902421,0.16333688643403071,-0.013785432556016853,132,22,0.8147289376263606,116.48658938950922,0.16420867298839187,-1.233575199267122,-0.5309016500138153
F47,BASE,101,180,4320,161.6060881772689,0.1934135897699568,-0.0025099102877361463,132,22,0.8334846220864276,161.6060881772689,0.1934135897699568,0.0,0.0
F47,BASE,2024,180,4320,160.86136344646846,0.19296742399617495,-0.0015262748810184338,131,22,0.8317017047606603,160.86136344646846,0.19296742399617495,0.0,0.0
F47,BASE,7,180,4320,158.55079336882108,0.19157654485630268,-0.0018064923107177322,131,22,0.8314915128161977,158.55079336882108,0.19157654485630268,0.0,0.0
F47,BASE,ensemble,180,4320,160.2141396524262,0.1925788316534935,-0.001924384333331946,131,22,0.8324667865591828,160.2141396524262,0.1925788316534935,0.0,0.0
F47,D1,101,180,4320,160.91912889468637,0.19300206826677135,-0.002057992287660699,132,22,0.8306231542659404,161.6060881772689,0.1934135897699568,-0.686959282582535,-0.21276762593305243
F47,D1,2024,180,4320,161.81369723641873,0.19353778535542385,-0.0012697296859453594,131,22,0.831247555176248,160.86136344646846,0.19296742399617495,0.9523337899502735,0.2955739095424681
F47,D1,7,180,4320,158.05738786528173,0.19127822223700364,-0.0019746734867976488,131,22,0.8283142603371701,158.55079336882108,0.19157654485630268,-0.49340550353934987,-0.15571980355049142
F47,D1,ensemble,180,4320,160.12526733843598,0.19252541158537861,-0.0017440198356124042,131,22,0.8302960925561593,160.2141396524262,0.1925788316534935,-0.08887231399023676,-0.027739325062992037
F47,D2,101,180,4320,164.9671465913802,0.19541453244000412,-0.004506195918852423,130,23,0.8352388278822425,161.6060881772689,0.1934135897699568,3.3610584141113122,1.0345408884800733
F47,D2,2024,180,4320,167.30358744516056,0.19679350161774234,-0.0041774315114897955,131,22,0.837400155773979,160.86136344646846,0.19296742399617495,6.4422239986921,1.9827583031026164
F47,D2,7,180,4320,162.3766637756387,0.19387416199381818,-0.004770831103723399,130,23,0.8344832621280893,158.55079336882108,0.19157654485630268,3.8258704068176144,1.1993206888864627
F47,D2,ensemble,180,4320,164.73660337307282,0.1952779378297152,-0.004461338912609861,130,22,0.8359435614512286,160.2141396524262,0.1925788316534935,4.522463720646613,1.401559118957696
F47,OLD_SEASON,101,180,4320,170.3574444065087,0.19858145334501345,0.00023737225666721948,131,23,0.8452247208263395,161.6060881772689,0.1934135897699568,8.751356229239803,2.671923716013569
F47,OLD_SEASON,2024,180,4320,169.24823345417062,0.19793390770177569,-3.6776251122913915e-05,130,24,0.8433153434574086,160.86136344646846,0.19296742399617495,8.386870007702157,2.5737420351837237
F47,OLD_SEASON,7,180,4320,168.15942385466877,0.1972962051306388,-0.0003858279298348785,131,23,0.8410574587260361,158.55079336882108,0.19157654485630268,9.608630485847698,2.985574397234436
F47,OLD_SEASON,ensemble,180,4320,169.0941444075251,0.19784378447982004,-6.174397476352598e-05,132,24,0.8434978982976207,160.2141396524262,0.1925788316534935,8.880004755098895,2.7339208474375765
excluding_F47_161,BASE,101,359,8616,271.073840626937,0.17737440815125372,-0.008361238843267369,268,44,0.8218262430076416,271.073840626937,0.17737440815125372,0.0,0.0
excluding_F47_161,BASE,2024,359,8616,273.7700141368582,0.1782543324188721,-0.008416006351619428,265,44,0.8245726932417153,273.7700141368582,0.1782543324188721,0.0,0.0
excluding_F47_161,BASE,7,359,8616,268.766221750869,0.17661781104447455,-0.007899076307856896,264,44,0.8215560884426483,268.766221750869,0.17661781104447455,0.0,0.0
excluding_F47_161,BASE,ensemble,359,8616,270.7041790867105,0.17725342475823302,-0.00820328455986928,265,44,0.8226909835460062,270.7041790867105,0.17725342475823302,0.0,0.0
excluding_F47_161,D1,101,359,8616,270.2131070862683,0.17709257813639956,-0.00825892995810892,266,44,0.8196498142508153,271.073840626937,0.17737440815125372,-0.8607335406687184,-0.15888989724708313
excluding_F47_161,D1,2024,359,8616,274.69300366902377,0.17855456333530811,-0.008267367561025763,266,44,0.823762506982397,273.7700141368582,0.1782543324188721,0.922989532165559,0.16842839798727471
excluding_F47_161,D1,7,359,8616,269.0367858615005,0.17670668832261482,-0.007827510882226175,265,44,0.8197004275171671,268.766221750869,0.17661781104447455,0.2705641106314829,0.05032180934338992
excluding_F47_161,D1,ensemble,359,8616,270.573822990195,0.177210741917239,-0.008117899831966938,265,44,0.821056126223835,270.7041790867105,0.17725342475823302,-0.1303560965154702,-0.024080122035574636
excluding_F47_161,D2,101,359,8616,276.9675276444495,0.17929227668445885,-0.00894839018780247,264,45,0.8251201837918195,271.073840626937,0.17737440815125372,5.893687017512491,1.0812543665091212
excluding_F47_161,D2,2024,359,8616,283.2531672321411,0.18131533728773147,-0.009257778010721578,267,44,0.8299862696581277,273.7700141368582,0.1782543324188721,9.483153095282887,1.7172120460255957
excluding_F47_161,D2,7,359,8616,278.75440639491825,0.1798697062718511,-0.009157657392596623,263,45,0.8275869981444216,268.766221750869,0.17661781104447455,9.988184644049227,1.8412045807529864
excluding_F47_161,D2,ensemble,359,8616,279.30794199852636,0.1800482055274745,-0.009155803543879489,264,44,0.8280435420212905,270.7041790867105,0.17725342475823302,8.603762911815863,1.576714680155522
excluding_F47_161,OLD_SEASON,101,359,8616,279.46010286721076,0.1800972420155757,-0.008021684373338086,264,44,0.8292328324619054,271.073840626937,0.17737440815125372,8.386262240273766,1.53507706816427
excluding_F47_161,OLD_SEASON,2024,359,8616,279.7115888030105,0.18017825847914049,-0.00825380171433583,262,45,0.8286233621570714,273.7700141368582,0.1782543324188721,5.941574666152292,1.0793151752112484
excluding_F47_161,OLD_SEASON,7,359,8616,277.50394131992044,0.1794658138290524,-0.008643533317047692,262,45,0.8264866801964886,268.766221750869,0.17661781104447455,8.737719569051421,1.612522977006381
excluding_F47_161,OLD_SEASON,ensemble,359,8616,278.585493101384,0.1798152013244871,-0.00830633980157387,264,45,0.8284000849525275,270.7041790867105,0.17725342475823302,7.881314014673478,1.4452620984605868
ordinary_excluding_F47_161,BASE,101,328,7872,90.55799859088415,0.10725581940671666,0.017214595857168256,266,19,0.9102675340265616,90.55799859088415,0.10725581940671666,0.0,0.0
ordinary_excluding_F47_161,BASE,2024,328,7872,91.36605124171913,0.10773328065828706,0.017460293255324798,263,19,0.9097415787822083,91.36605124171913,0.10773328065828706,0.0,0.0
ordinary_excluding_F47_161,BASE,7,328,7872,90.69323008565497,0.10733587282085286,0.017564195109202103,262,19,0.9115896837788575,90.69323008565497,0.10733587282085286,0.0,0.0
ordinary_excluding_F47_161,BASE,ensemble,328,7872,90.64449334018488,0.10730702885927271,0.017419592903691057,263,19,0.9112623751279221,90.64449334018488,0.10730702885927271,0.0,0.0
ordinary_excluding_F47_161,D1,101,328,7872,90.01718776629554,0.10693507485637992,0.01726066614906597,264,19,0.9093929801745106,90.55799859088415,0.10725581940671666,-0.5408108245886183,-0.29904629148417294
ordinary_excluding_F47_161,D1,2024,328,7872,92.4323437549699,0.1083601106808192,0.01767323921635266,264,19,0.9114483779171533,91.36605124171913,0.10773328065828706,1.0662925132507723,0.5818350826244156
ordinary_excluding_F47_161,D1,7,328,7872,91.08877017548329,0.10756967996938008,0.017571348457287573,263,19,0.9102814339988774,90.69323008565497,0.10733587282085286,0.3955400898283159,0.217827593313058
ordinary_excluding_F47_161,D1,ensemble,328,7872,90.75094315106494,0.10737001923427704,0.017483179127626702,263,19,0.9113512177926842,90.64449334018488,0.10730702885927271,0.10644981088006489,0.058701070818889534
ordinary_excluding_F47_161,D2,101,328,7872,89.76826625951284,0.10678712051633298,0.017434431246650187,263,20,0.9107485467725106,90.55799859088415,0.10725581940671666,-0.7897323313713116,-0.43699157115789644
ordinary_excluding_F47_161,D2,2024,328,7872,92.32861178220887,0.10829929017690397,0.017769125761783296,265,19,0.9122415446427137,91.36605124171913,0.10773328065828706,0.9625605404897328,0.5253803793576095
ordinary_excluding_F47_161,D2,7,328,7872,91.4726977336686,0.10779613784386446,0.01750418321135444,262,19,0.9129544634694439,90.69323008565497,0.10733587282085286,0.7794676480136218,0.42880819889525856
ordinary_excluding_F47_161,D2,ensemble,328,7872,90.74312644904222,0.10736539505357602,0.01755069395478455,263,19,0.9129971323971651,90.64449334018488,0.10730702885927271,0.09863310885734222,0.05439177183803601
ordinary_excluding_F47_161,OLD_SEASON,101,328,7872,92.03102841282218,0.10812462017228634,0.018464698063150625,262,20,0.9182104484275593,90.55799859088415,0.10725581940671666,1.4730298219380273,0.8100266916755139
ordinary_excluding_F47_161,OLD_SEASON,2024,328,7872,93.71026993374413,0.10910660736196794,0.018203378725631634,260,21,0.9186027077828105,91.36605124171913,0.10773328065828706,2.344218692024995,1.2747469447596638
ordinary_excluding_F47_161,OLD_SEASON,7,328,7872,90.54658579823797,0.10724906060564085,0.01785311988218983,260,21,0.9159876590151528,90.69323008565497,0.10733587282085286,-0.1466442874170042,-0.0808790322662234
ordinary_excluding_F47_161,OLD_SEASON,ensemble,328,7872,91.85826150173942,0.10802308304828903,0.01817373222365736,262,21,0.9185007996333021,90.64449334018488,0.10730702885927271,1.2137681615545404,0.6672947677597074
