variant,validator,seed,context,segment,n,days,baseline_rmse,candidate_rmse,delta_pct,fold_rmse_std,p_worse,mse_ci
TC2_original_PFN,DIAG10,7,1-8,all,9600,400,0.6585665044014376,0.6570766572369454,-0.22622577287715329,0.09996971545518668,0.18895,"[-0.009455740920804466, 0.004101401769759487]"
TC2_original_PFN,DIAG10,7,1-8,early,8256,344,0.6339687542664784,0.6348963368564714,0.14631361305279533,0.08969442669419435,,
TC2_original_PFN,DIAG10,7,1-8,late,1344,56,0.7931030951152975,0.7796035857566127,-1.7021128075061065,0.3704939581303638,,
TC2_original_PFN,DIAG10,7,1-8,F13_late,696,29,0.46719234774212165,0.449084642323645,-3.875856594396032,0.1461678742945724,,
TC2_original_PFN,DIAG10,7,1-8,F47_late,648,27,1.0344959246126868,1.0217476782929171,-1.2323147937525758,0.5422081272072167,,
TC2_original_PFN,DIAG10,7,17-24,all,9600,400,0.6605670404396278,0.659024346478316,-0.2335408621485402,0.09795454115230826,0.1826,"[-0.009660929046460787, 0.004083999944542445]"
TC2_original_PFN,DIAG10,7,17-24,early,8256,344,0.6360025514017873,0.6369148128783005,0.1434367636580225,0.08913985922628502,,
TC2_original_PFN,DIAG10,7,17-24,late,1344,56,0.7949818680777182,0.7812310680142821,-1.7296998353793613,0.3680244485146042,,
TC2_original_PFN,DIAG10,7,17-24,F13_late,696,29,0.471693135708103,0.4536081143309483,-3.834064990156283,0.1467664507027918,,
TC2_original_PFN,DIAG10,7,17-24,F47_late,648,27,1.0352929007290788,1.02217961839543,-1.266625350605044,0.5384203276157343,,
TC2_original_PFN,DIAG10,101,1-8,all,9600,400,0.6587854070657103,0.656647362957136,-0.3245433316589885,0.09864190312577599,0.09615,"[-0.009898890808406922, 0.0033266226359729414]"
TC2_original_PFN,DIAG10,101,1-8,early,8256,344,0.6350097241436263,0.6348877188617484,-0.019213135994478048,0.08806415651398404,,
TC2_original_PFN,DIAG10,101,1-8,late,1344,56,0.7892767565116822,0.7770589327517143,-1.5479771397255093,0.36640668154737766,,
TC2_original_PFN,DIAG10,101,1-8,F13_late,696,29,0.4611234750949958,0.4492426066448897,-2.576504795740131,0.14752135423540005,,
TC2_original_PFN,DIAG10,101,1-8,F47_late,648,27,1.0313462218089806,1.0176444130687174,-1.3285362810783519,0.5376556770068885,,
TC2_original_PFN,DIAG10,101,17-24,all,9600,400,0.6608244851703937,0.6586564426293897,-0.3280814481995131,0.09664603005134705,0.09565,"[-0.010108869852484041, 0.0033858722835533304]"
TC2_original_PFN,DIAG10,101,17-24,early,8256,344,0.6370454807823667,0.6369579757092984,-0.013736079402193457,0.08759088401016117,,
TC2_original_PFN,DIAG10,101,17-24,late,1344,56,0.7913723516660899,0.7787949087820217,-1.5893204832830743,0.3639164411022711,,
TC2_original_PFN,DIAG10,101,17-24,F13_late,696,29,0.4660591525785639,0.4539348636843056,-2.6014485129577047,0.14793913199495778,,
TC2_original_PFN,DIAG10,101,17-24,F47_late,648,27,1.032293531783937,1.0181602072026248,-1.3691187773779867,0.5338872424064146,,
TC2_original_PFN,EXT10,7,1-8,all,2040,85,0.8460110613423801,0.8387993705608504,-0.8524345733833316,0.0,,
TC2_original_PFN,EXT10,7,1-8,early,1752,73,0.8497479374049176,0.8418207350706307,-0.9328886820833215,0.0,,
TC2_original_PFN,EXT10,7,1-8,late,288,12,0.8229128742165227,0.8201796396168417,-0.33214143141012675,0.0,,
TC2_original_PFN,EXT10,7,1-8,F13_late,96,4,0.6610374716196898,0.662278467592897,0.18773458789960173,0.0,,
TC2_original_PFN,EXT10,7,1-8,F47_late,192,8,0.8929127215939257,0.8886706800296837,-0.4750790823843887,0.0,,
TC2_original_PFN,EXT10,7,17-24,all,2040,85,0.8448611425926357,0.8382018510072271,-0.7882113698557736,0.0,,
TC2_original_PFN,EXT10,7,17-24,early,1752,73,0.8465491022429705,0.8393627756392555,-0.848896606785654,0.0,,
TC2_original_PFN,EXT10,7,17-24,late,288,12,0.8345191654099223,0.8311046219394835,-0.40916297815180025,0.0,,
TC2_original_PFN,EXT10,7,17-24,F13_late,96,4,0.6673537138199553,0.6674888362579025,0.020247499212033837,0.0,,
TC2_original_PFN,EXT10,7,17-24,F47_late,192,8,0.9066161627061734,0.901849025973468,-0.5258164291353284,0.0,,
TC2_original_PFN,EXT10,101,1-8,all,2040,85,0.8449746421132476,0.8424719179294956,-0.29618926521780553,0.0,,
TC2_original_PFN,EXT10,101,1-8,early,1752,73,0.8465690926032279,0.843982962856561,-0.30548360071998015,0.0,,
TC2_original_PFN,EXT10,101,1-8,late,288,12,0.835209490187844,0.8332206903664565,-0.23811987827631054,0.0,,
TC2_original_PFN,EXT10,101,1-8,F13_late,96,4,0.6799712786497131,0.6712633921903326,-1.280625628287213,0.0,,
TC2_original_PFN,EXT10,101,1-8,F47_late,192,8,0.9028742264875516,0.9033757841754978,0.055551224437699886,0.0,,
TC2_original_PFN,EXT10,101,17-24,all,2040,85,0.8445072738233488,0.8425833004464345,-0.2278220018406607,0.0,,
TC2_original_PFN,EXT10,101,17-24,early,1752,73,0.8441164106425773,0.8422606805222324,-0.21984291466768946,0.0,,
TC2_original_PFN,EXT10,101,17-24,late,288,12,0.8468811381903211,0.8445432497128778,-0.2760586311367219,0.0,,
TC2_original_PFN,EXT10,101,17-24,F13_late,96,4,0.6866540132754028,0.6772676392274216,-1.3669728664669534,0.0,,
TC2_original_PFN,EXT10,101,17-24,F47_late,192,8,0.9165503948830049,0.9168065354157551,0.027946148316582153,0.0,,
TC2_original_PFN,EXT12,7,1-8,all,5256,219,0.8098664976791258,0.8159709785139803,0.7537638428492199,0.0,,
TC2_original_PFN,EXT12,7,1-8,early,4560,190,0.7990380533872712,0.8030592999862275,0.503260962592389,0.0,,
TC2_original_PFN,EXT12,7,1-8,late,696,29,0.8775120768445686,0.8959734872779711,2.1038354822178196,0.0,,
TC2_original_PFN,EXT12,7,1-8,F13_late,288,12,0.6654935095815409,0.6910039808853271,3.833316318866453,0.0,,
TC2_original_PFN,EXT12,7,1-8,F47_late,408,17,1.000476844241905,1.0160606798708656,1.5576408108444628,0.0,,
TC2_original_PFN,EXT12,7,17-24,all,5256,219,0.8104227213779621,0.8169378640141911,0.8039190492032722,0.0,,
TC2_original_PFN,EXT12,7,17-24,early,4560,190,0.7979073576706434,0.8023839425340369,0.5610406797678991,0.0,,
TC2_original_PFN,EXT12,7,17-24,late,696,29,0.8880673214147808,0.9065291595558651,2.0788782219429924,0.0,,
TC2_original_PFN,EXT12,7,17-24,F13_late,288,12,0.6681093343317863,0.6940154208408973,3.8775220129233956,0.0,,
TC2_original_PFN,EXT12,7,17-24,F47_late,408,17,1.0150283236304507,1.0304815991235308,1.5224477123759739,0.0,,
TC2_original_PFN,EXT12,101,1-8,all,5256,219,0.8134254844454095,0.8216493537353968,1.01101692130956,0.0,,
TC2_original_PFN,EXT12,101,1-8,early,4560,190,0.8032473543806498,0.8100380548116612,0.8454058882332083,0.0,,
TC2_original_PFN,EXT12,101,1-8,late,696,29,0.877193089357932,0.8940003876794617,1.916031775151339,0.0,,
TC2_original_PFN,EXT12,101,1-8,F13_late,288,12,0.669856179757546,0.69285566848092,3.4334965352859292,0.0,,
TC2_original_PFN,EXT12,101,1-8,F47_late,408,17,0.9979412969234563,1.0121984336321692,1.4286548470001215,0.0,,
TC2_original_PFN,EXT12,101,17-24,all,5256,219,0.8138706712423998,0.822543345658298,1.065608421871156,0.0,,
TC2_original_PFN,EXT12,101,17-24,early,4560,190,0.8020290294977376,0.8093343704958298,0.9108574290218829,0.0,,
TC2_original_PFN,EXT12,101,17-24,late,696,29,0.8875539931614389,0.9043244998736493,1.8895196057283625,0.0,,
TC2_original_PFN,EXT12,101,17-24,F13_late,288,12,0.6723709609812888,0.6956663560642221,3.4646640671296858,0.0,,
TC2_original_PFN,EXT12,101,17-24,F47_late,408,17,1.0122722873195276,1.0263831724459602,1.393981175143888,0.0,,
