farm,day,ymean,pmean,bias,et,et_weighted_bias,lgb,lgb_weighted_bias,mlp,mlp_weighted_bias,pfn,pfn_weighted_bias,raw_mix,smooth_mix,smoothing_shift
F13,8,0.17720833333333333,0.36116834142492893,0.1839600080915956,0.3540421035317955,0.08488020969526183,0.35613341264437587,0.04294201903465021,0.3603117613668026,0.014648274242677542,0.3846558589283635,0.04148950511900604,0.36088659478935653,0.36116834142492893,0.00028174663557239965
F13,9,0.3919166666666667,0.32499675160772057,-0.06691991505894612,0.33167891322384113,-0.028914121652556267,0.3004418233449641,-0.021953962397208617,0.3044202626069929,-0.006999712324773904,0.34665607324463005,-0.009052118684407329,0.328173387174338,0.32499675160772057,-0.0031766355666174584
F13,10,0.37424999999999997,0.3386759293151118,-0.03557407068488816,0.34949362373457876,-0.01188306060740218,0.2939957832183611,-0.019261012027593324,0.3513650238680035,-0.0018307980905597177,0.3612540002033355,-0.0025991999593328987,0.33788025693917856,0.3386759293151118,0.000795672375933254
F13,11,0.3683333333333334,0.3703375246925229,0.0020041913591895,0.37469445613671787,0.003053338945624544,0.36044710302322863,-0.0018926952744251445,0.3296023907972372,-0.003098475402887697,0.3880434487877227,0.003942023090877856,0.36877946028753256,0.37033752469252296,0.0015580644049904002
F13,12,0.3505,0.33800680368595737,-0.01249319631404261,0.3508397985461374,0.00016310330214595935,0.28998244298513776,-0.014524213683566933,0.34189119529761114,-0.0006887043761911072,0.36328309221784716,0.0025566184435694365,0.3347780529868798,0.33800680368595737,0.003228750699077576
F13,13,0.40054166666666663,0.28973176300256104,-0.11080990366410559,0.289818214562428,-0.05314725701003453,0.27568049847232406,-0.029966680366642216,0.2507499565178342,-0.011983336811906593,0.3219785192890553,-0.015712629475522266,0.2974187668916039,0.28973176300256104,-0.007687003889042865
F13,14,0.3236666666666667,0.34313717093583973,0.019470504269173017,0.34346455743451304,0.009502987568566237,0.3323607056887598,0.002086569365302342,0.3448646269069835,0.0016958368192253426,0.354592219247062,0.006185110516079062,0.34110883121000946,0.34313717093583973,0.002028339725830275
F13,16,0.322875,0.3289133631351264,0.006038363135126401,0.3399705018770109,0.008205840900965215,0.2897565540865595,-0.00794842701922573,0.33935301510686716,0.001318241208549371,0.3451885402241881,0.0044627080448376155,0.3306176278081035,0.3289133631351265,-0.0017042646729770183
F13,17,0.39683333333333337,0.33704044360630986,-0.05979288972702351,0.35046682025575066,-0.022255926277239702,0.2866340676371904,-0.026447823767074313,0.34555877319457906,-0.0041019648111003445,0.3618974589752873,-0.006987174871609214,0.3419989097569505,0.33704044360630986,-0.004958466150640661
F13,18,0.3305416666666667,0.27689621223856253,-0.053645454428104145,0.27273342209593593,-0.027747957393950758,0.25778879170429647,-0.01746068999096885,0.29841419122448126,-0.0025701980353748334,0.30120862162761836,-0.005866609007809664,0.2757490800009055,0.2768962122385626,0.0011471322376571114
F13,19,0.383375,0.30391747143194175,-0.07945752856805827,0.325896877474996,-0.02758949881200192,0.2729784493728629,-0.026495172150512905,0.30409486838669414,-0.006342410529064471,0.28822276461760543,-0.01903044707647892,0.3064552614651413,0.30391747143194175,-0.0025377900331995384
F13,20,0.34195833333333336,0.3040760212262543,-0.03788231210707904,0.30770398874791133,-0.016442085401002577,0.27623359502937445,-0.01577393719295014,0.3263130150994236,-0.0012516254587127795,0.3198850130612657,-0.0044146640544135305,0.3001925530251115,0.3040760212262543,0.0038834682011428256
F13,21,0.3625833333333334,0.2948714401979671,-0.0677118931353663,0.30015986002584066,-0.029963267187596523,0.27134297584078926,-0.0218976857982106,0.3204789957733761,-0.003368347004796588,0.3001703676095205,-0.01248259314476259,0.30567138715529857,0.2948714401979671,-0.010799946957331441
F13,22,0.3542083333333333,0.3092520323297478,-0.0449563010035855,0.3183222122202815,-0.017225338134264856,0.28096251005314304,-0.017578997587245657,0.3156696904735411,-0.0030830914287833756,0.3188639640668754,-0.00706887385329158,0.3055885637424805,0.3092520323297478,0.0036634685872672934
F13,25,0.3364583333333333,0.3421994826946661,0.005741149361332798,0.3507367890363999,0.0068536587374719545,0.3500377605578064,0.00325906253387354,0.36386294387977963,0.0021923688437157063,0.3036386295646914,-0.006563940753728382,0.34302944854603495,0.3421994826946661,-0.0008299658513688524
F13,26,0.33208333333333334,0.295299047915703,-0.03678428541763035,0.28796769881002854,-0.021175504571186304,0.2824856942195713,-0.011903433387302886,0.32506417374314905,-0.000561532767214743,0.3163642598737016,-0.00314381469192635,0.29615333152828976,0.295299047915703,-0.0008542836125867703
F13,27,0.3579583333333334,0.32964662394880073,-0.028311709384532646,0.32187389586626125,-0.01732052998419462,0.3336217333190031,-0.005840784003439272,0.336678333328851,-0.0017024000003585905,0.34071835635063247,-0.0034479953965401823,0.33120651478712787,0.32964662394880073,-0.0015598908383271382
F13,28,0.366625,0.26136003575269595,-0.10526496424730403,0.25727980610012824,-0.052485693071938434,0.3093199088657293,-0.013753221872224964,0.2688760123661664,-0.007819919010706689,0.2105943485378303,-0.031206130292433937,0.26556180722973116,0.26136003575269595,-0.00420177147703521
F13,29,0.30795833333333333,0.27950225331373524,-0.028456080019598096,0.27067819259474385,-0.017894467554522953,0.28954911577625725,-0.00441821221369826,0.25968175971815777,-0.0038621258892140454,0.2965519615225192,-0.0022812743621628217,0.2789956257800741,0.27950225331373524,0.0005066275336611525
F13,30,0.3590416666666667,0.3307797301811548,-0.028261936485511896,0.3457222425393287,-0.006393323581122238,0.3358814808130001,-0.0055584446048799795,0.28918043142276584,-0.0055888988195120694,0.3054353192666787,-0.010721269479997598,0.3243629898176577,0.3307797301811548,0.006416740363497098
F13,31,0.32033333333333336,0.29522372528866647,-0.025109608044666887,0.2908244332789974,-0.014164272026081273,0.30917026778797996,-0.0026791357308848162,0.24930942676413045,-0.0056819125255362325,0.3074118945225108,-0.0025842877621645166,0.2963790306671969,0.29522372528866647,-0.0011553053785304246
F13,32,0.3295,0.2609113869851431,-0.06858861301485691,0.26506034442201915,-0.030931034677430816,0.2866293949943515,-0.010288945201355636,0.2508701149554952,-0.006290390803560384,0.22410878833744985,-0.021078242332510034,0.2597523063296862,0.26091138698514316,0.0011590806554569455
F13,33,0.33975,0.30519363161987956,-0.03455636838012044,0.3099129277229384,-0.014321794692989574,0.3023971019811169,-0.00896469552453194,0.2821345830628162,-0.004609233354974705,0.3064467759618789,-0.006660644807624217,0.3084004315145512,0.30519363161987956,-0.0032067998946716525
F13,34,0.34991666666666665,0.32191265204608527,-0.028004014620581386,0.3222536276152825,-0.013278258744664404,0.34006030849221863,-0.002365525961867525,0.3352519569095666,-0.0011731767805680038,0.29398140099925923,-0.011187053133481485,0.3300076747528298,0.32191265204608527,-0.008095022706744559
F13,35,0.26345833333333335,0.2028072689452637,-0.060651064388069637,0.19021296866695328,-0.035157775039862435,0.23546112144780018,-0.0067193308525279605,0.23381457947157372,-0.0023715003089407704,0.18144604239964132,-0.016402458186738408,0.20334141819942023,0.20280726894526377,-0.0005341492541564574
F13,36,0.35883333333333334,0.3185351776039258,-0.04029815572940754,0.33951006412764767,-0.00927516921872912,0.2954765402223695,-0.015205630346631315,0.31465270315324934,-0.00353445041440672,0.29741880458513165,-0.01228290574964034,0.32183740608053907,0.31853517760392586,-0.0033022284766132115
F13,37,0.3379999999999999,0.33088647806984195,-0.007113521930157962,0.375251262621096,0.017880606058126112,0.28966136815494,-0.011601271642814383,0.3581755352923568,0.0016140428233885507,0.2629655041557087,-0.015006899168858246,0.3344721083735404,0.33088647806984195,-0.0035856303036984616
F13,38,0.297625,0.34111751409646957,0.04349251409646959,0.34872342796160966,0.024527245421572648,0.32452890735753276,0.006456937765807869,0.3329635308064062,0.0028270824645125004,0.3460312422228829,0.009681248444576586,0.3416627638530135,0.34111751409646957,-0.0005452497565439085
F13,39,0.18516666666666667,0.23772294718280496,0.05255628051613828,0.22863450913567077,0.020864564385121964,0.26274202367672667,0.0186180856824144,0.2545861256444432,0.0055535567182221236,0.22276703531856581,0.007520073730379828,0.2372472650250829,0.23772294718280498,0.00047568215772209044
F13,40,0.1728333333333333,0.24396356030089006,0.07113022696755675,0.23643642569166312,0.030529484331998306,0.2638017676138591,0.02183242422732619,0.26979694629263484,0.0077570890367441225,0.22788948019077412,0.011011229371488164,0.2401227788039106,0.2439635603008901,0.003840781496979473
F13,41,0.33116666666666666,0.32808137953094474,-0.003085287135721926,0.33113006658227895,-1.7568040506104054e-05,0.3188734500375881,-0.0029503719909788548,0.3414479418328667,0.0008225020132960026,0.326467421079002,-0.0009398491175329316,0.33131257604717695,0.32808137953094474,-0.0032311965162322154
F13,42,0.14945833333333333,0.23978972131693368,0.09033138798360035,0.2331826075691912,0.04018765163321178,0.2531164177439725,0.024877940258553395,0.24938217632761672,0.007993907439542671,0.23581777659479597,0.017271888652292528,0.2385391284404422,0.23978972131693374,0.0012505928764915408
F13,43,0.34591666666666665,0.32202686525166196,-0.023889801415004686,0.3197003975437926,-0.012583809178979548,0.3199648778190929,-0.006228429323417703,0.34295038683078066,-0.00023730238687087903,0.3217153640379838,-0.004840260525736573,0.3233909544364458,0.32202686525166196,-0.0013640891847838121
F13,44,0.20025,0.1796413241081448,-0.02060867589185522,0.1895924159617155,-0.005115640338376566,0.1775738586320789,-0.005442273928301069,0.21012256355934747,0.0007898050847477966,0.14604716645037327,-0.010840566709925349,0.1831178750950289,0.17964132410814485,-0.0034765509868840416
F13,45,0.14758333333333332,0.17631442004710496,0.028731086713771642,0.17982120521971479,0.015474178505463105,0.1800575428922951,0.007793810294150831,0.19871029449315583,0.004090156892785801,0.15444803844019303,0.001372941021371943,0.17899345458602756,0.17631442004710496,-0.002679034538922598
F13,46,0.3981666666666666,0.3644624810495385,-0.033704185617128124,0.4379823377059589,0.019111522098860297,0.3158540426692111,-0.01975502975938933,0.37464012943947117,-0.0018821229781756355,0.24227389177454914,-0.031178554978423496,0.3703022685877066,0.3644624810495385,-0.005839787538168106
F13,48,0.4250833333333334,0.39314513916317145,-0.03193819417016197,0.4501752980354658,0.012044143057023539,0.29057581281060474,-0.032281804925454884,0.4703700117413682,0.0036229342726427837,0.3484660004614663,-0.015323466574373425,0.4017447840076061,0.39314513916317145,-0.00859964484443465
F13,49,0.14991666666666667,0.17263622195587058,0.022719555289203913,0.17707936222187304,0.013038093866499055,0.16969402253985322,0.004746565409564771,0.20623122811708136,0.004505164916033175,0.1520653221522013,0.00042973109710692795,0.17251792671271815,0.17263622195587058,0.00011829524315243312
F13,50,0.453625,0.3983665757203017,-0.05525842427969829,0.44241713920457615,-0.005379773181803449,0.30467963878490856,-0.035746886691621946,0.4672366588643196,0.001088932709145567,0.3775215144229082,-0.015220697115418359,0.4071543071120017,0.3983665757203017,-0.008787731391699971
F13,51,0.4850833333333333,0.4485166955503075,-0.036566637783025824,0.4917838580746938,0.0032162518758530466,0.3152896636261522,-0.04075048072972347,0.48945621507788634,0.00034983053956424206,0.48817213598973525,0.000617760531280387,0.4566243480528553,0.4485166955503075,-0.008107652502547802
F13,52,0.23383333333333334,0.24072431858813503,0.006890985254801696,0.25132127700661205,0.008394212963173784,0.22226616495328003,-0.0027761204112127947,0.27570490351446664,0.003349725614490664,0.2234491687750836,-0.002076832911649945,0.2430786039383721,0.24072431858813506,-0.0023542853502370453
F13,53,0.2368333333333333,0.264156826829754,0.027323493496420687,0.2647746407744361,0.013411827571729327,0.2683780734756698,0.007570737634160751,0.24223854538580314,0.0004324169641975861,0.26637588996499817,0.005908511326332972,0.26513192102630995,0.264156826829754,-0.0009750941965559479
F13,54,0.24454166666666666,0.27699323321009356,0.0324515665434269,0.24683681068785354,0.0011016691301697044,0.3429544499532325,0.023619067988775798,0.3134510866169253,0.00551275359602069,0.2556320458089703,0.0022180758284607305,0.27868252689666034,0.27699323321009356,-0.001689293686566784
F13,55,0.5199166666666667,0.4371996209039401,-0.0827170457627266,0.4529481360988678,-0.032144894672543466,0.43754712253308065,-0.019768690592060652,0.40147806838251765,-0.009475087862731924,0.41327480348971407,-0.021328372635390527,0.44355842879960355,0.4371996209039401,-0.006358807895663454
F13,56,0.2577083333333334,0.25985387170536467,0.002145538372031297,0.26277475766830827,0.0024318836807879496,0.256902935570504,-0.0001932954630790551,0.24087369597623298,-0.0013467709885680312,0.26397693904778574,0.001253721142890474,0.26004403378411417,0.2598538717053647,-0.00019016207874944513
F13,57,0.549625,0.4580406295180743,-0.09158437048192575,0.4737611004155277,-0.03641467180054671,0.41698384361633584,-0.031833877532079405,0.41976288653812627,-0.010388969076949901,0.4848907396382516,-0.01294685207234969,0.4688154034721479,0.4580406295180743,-0.010774773954073613
F13,58,0.258375,0.24701496532747588,-0.011360034672524139,0.25144253447071335,-0.003327583454057601,0.24263233450438274,-0.0037782397189481485,0.21640066736542432,-0.0033579466107660563,0.2538936755562384,-0.0008962648887523295,0.24833947765570655,0.24701496532747588,-0.0013245123282306648
F13,59,0.26229166666666665,0.24290728447334442,-0.019384382193322225,0.2430266933529354,-0.009247187190591002,0.24263476111470675,-0.004717657332470375,0.2217676238416897,-0.0032419234259981567,0.25140359544535323,-0.002177614244262682,0.24449651322801313,0.24290728447334445,-0.0015892287546686867
F13,60,0.26495833333333335,0.2312796448704495,-0.033678688462883855,0.23082532125974,-0.016383845795324804,0.22503693604135364,-0.009581135350075131,0.2250271049032608,-0.0031944982744058037,0.2423622881179429,-0.004519209043078093,0.2338789662099655,0.23127964487044952,-0.0025993213395159864
F13,61,0.26429166666666665,0.24605085386822945,-0.0182408127984372,0.24271051026141402,-0.01035895507452126,0.2494269272424734,-0.0035675374618063804,0.2526033866323924,-0.0009350624027419397,0.24739537736982864,-0.0033792578593676015,0.24863422505472577,0.24605085386822945,-0.0025833711864963194
F13,62,0.5582916666666666,0.46344532203089495,-0.09484634463577168,0.4725938464980477,-0.041134953680937086,0.43882844630838297,-0.028671172885988076,0.4184947497260638,-0.011183753355248224,0.4890093430986752,-0.013856464713598284,0.47214423930991317,0.46344532203089495,-0.008698917279018226
F13,63,0.2705,0.26282702492450055,-0.007672975075499466,0.26124915175767477,-0.004440407156316119,0.2679230221667684,-0.0006184746799755913,0.26056360824798475,-0.0007949113401612218,0.26140409050476726,-0.0018191818990465514,0.26366903030065386,0.26282702492450055,-0.0008420053761533097
F13,64,0.5405833333333333,0.5227359859381236,-0.017847347395209656,0.5251913997944379,-0.007388128098669817,0.5082718733387096,-0.007754750398709689,0.484409920182002,-0.004493873052106503,0.5495303541047153,0.0017894041542763973,0.5309241176625449,0.5227359859381236,-0.008188131724421233
F13,65,0.2655,0.2562295248591872,-0.009270475140812806,0.2611790405682129,-0.0020740605272578172,0.2533884006295926,-0.002906783848897776,0.2416452439767621,-0.0019083804818590332,0.2535937485860091,-0.0023812502827981865,0.25951955049130376,0.2562295248591872,-0.0032900256321165555
F13,66,0.25133333333333335,0.251578336866476,0.00024500353314266254,0.25559614396763863,0.0020461491044665345,0.25268024515527004,0.000323258837264806,0.24464799687833585,-0.0005348269163997999,0.24338544587238917,-0.0015895774921888374,0.2544708222829189,0.25157833686647607,-0.002892485416442825
F13,67,0.5415833333333333,0.4720920376371556,-0.06949129569617768,0.47944878216662934,-0.0298245845600179,0.4645958426612928,-0.018476997761289724,0.47078647978520577,-0.005663748283850203,0.4639535078782342,-0.015525965091019823,0.4884370020403041,0.47209203763715557,-0.016344964403148532
F13,68,0.24787499999999998,0.256179515488217,0.008304515488217007,0.2585691549533475,0.005133194377606798,0.2499168157153615,0.0004900357716867654,0.26160507692491447,0.0010984061539931588,0.2557893959246518,0.001582879184930358,0.25804227011349185,0.256179515488217,-0.001862754625274854
F13,69,0.42891666666666667,0.4144004509510258,-0.014516215715640879,0.42790879137234633,-0.0004837801412737619,0.3934829425361149,-0.00850409379133243,0.40879273823483286,-0.0016099142745467044,0.4093245291242262,-0.003918427508488098,0.4221983174390574,0.4144004509510257,-0.007797866488031713
F13,70,0.44295833333333334,0.418080320777495,-0.024878012555838325,0.4354094434258868,-0.003623467155574351,0.3922775990708082,-0.012163376223006029,0.4015522140464492,-0.0033124895429507317,0.4140649351617977,-0.005778679634307127,0.424276353718909,0.4180803207774952,-0.006196032941413798
F13,71,0.549125,0.5066667388500419,-0.0424582611499581,0.5203284092659973,-0.013822363552321271,0.4753303217427671,-0.017710722781735883,0.5172093012468754,-0.0025532559002499687,0.5072654054217448,-0.008371918915651033,0.5166055991408046,0.5066667388500418,-0.009938860290762852
F13,72,0.45575000000000004,0.4243531993919138,-0.03139680060808625,0.4460235239549805,-0.004668708501609373,0.3740163780053158,-0.01961606927872422,0.4168619913863358,-0.003111040689093141,0.4357450893067026,-0.004000982138659493,0.43193957324664584,0.4243531993919138,-0.0075863738547320425
F13,73,0.56725,0.5287220173605598,-0.03852798263944024,0.5381486696929274,-0.01396863854739486,0.507653311289166,-0.014303205290600161,0.5001085215638978,-0.005371318274888175,0.542825897367215,-0.0048848205265570105,0.5374777365599749,0.5287220173605598,-0.00875571919941509
F13,75,0.46820833333333334,0.49009583071841906,0.02188749738508572,0.49692612784141765,0.013784541363880472,0.4609411916522921,-0.0017441140034499013,0.4368143866534017,-0.0025115157343945293,0.5300012621285816,0.012358585759049646,0.49395189363010766,0.49009583071841906,-0.003856062911688607
F13,76,0.5653333333333332,0.49957580151004594,-0.06575753182328731,0.513597116181023,-0.024833384233108918,0.4638888072273595,-0.024346686265433702,0.4361464974718001,-0.01033494686892265,0.534120761054223,-0.006242514455822046,0.50457833742193,0.49957580151004594,-0.005002535911884098
F13,77,0.48287499999999994,0.5005213993756428,0.01764639937564283,0.5166371245484,0.016205819783232052,0.469173920092626,-0.00328825917776975,0.48328161242692635,3.2528994154112925e-05,0.5063565488801322,0.004696309776026442,0.5030437334372763,0.5005213993756428,-0.002522334061633491
F13,78,0.5759583333333333,0.5454472634568192,-0.030511069876514196,0.5483902345867587,-0.013232687398355817,0.5480219791824047,-0.006704724996222877,0.5024047214974,-0.005884288946874668,0.5525114906580293,-0.004689368535060812,0.5514012405489768,0.5454472634568192,-0.005953977092157614
F13,79,0.495625,0.5201023702909614,0.02447737029096142,0.4948107652727032,-0.00039083266910246547,0.5761215956987603,0.019319182967702478,0.5093236341107079,0.0010958907288566345,0.5178906463175239,0.004453129263504785,0.5272462482313974,0.5201023702909614,-0.0071438779404360275
F13,80,0.5730833333333333,0.5089480353048207,-0.06413529802851259,0.5008847157789877,-0.034655336426085856,0.5347773647800723,-0.00919343245278263,0.4976199864852234,-0.006037067747848793,0.5018360263243565,-0.01424946140179535,0.5176454623724361,0.5089480353048207,-0.008697427067615449
F13,81,0.5222916666666667,0.5153978983124121,-0.0068937683542545924,0.5078680811631527,-0.006923321041686705,0.5347143216662064,0.002981437199889516,0.48435436430217044,-0.003034984189159702,0.5227071650501782,8.30996767023029e-05,0.5236527728587125,0.5153978983124121,-0.008254874546300361
F13,82,0.5330833333333334,0.5025960015341312,-0.030487331799202155,0.49673352493470196,-0.017447908031343065,0.5139793290816658,-0.00458496102040022,0.4792556674710307,-0.004306213268984211,0.5123420859409598,-0.00414824947847472,0.5112901011541595,0.5025960015341312,-0.008694099620028317
F13,83,0.5427083333333333,0.527211634808687,-0.015496698524646302,0.5286291047522599,-0.006758029718915264,0.5262505219106033,-0.003949874741455215,0.5051608764754333,-0.0030037965486320053,0.5337833457551141,-0.0017849975156438492,0.5335856106282194,0.527211634808687,-0.006373975819532363
F13,84,0.5364166666666667,0.5440203789441639,0.007603712277497232,0.5534200457690168,0.00816162196912808,0.533707520681209,-0.0006501950365098441,0.5025110925936135,-0.0027124459258442537,0.550440323020283,0.002804731270723271,0.5502605762084891,0.5440203789441639,-0.006240197264325231
F13,85,0.5724583333333334,0.5453427690183364,-0.027115564314996954,0.5597376986401196,-0.006105904652742637,0.5056295677388977,-0.016038903742664576,0.5174441500921633,-0.004401134659293611,0.5696102270318529,-0.0005696212602960938,0.5489182114360748,0.5453427690183364,-0.003575442417738328
F13,86,0.556875,0.5132659331983785,-0.043609066801621466,0.5159637893488583,-0.019637381112548,0.490292907314128,-0.015979702244609283,0.47254555737128157,-0.006746355410297476,0.5506468598291668,-0.001245628034166635,0.5206684090036733,0.5132659331983785,-0.007402475805294739
F13,88,0.5509166666666667,0.49771275538895515,-0.05320391127771157,0.4964366990890156,-0.026150384437272533,0.5265882460515138,-0.005838820947636707,0.49392309458930983,-0.004559485766188551,0.46764056603359755,-0.016655220126613836,0.5005168734143908,0.49771275538895515,-0.00280411802543562
F13,89,0.5786666666666668,0.5585310824742992,-0.020135584192367606,0.5736834840355848,-0.0023919276629193573,0.5179182136598421,-0.014579628721637912,0.5592222693037586,-0.001555551789032652,0.5706242865727775,-0.0016084760187778492,0.5643948330975711,0.558531082474299,-0.005863750623272157
F13,90,0.5575416666666667,0.4352423119761448,-0.12229935469052189,0.43204013029730753,-0.0602407374572924,0.4585783408222068,-0.023751198202670385,0.4549686242365758,-0.008205843394407273,0.40703378848590743,-0.03010157563615186,0.4442071222544617,0.4352423119761448,-0.00896481027831686
F13,91,0.5779166666666667,0.5377923392933994,-0.04012432737326732,0.5561148307705989,-0.01046488123011258,0.49337384923190575,-0.020290276184342638,0.5243279386441198,-0.00428709824180376,0.5525063080816252,-0.005082071717008319,0.5460745675011628,0.5377923392933993,-0.008282228207763476
F13,92,0.48141666666666677,0.4405921333338232,-0.04082453333284358,0.44021613930896325,-0.019776253131697688,0.4202235866468322,-0.0146863392047603,0.4201893597389888,-0.004898184554214238,0.47409788445580964,-0.0014637564421714267,0.4431587852398194,0.4405921333338232,-0.002566651905996198
F13,93,0.3935416666666666,0.48090929815444144,0.08736763148777482,0.4766587263702388,0.03989618865771465,0.4830604652881855,0.021484511669164534,0.45772564803488064,0.005134718509457121,0.4978027299238594,0.02085221265143855,0.4922023625979463,0.48090929815444144,-0.011293064443504863
F13,94,0.4011666666666666,0.5235912109846689,0.12242454431800226,0.5123945999431253,0.05338940797270017,0.5265941253866645,0.030102590092799492,0.4941712335262367,0.0074403653487656075,0.5586275711853516,0.03149218090373699,0.5345834824873035,0.5235912109846689,-0.010992271502634599
F13,95,0.482,0.4245612176034119,-0.05743878239658806,0.4353511518043218,-0.022391447133925515,0.416937326618606,-0.015615041611534557,0.38627565911741407,-0.007657947270606873,0.42312826809739496,-0.011774346380521007,0.4305514127321694,0.424561217603412,-0.005990195128757425
F13,96,0.4086666666666667,0.5248959789103583,0.11622931224369165,0.5330301459333268,0.059694470047996835,0.5136837047399823,0.02520408913759574,0.4693232687983138,0.004852528170531771,0.5410577911045029,0.02647822488756725,0.5389811236197498,0.5248959789103583,-0.014085144709391484
F13,97,0.47354166666666675,0.4346242310210984,-0.03891743564556838,0.45931707379271663,-0.006827804579496055,0.41314121984253677,-0.014496107237791196,0.40723712013673374,-0.005304363722394641,0.4120958661372342,-0.01228916010588651,0.4382624783401032,0.4346242310210984,-0.003638247319004806
F13,98,0.39937500000000004,0.40799241636625255,0.008617416366252517,0.42780721685576967,0.013647464090769423,0.41143613304897597,0.0028946719317542247,0.42198704729527153,0.0018089637836217198,0.35070658280053557,-0.009733683439892893,0.4097854857689978,0.40799241636625255,-0.001793069402745262
F13,99,0.4610833333333333,0.43108073316239715,-0.030002600170936145,0.4286481173491601,-0.015568903672403137,0.42625857398680994,-0.008357942243165604,0.42178757293926833,-0.0031436608315251967,0.44642286621412247,-0.002932093423842164,0.44168773030937,0.43108073316239715,-0.01060699714697283
F13,100,0.4057916666666667,0.35827910559471726,-0.047512561071949455,0.35233957090940393,-0.025657005963486135,0.40077978296567024,-0.0012028520882391546,0.3399635390547881,-0.0052662502089502895,0.32885940261029745,-0.015386452811273856,0.36088605471067536,0.35827910559471726,-0.0026069491159581015
F13,101,0.45108333333333334,0.43936841961329104,-0.011714913720042297,0.4346796126482224,-0.007873785928853242,0.44635779810336357,-0.0011341284551927443,0.42325494640147293,-0.0022262709545488326,0.448679691426096,-0.00048072838144747054,0.44689354647804574,0.43936841961329104,-0.007525126864754705
F13,102,0.3860833333333333,0.3686821442952808,-0.01740118903805249,0.36841677545428664,-0.008479947781942387,0.4158826891664857,0.007151845399956578,0.3616975476893134,-0.001950862851521591,0.3154722143106076,-0.014122223804545132,0.37156575275407855,0.3686821442952808,-0.0028836084587977595
F13,103,0.447375,0.4726606507527764,0.02528565075277639,0.4570615091274293,0.0046495243811660635,0.46937019557705323,0.005278846938492769,0.4953059645962394,0.0038344771676991486,0.5049890113270921,0.011522802265418408,0.47840807777356015,0.4726606507527764,-0.005747427020783735
F13,104,0.3177916666666667,0.41895704499631115,0.10116537832964445,0.4123512559116609,0.04538860283759721,0.45849325928034257,0.033768382227282207,0.4076436516445339,0.0071881587982293785,0.3918928389993448,0.01482023446653562,0.4243938069378211,0.4189570449963111,-0.005436761941509993
F13,105,0.442,0.4792654988269452,0.03726549882694519,0.4781925758504704,0.017372436408225802,0.47230099580062507,0.007272238992150015,0.4971890883359779,0.004415127066878233,0.48302848179845564,0.008205696359691128,0.4843626232530484,0.4792654988269452,-0.005097124426103217
F13,106,0.31616666666666665,0.48828972376221297,0.17212305709554632,0.5069644122927243,0.09158291790050765,0.5209912702364045,0.04915790485673707,0.42976377372965624,0.009087768565039168,0.4276389955329793,0.02229446577326253,0.4908746725474374,0.48828972376221297,-0.002584948785224417
F13,107,0.44425,0.48289877182793733,0.038648771827937356,0.47525523607807596,0.01488251331747647,0.510350899530632,0.015864215887351672,0.4786654210943418,0.0027532336875473453,0.4699940446778093,0.005148808935561866,0.48748227303058184,0.48289877182793733,-0.004583501202644502
F13,108,0.45720833333333327,0.47048715332450897,0.013278819991175694,0.5021118257012961,0.02155367633662215,0.3872094070908278,-0.016799742298201314,0.481614216047074,0.001952470617099258,0.49007041001161106,0.006572415335655557,0.4745772916238054,0.47048715332450897,-0.004090138299296442
F13,109,0.3450416666666667,0.517722016837097,0.17268035017043026,0.5765554811628629,0.11112663095817418,0.39130274842018603,0.01110265962084464,0.45479449492179413,0.008780226260410195,0.5533958333216732,0.0416708333310013,0.5173507964754719,0.517722016837097,0.00037122036162506866
F13,110,0.35375,0.41338583951770397,0.05963583951770396,0.40746918375793967,0.025785208203811034,0.4824750717512436,0.03089401722029846,0.3833211628956188,0.0023656930316495028,0.35670460530972514,0.0005909210619450267,0.42211066300868944,0.41338583951770397,-0.008724823490985467
F13,111,0.3712083333333333,0.48969040511889395,0.11848207178556064,0.49222582961912437,0.058088398217179704,0.5334688163529276,0.03894251592470264,0.43592064860535523,0.005176985221761754,0.4525791954429159,0.016274172421916522,0.5027129816249044,0.48969040511889395,-0.013022576506010464
F13,112,0.39633333333333337,0.6772566974178936,0.28092336408456026,0.6934577083259915,0.14261969999647592,0.6318844891006142,0.05653227738414741,0.5309469184924195,0.01076908681272689,0.7513448327893842,0.07100229989121018,0.6813098657711506,0.6772566974178936,-0.004053168353256975
F13,113,0.5562916666666667,0.5452336072716797,-0.011058059394987052,0.5318135969887537,-0.011749473445398237,0.5793785314380538,0.005540847545132905,0.55407674975577,-0.00017719335287173622,0.532930465957417,-0.004672240141849949,0.5528890639689256,0.5452336072716797,-0.007655456697245877
F13,116,0.9369166666666667,1.013035645431157,0.07611897876449036,1.0169593678239675,0.03842049655550434,1.0329894436243692,0.023057466469848586,0.86029171493084,-0.006129996138866139,1.0407717260566847,0.02077101187800359,1.053314791968452,1.013035645431157,-0.04027914653729492
F13,117,0.3037916666666667,0.3198128186391099,0.016021151972443193,0.3162673980293447,0.005988351054085461,0.33292089681142695,0.006991015234742463,0.33412226961202096,0.0024264482356283422,0.3068683539066015,0.0006153374479869634,0.31849235941380366,0.31981281863910993,0.0013204592253062697
F13,119,0.3114166666666667,0.4133924645809201,0.10197579791425343,0.39462358239880313,0.039939319551425496,0.4602471264861821,0.0357193103566837,0.3978973961289822,0.00691845835698524,0.4084102149124615,0.019398709649158963,0.40847690464291125,0.4133924645809201,0.004915559938008851
F13,122,0.34879166666666667,0.42817945553418396,0.0793877888675173,0.4446102802951186,0.045992934541656934,0.4095396963662942,0.014579527127910615,0.3415211501144014,-0.0005816413241812235,0.44577650927732143,0.019396968522130954,0.42531191623658193,0.42817945553418396,0.0028675392976020286
F13,126,0.3818333333333333,0.5728787557171066,0.19104542238377326,0.5774316516105827,0.09388719277307973,0.4941136926964173,0.02694728624714016,0.5958350740579362,0.017120139257968233,0.6472873538612588,0.0530908041055851,0.5549498233992364,0.5728787557171066,0.017928932317870183
F13,128,0.7817083333333333,0.7725940488651141,-0.00911428446821927,0.7652969124307983,-0.0078774820332168,0.6480851391077266,-0.03206956661414562,0.881801146432431,0.008007425047927815,0.8958350289894103,0.022825339131215386,0.7784383811368988,0.7725940488651141,-0.0058443322717847135
F13,129,0.7205833333333334,0.6626009745271353,-0.057982358806198064,0.6315728572468062,-0.042725028521533016,0.7020420287949668,-0.004449913089207973,0.6252085374455222,-0.0076299836710248935,0.7046961657111721,-0.0031774335244322497,0.667956514421852,0.6626009745271353,-0.00535553989471671
F13,130,0.773125,1.0419892527121322,0.2688642527121322,0.9568612911068316,0.08819341973127919,1.3192931861854644,0.13108036468451148,0.7901818086204356,0.0013645446896348545,1.0142546180335332,0.04822592360670666,1.0534511427151798,1.0419892527121322,-0.011461890003047648
F13,131,0.73775,0.7394519967992793,0.0017019967992792928,0.7133867356883797,-0.011694366869577734,0.8349288880061936,0.023322933121486453,0.6769055625162417,-0.004867554998700667,0.7124549277303561,-0.005059014453928779,0.742636721642837,0.7394519967992793,-0.003184724843557696
F13,132,0.8696666666666667,1.2749328713612378,0.4052662046945711,1.3228422588379756,0.21752428424222825,1.374214361640642,0.12109144679375405,1.0833362098840482,0.01709356345739052,1.1174512176726579,0.049556910201198234,1.2919476254375635,1.2749328713612378,-0.01701475407632569
F13,133,0.9788333333333333,1.2198458440084798,0.2410125106751465,1.3639243961029857,0.1848437101294331,0.824671981833711,-0.03699872435990935,1.318708886739274,0.027190044272475254,1.308720736499071,0.06597748063314753,1.2304001408633234,1.2198458440084798,-0.010554296854843548
F13,134,0.7533333333333333,0.7334028839975651,-0.019930449335768152,0.7359433739164064,-0.008347180520124908,0.7530042515051726,-7.897963875857172e-05,0.7012966419804364,-0.004162935308231752,0.7166265639900681,-0.007341353868653045,0.7357741323345351,0.7334028839975651,-0.00237124833697
F13,136,0.73775,0.7473311345737187,0.009581134573718675,0.7684250196292789,0.01472400942205386,0.75465005503069,0.004056013207365607,0.6688560390837653,-0.005511516873298774,0.7193131440879901,-0.0036873711824019885,0.7543766578049392,0.7473311345737187,-0.007045523231220541
F13,138,0.7215416666666666,0.7483504997706962,0.026808833104029595,0.7703308757165095,0.02341882034392457,0.7205944053353894,-0.00022734271950652918,0.7114642341869858,-0.0008061945983744678,0.7436594170565969,0.004423550077986049,0.7617703052887892,0.7483504997706962,-0.013419805518092964
F13,140,0.714625,0.7587524654873227,0.044127465487322715,0.7774575974460877,0.0301596467741221,0.7348649466493743,0.004857587195849842,0.7256513222759299,0.0008821057820743939,0.7557656286763811,0.008228125735276226,0.7623790821673356,0.7587524654873224,-0.003626616680013184
F13,141,0.7079166666666667,0.7516496098336566,0.043732943166989835,0.7680686111664498,0.028872933359895842,0.7388494989024386,0.007423879736585235,0.7195496435962646,0.0009306381543678289,0.7404441262473721,0.006505491916141071,0.7624205163485828,0.7516496098336566,-0.010770906514926182
F13,142,0.4254583333333333,0.4753889660432001,0.04993063270986675,0.45258968864555893,0.01302305054986829,0.5191023269987137,0.022474558479691296,0.541594149980993,0.009290865331812772,0.4511691250758054,0.005142158348494419,0.4871537158325963,0.4753889660432002,-0.011764749789396123
F13,145,0.6891666666666666,0.7356220428583212,0.04645537619165463,0.7440975955262513,0.026366845852600667,0.7382396709177602,0.011777521020262468,0.7323408440662927,0.003453934191970092,0.7134520423007743,0.004857075126821542,0.7428807810500437,0.7356220428583212,-0.0072587381917225136
F13,147,0.41225,0.48938104547034006,0.07713104547034005,0.43642711243877175,0.011605013970610435,0.544964353281588,0.03185144478758112,0.5799185963717001,0.013413487709736006,0.5135554950120623,0.020261099002412464,0.5035142480683407,0.48938104547034,-0.01413320259800066
F13,148,0.7375833333333333,0.8606284290165522,0.12304509568321897,0.8650045301830863,0.061162174487881464,0.8191531235156203,0.019576749643748892,0.7691247834872611,0.002523316012314227,0.9364976110297049,0.039782855539274325,0.8735003176547448,0.8606284290165522,-0.012871888638192552
F13,149,0.7759166666666667,0.7922225115610076,0.01630584489434095,0.7528228738065073,-0.011085020572876534,0.7707061799688764,-0.0012505168074696815,0.8077020896797332,0.0025428338410453223,0.9064094088348761,0.02609854843364188,0.8138820152385517,0.7922225115610076,-0.0216595036775441
F13,150,0.8217500000000001,0.8272323324418988,0.005482332441898663,0.8299623531182405,0.003941929496755403,0.8110250476238159,-0.002573988570284209,0.8489724875304492,0.002177799002435927,0.8314329625649576,0.0019365925129914974,0.8386321719655417,0.8272323324418988,-0.011399839523642985
F13,152,0.43320833333333336,0.42451682776857536,-0.008691505564758006,0.4199718509143177,-0.006353511561127512,0.4304271106857316,-0.0006674934354244266,0.4348473586065025,0.00013112202185352917,0.42420022038303545,-0.0018016225900595818,0.42535556596881374,0.42451682776857536,-0.000838738200238387
F13,154,0.41262499999999996,0.4606651823798164,0.04804018237981644,0.44260259011102115,0.014389243253290171,0.4852837063993136,0.017438089535835276,0.43325689080378443,0.0016505512643027575,0.48543649163194075,0.014562298326388157,0.46933455166047566,0.4606651823798163,-0.008669369280659367
F13,155,0.807375,0.7546365013479738,-0.05273849865202618,0.7999370873688557,-0.0035701980629492345,0.6704040017618617,-0.03287303957715319,0.6707840280660707,-0.010927277754714337,0.7805350837139526,-0.005367983257209464,0.763333243724654,0.7546365013479738,-0.008696742376680278
F13,156,0.7513333333333333,1.120081973576596,0.3687486402432626,1.0997780332984308,0.1672534559832468,1.1844658789206222,0.10395181094094932,0.8497480778308552,0.00787317955980175,1.1996843021296568,0.08967019375926472,1.1013542400217256,1.120081973576596,0.01872773355487034
F13,157,0.42483333333333334,0.43796789440266837,0.013134561069335027,0.41505626532323275,-0.0046929926448482815,0.4611169223780866,0.008708061370740783,0.4747594397901352,0.0039940885165441475,0.45046035246782495,0.005125403826898323,0.43618196798939096,0.43796789440266837,0.0017859264132774055
F13,158,0.4527083333333333,0.4431523426756458,-0.00955599065768753,0.43603442768953454,-0.008003474709023415,0.44321118363615913,-0.0022793159273218054,0.44355497389908427,-0.0007322687547399243,0.4600036770003215,0.0014590687333976395,0.44459333065385137,0.4431523426756458,-0.0014409879782055768
F13,159,0.5987083333333333,0.8790606681605376,0.28035233482720434,0.9225116808825063,0.15542560682360307,0.7644603591055517,0.039780486185332406,1.1278515695212439,0.04233145889503285,0.8127822479495133,0.042814782923236,0.8941863721932194,0.8790606681605375,-0.015125704032681875
F13,160,0.45808333333333334,0.7278622905975253,0.26977895726419193,0.7282632281093978,0.12968634949251093,0.7480891708102555,0.06960140099446131,0.7898540381182072,0.026541656382789908,0.6778310853054818,0.04394955039442969,0.7453085278938839,0.7278622905975253,-0.017446237296358635
F13,161,0.491625,0.45312013530088086,-0.03850486469911912,0.45904012513711007,-0.01564073993418716,0.44787438617084785,-0.010500147318996511,0.43384419546870046,-0.004622464362503962,0.4529174345828422,-0.007741513083431551,0.4521707370854797,0.45312013530088074,0.0009493982154010205
F13,162,0.585875,0.737948875798609,0.15207387579860898,0.7438809118521258,0.07584283768902036,0.6907503531888839,0.025170084765332126,0.8989899846259877,0.025049198770079013,0.7159337728708867,0.02601175457417733,0.7431239859538481,0.737948875798609,-0.005175110155239082
F13,166,0.7276666666666666,0.7731456215915632,0.04547895492489662,0.8002864505811894,0.03485749627897096,0.7320052558420863,0.0010412614021007372,0.7792488959395184,0.004126578341828146,0.754934761176651,0.005453618901996893,0.792313203159445,0.7731456215915632,-0.019167581567881786
F13,167,0.43250000000000005,0.4469145931059722,0.014414593105972151,0.44791264310646456,0.007398068691102964,0.4513908440773404,0.00453380257856169,0.42722681978996646,-0.0004218544168026872,0.44702288126555095,0.0029045762531101807,0.44850793261439126,0.4469145931059722,-0.001593339508419056
F13,168,0.6692083333333333,0.7750379723754847,0.10582963904215137,0.7965155917009666,0.06110748401646401,0.679411205268166,0.0024486892643598513,0.7064969127540827,0.0029830863536599497,0.8656602303716703,0.0392903794076674,0.7637851038953092,0.7750379723754847,0.011252868480175482
F13,169,0.8197916666666667,0.7145772232181238,-0.10521444344854292,0.7005908641463267,-0.057216385209763215,0.6554696172480604,-0.03943729186046551,0.79860224860454,-0.0016951534449701367,0.7854636019999462,-0.00686561293334409,0.7323898488595869,0.7145772232181238,-0.01781262564146313
F13,170,0.433875,0.4306002604215127,-0.0032747395784872846,0.41700659576401916,-0.008096834033270807,0.43686581956220455,0.0007177966949290892,0.41342668304677765,-0.0016358653562577885,0.46257581558056143,0.005740163116112285,0.4324763593497097,0.4306002604215127,-0.0018760989281969565
F13,171,0.8714583333333333,0.8266637928978326,-0.044794540435500685,0.8364430321848473,-0.016807344551273307,0.7312344286860353,-0.03365373711535153,0.6770549421683077,-0.015552271293202047,0.977552395954965,0.021218812524326336,0.8239767871454027,0.8266637928978326,0.0026870057524299717
F13,172,0.9783750000000001,0.8902915524221466,-0.08808344757785347,0.9712041757206752,-0.00344199565407596,0.6430908030478624,-0.08046820726851306,0.9729748574793474,-0.00043201140165221474,0.9596688337319388,-0.003741233253612264,0.9471513464887815,0.8902915524221466,-0.05685979406663488
F13,173,0.42091666666666666,0.46430476564506956,0.0433880989784029,0.46944151533284345,0.023291927359764857,0.48162973395933345,0.014571136150240029,0.43005962439638806,0.0007314366183777121,0.44488466091676804,0.004793598850020276,0.4650151238851657,0.46430476564506956,-0.0007103582400961317
F13,174,0.9472083333333332,0.8183400683047722,-0.12886826502856097,0.804829984992872,-0.0683416072034214,0.8327698443798607,-0.027465237348833407,0.7823677163003687,-0.01318724936263716,0.8478374777649881,-0.01987417111366903,0.8312063649014844,0.8183400683047722,-0.012866296596712123
F13,176,0.4254166666666666,0.4373944352310681,0.01197776856440147,0.4360656295745382,0.005111502195778365,0.43282489707624117,0.0017779752982978935,0.4385202007919456,0.0010482827300223186,0.44561670836818124,0.004040008340302925,0.4434379812542743,0.43739443523106813,-0.00604354602320617
F13,179,0.4014166666666667,0.32480010894697836,-0.07661655771968834,0.3144466781843039,-0.04174559447153415,0.38086214745791674,-0.004933084610099989,0.39121399389807837,-0.0008162138214870663,0.25580834258383134,-0.029121664816567073,0.3201219602815901,0.32480010894697847,0.004678148665388349
F13,180,0.2919583333333333,0.29356046958223636,0.001602136248903041,0.3060189771913389,0.006749109051842685,0.32696480999710104,0.008401554399304251,0.3916010435614166,0.007971416818246663,0.1843586132308805,-0.021519944020490563,0.2934804193272182,0.2935604695822364,8.005025501822693e-05
F13,181,0.38358333333333333,0.29501533746393843,-0.0885679958693949,0.29954909305972893,-0.04033643533133011,0.345702527518198,-0.009091393395632474,0.39841048916005595,0.0011861724661378092,0.18195163529048294,-0.04032633960857008,0.30025362790361404,0.29501533746393843,-0.005238290439675608
F13,182,0.335375,0.27410590084201636,-0.06126909915798362,0.2819238591349426,-0.025656547615227534,0.28010952288267804,-0.013263714508157264,0.3186795613056909,-0.0013356350955447249,0.23030899030472962,-0.021013201939054073,0.2721829507216515,0.27410590084201636,0.0019229501203648636
F13,183,0.3569166666666666,0.2810105762493544,-0.07590609041731222,0.3111542203855077,-0.021965974214956264,0.23041486807069736,-0.03036043166303262,0.33850388606495846,-0.0014730224481366517,0.24638335621073335,-0.022106662091186655,0.28186311363172084,0.2810105762493545,-0.0008525373823663474
F13,195,0.55625,0.4646701063704007,-0.09157989362959934,0.4482147702056913,-0.05185691030126819,0.4487905775942118,-0.02579026137738917,0.4734404420802232,-0.006624764633582148,0.5197102134132007,-0.0073079573173598705,0.47557747570321823,0.4646701063704007,-0.010907369332817551
F13,196,0.5474166666666667,0.43647211274796804,-0.11094455391869862,0.4340347955645922,-0.05442329812899575,0.420050531782633,-0.030567872372168074,0.43367417774759903,-0.00909939911352541,0.46314674514661985,-0.016853984304009362,0.44892550535613535,0.43647211274796804,-0.012453392608167302
F13,197,0.5479166666666667,0.472321636683066,-0.07559502998360074,0.4746872103100696,-0.03515013905116661,0.4467796891409354,-0.024272874606175512,0.4394349816962743,-0.008678534797631391,0.5104492590235308,-0.007493481528627189,0.47723701614595065,0.472321636683066,-0.0049153794628846725
F13,198,0.27608333333333335,0.25296920278923163,-0.02311413054410172,0.25653157778152685,-0.009384842664867117,0.2424524189978341,-0.00807141944051982,0.26797363824204634,-0.0006487756073029605,0.2510378691762744,-0.005009092831411788,0.2544912837684881,0.2529692027892317,-0.001522080979256435
F13,211,0.5396666666666666,0.5517779628201093,0.012111296153442641,0.5782754523784367,0.01853221714164963,0.43861654359434343,-0.024252029537357566,0.5595892522554212,0.0015938068471003674,0.620853175176917,0.016237301702050067,0.5725001474368746,0.5517779628201092,-0.02072218461676545
F13,212,0.29433333333333334,0.2565424947483781,-0.037790838584955244,0.2639802248046574,-0.014569492093764458,0.24413337628660248,-0.012047989691215406,0.24306449553862816,-0.004101507023576414,0.2589740844513386,-0.007071849776398942,0.25743131619518167,0.2565424947483781,-0.0008888214468035782
F13,213,0.292,0.25512659439106855,-0.03687340560893143,0.25672933425125216,-0.016929919559398952,0.28576346966176697,-0.0014967672811759237,0.2721106220817169,-0.0015911502334626482,0.20772215732553068,-0.016855568534893863,0.26266155689265824,0.25512659439106855,-0.007534962501589693
F13,214,0.9180416666666668,0.6487894750133573,-0.2692521916533095,0.7003690617893369,-0.10448285034111833,0.5906126573165259,-0.0785829622440338,0.6000542391701713,-0.025438994199719636,0.614304742324478,-0.06074738486843776,0.6754245650810429,0.6487894750133573,-0.026635090067685607
F13,215,0.32666666666666666,0.2414479358437959,-0.08521873082287076,0.23968640111101847,-0.04175052746671113,0.257461803407677,-0.01660916718215752,0.2661504459384154,-0.0048412976582601,0.21657797408795684,-0.022017738515741965,0.24365996242204288,0.24144793584379595,-0.0022120265782469284
F13,218,0.38949999999999996,0.39270313779184524,0.0032031377918452786,0.41422014642720023,0.011865670285056132,0.4046501319493876,0.0036360316678530325,0.3252719066400651,-0.005138247468794788,0.3536984165386545,-0.007160316692269087,0.388544595375859,0.39270313779184524,0.004158542415986233
F13,231,0.6208750000000001,1.0388766565573537,0.41800165655735366,0.9708185070952435,0.16797288340571687,1.1672462093331448,0.13112909023995473,0.6950073034905815,0.005930584279246514,1.1857204931621779,0.11296909863243557,1.057808506757063,1.0388766565573537,-0.018931850199709332
F13,232,0.7386249999999999,0.7080924727324746,-0.03053252726752531,0.7135277370645629,-0.012046686209009767,0.7060923529921809,-0.0078078352818765585,0.6277425747784792,-0.008870594017721656,0.7295879412054121,-0.0018074117589175433,0.7234109869152173,0.7080924727324743,-0.015318514182742993
F13,233,0.6336666666666667,1.046390883793318,0.4127242171266513,1.0398334780846128,0.19496006948061412,1.0417269753834784,0.09793447409203479,0.7674901807550776,0.01070588112707287,1.1792856288013138,0.10912379242692943,1.068827400206662,1.0463908837933178,-0.02243651641334421
F13,242,0.43204166666666666,0.5481441475527995,0.11610248088613284,0.5078141328235808,0.036370783755318783,0.5745742033264624,0.03420780879835097,0.4722961001259319,0.0032203546767412172,0.643559334945276,0.04230353365572186,0.5339030499214555,0.5481441475527995,0.014241097631343957
F13,244,0.44004166666666666,0.3737737648066883,-0.06626790185997838,0.35012823069664223,-0.04315844926561173,0.43008074637480886,-0.0023906208700458717,0.37678828466938824,-0.005060270559782274,0.3617488608439737,-0.0156585611645386,0.3701621831899134,0.37377376480668817,0.0036115816167747727
F13,245,0.84025,0.7243579480625764,-0.11589205193742369,0.7276673047571035,-0.05403969371659034,0.7364903520128759,-0.024902315516909787,0.6294483589829493,-0.016864131281364065,0.7398204428872024,-0.020085911422559534,0.7232616965356861,0.7243579480625764,0.0010962515268903017
F47,6,0.24050000000000002,0.20057989710034943,-0.03992010289965059,0.22778517580767885,-0.006103115612314162,0.18392011874488365,-0.013579171501227928,0.22898896213742814,-0.0009208830290057501,0.14391533621448663,-0.01931693275710268,0.20039067296939286,0.2005798971003495,0.00018922413095665003
F47,7,0.35720833333333335,0.20626955434691155,-0.1509387789864218,0.20401627511835085,-0.0735321879431916,0.21914181970058608,-0.033135963271859345,0.21569731129519876,-0.011320881763050768,0.19245960329173326,-0.03294974600832002,0.20694756076318463,0.2062695543469116,-0.0006780064162730248
F47,8,0.20741666666666667,0.16702340229932547,-0.0403932643673412,0.18996429958641717,-0.008377136198519758,0.15005055980347456,-0.013767865647166104,0.18938974545938211,-0.0014421536965827642,0.12338612254130403,-0.016806108825072528,0.17265330281993707,0.16702340229932555,-0.005629900520611519
F47,9,0.17462500000000003,0.1811370601131214,0.00651206011312136,0.2189928252079929,0.021296556099836578,0.15302192262549436,-0.005184738569881362,0.18185654072394442,0.0005785232579155508,0.12373359662625294,-0.01017828067474942,0.18077579236836896,0.1811370601131214,0.00036126774475242485
F47,10,0.146625,0.20375340487364646,0.057128404873646454,0.24458125876700046,0.047019004208160214,0.18034120945221477,0.008091890268531543,0.22300097100390678,0.006110077680312543,0.12616216358321095,-0.004092567283357812,0.20236301512370006,0.20375340487364646,0.0013903897499464024
F47,11,0.21845833333333334,0.25597659848694704,0.0375182651536137,0.2572552655589248,0.018622527468283905,0.2534651808362159,0.008401643400691812,0.26623603333368434,0.00382221600002808,0.2518177247563828,0.006671878284609895,0.2543967899718344,0.25597659848694704,0.001579808515112635
F47,12,0.13158333333333336,0.19170861189896912,0.060125278565635765,0.20859853496204325,0.03696729678178075,0.18179821223554668,0.012051570936531197,0.19710611632297556,0.0052418226391713766,0.1609062743740957,0.005864588208152466,0.19309967861429866,0.19170861189896915,-0.0013910667153295142
F47,14,0.11625,0.14871697153380356,0.032466971533803554,0.13867109834274127,0.010762127204515807,0.17275159749872515,0.013560383399694034,0.16215871488541972,0.003672697190833577,0.13860881869380076,0.004471763738760151,0.14966271586350738,0.1487169715338036,-0.0009457443297037904
F47,15,0.1910416666666667,0.2298921040893672,0.0388504374227005,0.2410182113778855,0.023988741461385032,0.2085518828153775,0.004202451875690596,0.2531144290043683,0.0049658209870161295,0.21950878215971045,0.005693423098608753,0.22892444086601418,0.22989210408936722,0.000967663223353038
F47,16,0.19587500000000002,0.2387396568430619,0.04286465684306187,0.23972880702737462,0.021049827373139807,0.24095585648478188,0.010819405556347646,0.23618884505761065,0.00322510760460885,0.2347265815448282,0.007770316308965636,0.2408342559802079,0.23873965684306198,-0.002094599137145936
F47,17,0.112375,0.228369738020426,0.11599473802042601,0.24019731378476836,0.06135471061668881,0.24411614744186613,0.03161787538604787,0.2358469860478414,0.009877758883827312,0.1780969656693101,0.013144393133862021,0.23332885804825074,0.228369738020426,-0.004959120027824726
F47,18,0.2031666666666667,0.24205708916019272,0.03889042249352603,0.24534339579248401,0.020244829980392315,0.23637838055492935,0.007970811333183038,0.26089817200779347,0.004618520427290143,0.23344797042996931,0.006056260752660525,0.24290596924145727,0.24205708916019272,-0.000848880081264547
F47,19,0.12374999999999999,0.25832168282617124,0.13457168282617127,0.29287278987838755,0.08117893914162604,0.2359275435295516,0.026922610447092384,0.2388946150583119,0.009211569204664953,0.21004282016393958,0.01725856403278792,0.26012104025058386,0.25832168282617124,-0.0017993574244126176
F47,20,0.21070833333333336,0.23795728254797646,0.027248949214643103,0.24581041056620193,0.016848997071776912,0.22028357557734793,0.0022980581385634966,0.24787197343293063,0.002973091207967782,0.23635234731500812,0.005128802796334953,0.23730372014786916,0.23795728254797652,0.0006535624001073603
F47,21,0.1480416666666667,0.2438223466604403,0.0957806799937736,0.26088072615029634,0.05416274855214222,0.24562203661506277,0.023419288787615053,0.1847655265655448,0.0029379087919102465,0.22434533597719727,0.015260733862106114,0.2417429981039941,0.24382234666044034,0.002079348556446231
F47,22,0.21754166666666666,0.23709805031460604,0.01955638364793938,0.22787911876491376,0.004961977007158609,0.25394498914691216,0.008736797395258919,0.26155716848250893,0.0035212401452673816,0.2292235121679392,0.0023363691002545096,0.23943004450537594,0.23709805031460604,-0.0023319941907699038
F47,23,0.181625,0.2687624060405219,0.08713740604052186,0.28210959699565463,0.04823260655791422,0.23962341893912384,0.013919620545389718,0.23316312450559332,0.004123049960447465,0.2859356448838524,0.020862128976770485,0.2691585672274002,0.2687624060405219,-0.0003961611868783521
F47,24,0.22620833333333334,0.286728433907905,0.060520100574571634,0.3068578694640348,0.0387117773427367,0.25612989380806395,0.007181174513935344,0.2636119728030834,0.002992291157580005,0.2843826211349312,0.011634857560319567,0.28510309424223795,0.286728433907905,0.001625339665667025
F47,25,0.23175,0.2399798886884131,0.008229888688413095,0.23331153901134483,0.000749538725445511,0.25251922377309155,0.004984613705541969,0.25197795297222864,0.00161823623777829,0.23613750009823678,0.0008775000196473538,0.24237430439952323,0.23997988868841316,-0.0023944157111100706
F47,26,0.25654166666666667,0.20016630563199667,-0.05637536103467,0.20364923124596204,-0.025388369001938218,0.22374441209097576,-0.007871341098165818,0.19279010528974605,-0.00510012491015365,0.16646403654460531,-0.01801552602441227,0.2039169316165034,0.2001663056319967,-0.003750625984506706
F47,27,0.24479166666666666,0.23450494257403606,-0.010286724092630595,0.21686634256466375,-0.013404155568961395,0.2683281099334231,0.005648746384021545,0.22250886375229487,-0.0017826242331497432,0.24104821329396184,-0.0007486906745409639,0.2359256212729298,0.23450494257403606,-0.0014206786988937292
F47,28,0.37166666666666665,0.3109385135950788,-0.060728153071587854,0.3406214208587918,-0.014901717987779914,0.29170209121019625,-0.019191498109552896,0.2728538169327083,-0.007905027978716665,0.27801712168897486,-0.01872990899553836,0.31161171080907746,0.3109385135950788,-0.0006731972139986664
F47,29,0.2630416666666667,0.2660935328678414,0.003051866201174702,0.26974458110218946,0.0032173989290509384,0.2708873374096133,0.0018829609783071887,0.2357345626304154,-0.0021845683229001025,0.26372203975025005,0.00013607461671667488,0.2685137430036939,0.2660935328678414,-0.0024202101358525296
F47,30,0.28824999999999995,0.23739498311222293,-0.05085501688777702,0.2231027815483018,-0.031270664856815115,0.2650469234983681,-0.00556873836039164,0.22968819696940643,-0.004684944242447482,0.2415966528593861,-0.009330669428122768,0.24708177148066046,0.23739498311222296,-0.009686788368437504
F47,31,0.27995833333333336,0.2967129779671937,0.01675464463386034,0.29547471798260755,0.007447864631651608,0.2948004112417835,0.003562098698028038,0.29830227699297507,0.0014675154927713363,0.30134416239038003,0.004277165811409334,0.29635192336070465,0.2967129779671937,0.00036105460648905296
F47,32,0.29220833333333335,0.25770092977367626,-0.03450740355965709,0.2571039505795821,-0.01685010372180061,0.2601667908873569,-0.007689970187034349,0.2321476383066731,-0.00480485560213282,0.2663959630898869,-0.005162474048689292,0.26040911857137167,0.25770092977367626,-0.00270818879769541
F47,33,0.2754166666666667,0.2149488061529178,-0.06046786051374889,0.20925310330555905,-0.03175851041333167,0.24382159988739785,-0.007582816027024523,0.21979974785460935,-0.004449353504964588,0.1920307638245263,-0.01667718056842808,0.22229300634358928,0.2149488061529178,-0.007344200190671474
F47,35,0.11945833333333333,0.17754409032841145,0.05808575699507812,0.180659681595687,0.029376647165929755,0.17323559330649405,0.012906542393558571,0.1940486952603224,0.005967228954159125,0.16863502574048686,0.009835338481430707,0.18611964523720803,0.17754409032841145,-0.008575554908796579
F47,36,0.298875,0.2528649785153187,-0.04601002148468131,0.24942548587232868,-0.023735766781282232,0.2548889187248536,-0.010556659506035139,0.25224838582354914,-0.0037301291341160694,0.2589376696837607,-0.007987466063247862,0.2543053137949118,0.2528649785153187,-0.0014403352795930857
F47,37,0.13954166666666667,0.23833721016640785,0.09879554349974118,0.23164217874780121,0.04420824579894458,0.2600608331564287,0.028924599957542884,0.22973753630375082,0.007215669570966732,0.23177680752810184,0.018447028172287033,0.24120140396800727,0.23833721016640794,-0.0028641938015993296
F47,38,0.30158333333333337,0.25293521935086977,-0.0486481139824636,0.24648677394695215,-0.026446348505462985,0.260380673130207,-0.009888638448750323,0.25696835744614605,-0.003569198070974986,0.2578636885469568,-0.008743928957275316,0.25355819978186395,0.25293521935086977,-0.00062298043099418
F47,39,0.16545833333333332,0.23712025290382713,0.07166191957049381,0.22944936385667092,0.030715694651202045,0.2622162878652227,0.023221909087653456,0.23210781833506422,0.005331958800138472,0.22742011849083257,0.012392357031499851,0.2392410171151699,0.23712025290382713,-0.002120764211342774
F47,40,0.29683333333333334,0.2517200561235099,-0.045113277209823444,0.24868895867962196,-0.02310929983378146,0.2509227733574574,-0.011018534394210229,0.258188231308708,-0.0030916081619700277,0.25736415923402484,-0.0078938348198617,0.2519627611937845,0.2517200561235099,-0.00024270507027462918
F47,42,0.2124166666666667,0.19180979156062783,-0.02060687510603887,0.19791443256050037,-0.006961072370959837,0.19081466707893327,-0.005184479901056023,0.24608328072398436,0.002693329124585413,0.15664340687362474,-0.011154651958608392,0.19837161833418268,0.19180979156062786,-0.006561826773554824
F47,43,0.250375,0.2675175015280827,0.017142501528082665,0.26764429342587737,0.008289260844421128,0.24124466806141132,-0.0021912796652612874,0.29507653059251626,0.0035761224474012998,0.2877169895076077,0.00746839790152154,0.26801568660543373,0.2675175015280827,-0.0004981850773510543
F47,44,0.20350000000000001,0.17164140860578858,-0.03185859139421143,0.16545991360406362,-0.01825924147004947,0.18377712934386126,-0.004733488957473302,0.242108332574641,0.00308866660597128,0.1437273621367005,-0.011954527572659902,0.1804546320654954,0.1716414086057886,-0.008813223459706782
F47,45,0.25329166666666664,0.2665849577943136,0.013293291127646989,0.27497925465624495,0.010410042234997592,0.24373869387845593,-0.002292713469170571,0.2513235379324381,-0.00015745029873828197,0.27995872996945803,0.005333412660558279,0.26612867400444973,0.2665849577943136,0.0004562837898638983
F47,46,0.19858333333333333,0.2137359034058043,0.015152570072470978,0.2137427122776018,0.007276501893248865,0.2144990686188908,0.0038197764685337886,0.23589211956541214,0.002984702898566305,0.20394127739394352,0.0010715888121220374,0.21692659103775855,0.2137359034058043,-0.0031906876319542365
F47,47,0.19670833333333335,0.19481785570531351,-0.001890477628019832,0.19587486544449764,-0.00040006458664113785,0.209714175798575,0.0031214021916579934,0.22118212513536004,0.0019579033441621354,0.16385974044733925,-0.006569718577198819,0.20361177393513272,0.19481785570531351,-0.008793918229819203
F47,48,0.24883333333333332,0.23917395856706367,-0.009659374766269657,0.25565104268040634,0.0032725004865950466,0.21922149667839272,-0.007106840797185745,0.27444234990796,0.0020487213259701353,0.20946455442508816,-0.007873755781649033,0.24123188123970415,0.2391739585670637,-0.002057922672640461
F47,49,0.203375,0.20345341041735968,7.841041735967558e-05,0.20201782106107025,-0.0006514458906862818,0.2132064848727294,0.0023595563694550534,0.23021279834512964,0.0021470238676103716,0.18449138035490273,-0.0037767239290194543,0.20746906826832223,0.20345341041735968,-0.004015657850962556
F47,50,0.1525,0.16854228820544168,0.01604228820544168,0.16588208343316865,0.006423400047920955,0.16839479600639332,0.0038147510415343965,0.21862649165851167,0.005290119332680933,0.15507008891652704,0.0005140177833054094,0.16858283615177885,0.1685422882054417,-4.054794633714942e-05
F47,51,0.22654166666666664,0.25101145118678164,0.024469784520115,0.25668334722307523,0.014468006667076122,0.26605595735334836,0.009483429764803613,0.2682698521151894,0.00333825483588182,0.21244213292843395,-0.002819906747646539,0.25511988013135906,0.25101145118678164,-0.004108428944577414
F47,52,0.16024999999999998,0.18740395006174324,0.02715395006174326,0.1827395415583127,0.01079497994799011,0.21018519394236135,0.01198444654616673,0.21884836283861278,0.0046878690270890245,0.15868327270248705,-0.00031334545950258423,0.1891662548616118,0.18740395006174326,-0.0017623047998685248
F47,53,0.23937499999999998,0.2726870074964942,0.03331200749649424,0.28343586538798177,0.021149215386231258,0.29248298818555934,0.012745917164534248,0.2956863856692442,0.0045049108535395385,0.21393482046094622,-0.005088035907810751,0.2731711043119221,0.2726870074964942,-0.0004840968154278813
F47,54,0.16,0.19467460538030934,0.03467460538030934,0.20072811143883715,0.01954949349064183,0.2023891126795397,0.01017338704308953,0.20187955364113874,0.003350364291291099,0.16800680277643468,0.001601360555286935,0.1965012416216342,0.19467460538030937,-0.0018266362413248416
F47,55,0.25062500000000004,0.28434171248063195,0.033716712480631905,0.2855650199619209,0.016771209581722013,0.30326472184616854,0.012633533243080438,0.31658247387197114,0.005276597909757688,0.24580185873035873,-0.0009646282539282625,0.28351034450919826,0.28434171248063195,0.000831367971433683
F47,57,0.26466666666666666,0.27263820258696325,0.00797153592029659,0.2501832506767287,-0.006952039675170223,0.3264713841254485,0.014833132190107644,0.3067790515203363,0.003368990788293571,0.248273929751995,-0.003278547382934333,0.28381732941342236,0.27263820258696325,-0.011179126826459107
F47,58,0.16016666666666665,0.15554373969734026,-0.004622926969326396,0.16477325475960133,0.0022111622846086474,0.16401572535073777,0.0009237740841770691,0.12446864425481503,-0.0028558417929481295,0.13565655894084686,-0.0049020215451639594,0.15920055672559363,0.15554373969734028,-0.0036568170282533508
F47,59,0.31383333333333335,0.3723102711090285,0.058476937775695126,0.3858896998646693,0.03458705593504126,0.38357647486407004,0.016738353967376805,0.30538170580739893,-0.000676130202074754,0.3529716237100926,0.007827658075351851,0.3746618284814429,0.3723102711090285,-0.0023515573724144367
F47,60,0.14991666666666667,0.15898076862421517,0.009064101957548504,0.1608171134250807,0.005232214444038736,0.1696171821689242,0.00472812372054181,0.1546339522818129,0.0003773828492116982,0.14354857138544808,-0.001273619056243719,0.1629933893275227,0.1589807686242152,-0.00401262070330749
F47,61,0.33525,0.3275144159967827,-0.007735584003217277,0.31751390865726803,-0.008513323844511343,0.36478927840538083,0.0070894268172914015,0.3116295474145354,-0.0018896362068371664,0.31313974615419926,-0.0044220507691601465,0.3345769894015251,0.3275144159967827,-0.007062573404742367
F47,62,0.15916666666666668,0.16210520502694864,0.0029385383602819615,0.15972534611213254,0.0002681661338236152,0.1799261285783029,0.004982270858792692,0.17700279685489506,0.0014268904150582706,0.14047272142970377,-0.0037387890473925822,0.1625845112242219,0.16210520502694867,-0.0004793061972732382
F47,63,0.344875,0.3835705347477492,0.03869553474774923,0.3832515550915158,0.018420746443927598,0.4178170836090674,0.017506100066176176,0.3432360145831865,-0.0001311188333450808,0.3593740353549529,0.0028998070709905788,0.3862267680194303,0.3835705347477492,-0.0026562332716810744
F47,64,0.3558333333333333,0.39487668733450704,0.03904335400117376,0.386823478219627,0.014875269545420976,0.4429056988450708,0.020897367722817004,0.39387904308617133,0.0030436567802270445,0.3569686330968767,0.00022705995270868586,0.3996144563922484,0.3948766873345069,-0.004737769057741481
F47,65,0.15483333333333335,0.19405765083470927,0.03922431750137592,0.22039557039208205,0.031469873788199376,0.16392555513054397,0.0021821332313305473,0.20809214307950344,0.004260704779693607,0.16139136184409542,0.001311605702152413,0.19442620969346494,0.1940576508347093,-0.000368558858755641
F47,66,0.379125,0.39773616500299375,0.018611165002993757,0.39856908679410036,0.009333161661168177,0.38227382106473334,0.0007557170555360049,0.4528187439547133,0.005895499516377063,0.3922589338495623,0.002626786769912459,0.39976192461092186,0.39773616500299375,-0.0020257596079281126
F47,67,0.16879166666666667,0.16874677967506294,-4.488699160373755e-05,0.16981937369648756,0.0004932993743140245,0.17009929644910626,0.0003138311477855016,0.1933177273745089,0.0019620848566273773,0.15472115481501364,-0.002814102370330607,0.17253335802018302,0.16874677967506294,-0.003786578345120084
F47,68,0.208875,0.20492775838979327,-0.0039472416102067365,0.19983561656174356,-0.004338904050363092,0.20926156406464233,9.277537551415804e-05,0.21001843968601297,9.147517488103718e-05,0.20991205944880606,0.00020741188976121095,0.2056855178657305,0.2049277583897933,-0.000757759475937203
F47,69,0.38812500000000005,0.4358646611764542,0.04773966117645417,0.44601899299522385,0.02778911663770742,0.4292374008899995,0.00986697621359987,0.41307134472761814,0.001995707578209447,0.4285643037346872,0.008087860746937426,0.436190522097736,0.4358646611764542,-0.00032586092128178423
F47,70,0.19441666666666668,0.21631884788919375,0.021902181222527073,0.22575235891072518,0.015041132277148076,0.2197532405280539,0.006080777726732931,0.2053143431501109,0.000871814118675538,0.19395895216651934,-9.154290002946763e-05,0.21291875024025528,0.21631884788919375,0.003400097648938477
F47,71,0.4000416666666667,0.43325705126477027,0.03321538459810358,0.42737529485820946,0.013120141531940533,0.43696414206703027,0.00886139409608726,0.43108031460969126,0.0024830918354419662,0.44379545233983614,0.00875075713463389,0.43986125066842047,0.43325705126477027,-0.006604199403650202
F47,72,0.182125,0.19466534101617775,0.012540341016177736,0.1874331593536724,0.0025479164897627537,0.21076426947480922,0.006873424673954211,0.20765237238506673,0.0020421897908053377,0.18750905030827755,0.0010768100616555087,0.200413846295353,0.19466534101617775,-0.005748505279175253
F47,73,0.4183333333333333,0.4166152538060714,-0.0017180795272618843,0.4135025407022546,-0.002318780462917758,0.41362879894217036,-0.0011290882538791001,0.43318384701583396,0.001188041094600054,0.4210420738080078,0.0005417480949349018,0.4264765193749856,0.4166152538060713,-0.009861265568914312
F47,74,0.2141666666666667,0.3131267326824982,0.09896006601583149,0.3003622631018115,0.04137388628886951,0.3316820108388523,0.02820368260132454,0.3373831803643193,0.009857321095812208,0.31179254681579294,0.019525176029825248,0.3165885966986481,0.3131267326824982,-0.003461864016149896
F47,75,0.194125,0.21215605218176728,0.018031052181767288,0.2164033467364579,0.010693606433499791,0.21454936600632277,0.004901847841517466,0.19829271754094133,0.0003334174032753068,0.20463590251737376,0.0021021805034747544,0.21328676258870327,0.21215605218176728,-0.001130710406935992
F47,76,0.20341666666666666,0.21925234994799006,0.0158356832813234,0.21305290236672683,0.004625393136028881,0.26634400180952983,0.01510256043428716,0.19362697358482983,-0.0007831754465469466,0.1878711924544385,-0.0031090948424456312,0.21881387224600754,0.21925234994799014,0.0004384777019826036
F47,77,0.25829166666666664,0.3032273282646259,0.04493566159795925,0.300792421749885,0.020400362439944822,0.33582340500116503,0.018607617200279612,0.28546908743757027,0.0021741936616722904,0.27705910814697937,0.003753488296062546,0.3089827157536066,0.3032273282646259,-0.00575538748898069
F47,78,0.256375,0.293154283373293,0.036779283373293004,0.2903729112620365,0.016318997405777518,0.34224505102949715,0.02060881224707931,0.2916002358133802,0.002818018865070413,0.24154227427682873,-0.0029665451446342587,0.3046123383321625,0.293154283373293,-0.011458054958869479
F47,79,0.18629166666666666,0.23657758800421966,0.050285921337553,0.21126479680764162,0.011987102467667982,0.2729579477656568,0.020799907463757632,0.23346583113513766,0.0037739331574776804,0.25491655790991524,0.013724978248649718,0.23646929749037218,0.23657758800421966,0.00010829051384747546
F47,80,0.24941666666666665,0.33775376942823243,0.08833710276156578,0.3300266528157882,0.03869279335157834,0.369764866898392,0.02888356805561408,0.3200486121718677,0.005650555640416084,0.32496759523645297,0.015110185713957265,0.3412062560405979,0.33775376942823243,-0.0034524866123654685
F47,81,0.18570833333333334,0.2096543882707599,0.023946054937426575,0.22187535969639274,0.017360172654268514,0.20267815010828497,0.0040727560259883906,0.19981609832670957,0.001128621199470099,0.1926308586218315,0.001384505057699631,0.20740371010485537,0.20965438827076,0.0022506781659046293
F47,83,0.2739166666666667,0.32595700709604,0.05204034042937328,0.33132962788662934,0.027558221385582067,0.33313494209921884,0.014212386103812515,0.32092346820050693,0.003760544122707219,0.30646261075302406,0.006509188817271472,0.3287683822720829,0.32595700709604,-0.0028113751760429073
F47,85,0.19354166666666664,0.20269548074384025,0.009153814077173611,0.2075399625753901,0.006719182036187256,0.20121362957033387,0.0018412710968801348,0.20047140959233686,0.0005543794340536179,0.19373657421692977,3.898151005262696e-05,0.20515951445476252,0.20269548074384028,-0.002464033710922242
F47,86,0.318125,0.2913142575757195,-0.026810742424280498,0.2866751196026243,-0.015095942590740322,0.3400373935168393,0.005258974444041438,0.27770099909576784,-0.003233920072338572,0.2494257289737849,-0.01373985420524302,0.2969739695810672,0.29131425757571955,-0.00565971200534765
F47,87,0.19670833333333335,0.22534780525039685,0.028639471917063508,0.2322958803761971,0.017082022580574608,0.2333466071509156,0.00879318571621974,0.19310698428707096,-0.0002881079237009909,0.21197019105318404,0.0030523715439701397,0.22515996352827883,0.22534780525039685,0.0001878417221180262
F47,88,0.19945833333333332,0.23360098785203953,0.03414265451870621,0.22717326018561912,0.013303164889097182,0.2634610364936948,0.015360648758486752,0.23535662477360622,0.0028718633152218323,0.21249322111283572,0.0026069775559004805,0.23622730272435452,0.23360098785203953,-0.0026263148723149887
F47,89,0.3682083333333333,0.3853440963316419,0.0171357629983086,0.3980722035957455,0.014334657725957864,0.3565229759262716,-0.0028044857776948137,0.3427870249955882,-0.002033704667019607,0.4064048119186591,0.007639295717065165,0.3855545120575818,0.3853440963316419,-0.00021041572593988311
F47,90,0.20099999999999998,0.22152343838708224,0.02052343838708226,0.21940937298296612,0.008836499031823743,0.23713207202705835,0.008671697286494008,0.22159883995434804,0.0016479071963478443,0.20783667436208342,0.0013673348724166868,0.22409944198397946,0.22152343838708224,-0.0025760035968972195
F47,91,0.36779166666666674,0.33841552245414713,-0.029376144212519606,0.31205712726313406,-0.026752578913695684,0.38714699038405626,0.004645277692173484,0.35601060591878114,-0.0009424848598308477,0.33615987601083375,-0.006326358131166599,0.34711303215052086,0.33841552245414713,-0.008697509696373729
F47,92,0.20695833333333336,0.22548015365039956,0.0185218203170662,0.22700483613282144,0.009622321343754278,0.23905833094083104,0.007703999425799444,0.22255907483086015,0.001248059319802144,0.20669553447188518,-5.255977228963427e-05,0.22732276158131984,0.2254801536503996,-0.001842607930920226
F47,93,0.44687499999999997,0.37892790989899755,-0.06794709010100242,0.35569366168405264,-0.043767042391654715,0.42230088382874253,-0.005897787881101783,0.39077379677733565,-0.004488096257813145,0.37790418214783644,-0.013794163570432706,0.38918761244842964,0.37892790989899766,-0.010259702549431982
F47,95,0.6083333333333334,0.5826553034691562,-0.02567802986417722,0.602652891135183,-0.0027266122551121617,0.5615808824549052,-0.011220588210822759,0.548543648041364,-0.00478317482335755,0.5735950604589098,-0.00694765457488471,0.5937181941707022,0.5826553034691562,-0.01106289070154598
F47,96,0.2085,0.24462691300168674,0.036126913001686745,0.2538718819118072,0.021778503317667463,0.25807009488288096,0.011896822771891432,0.22332833602058533,0.001186266881646827,0.2148266001524052,0.0012653200304810432,0.2467144086691541,0.2446269130016868,-0.0020874956674672984
F47,97,0.6187083333333333,0.5938993849822356,-0.024808948351097704,0.628412146051203,0.004657830104577449,0.48631755648253905,-0.03177378644419062,0.5655992805525029,-0.004248724222466436,0.651486994388243,0.006555732210981935,0.6039408724400858,0.5938993849822355,-0.010041487457850273
F47,98,0.218,0.26034039106037715,0.04234039106037715,0.2712673907543171,0.02556834756207221,0.24935973025940214,0.007526335262256514,0.2590433222237193,0.003283465777897543,0.24781121229075428,0.005962242458150857,0.2645467883282708,0.26034039106037715,-0.0042063972678936246
F47,99,0.6459583333333333,0.5676951568095259,-0.07826317652380743,0.5988821968032374,-0.02259654553444603,0.47372504671365423,-0.04133598878872297,0.5826373310651114,-0.005065680181457753,0.5996335232374298,-0.0092649620191807,0.5750048636665338,0.5676951568095259,-0.007309706857007936
F47,100,0.22024999999999997,0.27253495230422503,0.05228495230422506,0.30940497550289087,0.04279438824138763,0.2249117133172717,0.0011188111961452129,0.2331658131990382,0.0010332650559230583,0.25694243905384595,0.007338487810769196,0.27088557353581405,0.27253495230422503,0.0016493787684109806
F47,101,0.6589166666666667,0.6293703412778612,-0.029546325388805528,0.6266579988261237,-0.015484160563460633,0.613411203556767,-0.01092131114637592,0.6462584865633082,-0.0010126544082686806,0.6482756703131655,-0.0021281992707002486,0.6385400236805924,0.6293703412778612,-0.009169682402731194
F47,102,0.21483333333333332,0.29500334438666337,0.08017001105333005,0.30504144404543915,0.0432998931418108,0.28717144583708004,0.01736114700089921,0.2819494242867812,0.005369287276275832,0.2855317515050544,0.014139683634344214,0.29067303290102803,0.29500334438666337,0.004330311485635341
F47,103,0.6706249999999999,0.684085442925932,0.01346044292593207,0.7358146772587331,0.03129104508419191,0.5925819617239546,-0.018730329186250873,0.6554279449998993,-0.0012157644000080482,0.6812024571399946,0.002115491427998939,0.6945266323092394,0.684085442925932,-0.010441189383307403
F47,104,0.21458333333333335,0.2996963400300271,0.08511300669669375,0.3009544774781557,0.041458149189514716,0.31050377381760014,0.02302090571622403,0.3110464188127032,0.007717046838349586,0.27916785809636036,0.012916904952605402,0.3027818315311207,0.2996963400300271,-0.003085491501093607
F47,105,0.6841666666666667,0.5618872420592136,-0.12227942460745311,0.5576824167707926,-0.06071243995001959,0.5981063723942501,-0.020654470625379975,0.574933971005437,-0.008738615652898378,0.5232971747708907,-0.03217389837915521,0.596967007195048,0.5618872420592136,-0.03507976513583444
F47,107,0.22895833333333335,0.30792897959489945,0.07897064626156611,0.322787227669834,0.0450378692815203,0.23989952170345522,0.0026258852088292483,0.30028553083766796,0.005706175800346769,0.3569619131876823,0.025600715970869787,0.30332689922106854,0.30792897959489945,0.004602080373830919
F47,108,0.726625,0.5486618306024089,-0.17796316939759105,0.5776883361656999,-0.07148959864046402,0.4057509923633851,-0.07700976183278757,0.5449499573618194,-0.014534003411054446,0.6519759724335747,-0.014929805513285044,0.5713765284512108,0.5486618306024088,-0.02271469784880198
F47,109,0.231,0.2946513002853114,0.06365130028531138,0.303746283831263,0.03491821623900624,0.2777225073539696,0.011213401764952696,0.3658014518026154,0.010784116144209233,0.2646778306857162,0.00673556613714324,0.31055434869175824,0.2946513002853114,-0.01590304840644685
F47,110,0.7380416666666667,0.517544784089831,-0.22049688257683575,0.5029605788284004,-0.11283892216236782,0.5986595784695461,-0.033451701167308945,0.5184930847633679,-0.01756388655226391,0.4548298031921916,-0.05664237269489503,0.5532270950675029,0.517544784089831,-0.03568231097767194
F47,111,0.236,0.5048104807685051,0.2688104807685051,0.5759255240097578,0.16316425152468375,0.3498478259690894,0.027323478232581463,0.5036756750528056,0.021414054004224452,0.5205434850350771,0.056908697007015424,0.5078321942431144,0.5048104807685051,-0.0030217134746093333
F47,112,0.7764166666666666,0.5806000698451887,-0.1958165968214779,0.6617031127844649,-0.055062505863456825,0.4273854645769701,-0.08376748850152717,0.5594886375120119,-0.017354242332372375,0.578254866046059,-0.039632360124121524,0.5965377986078665,0.5806000698451887,-0.01593772876267774
F47,113,0.2504166666666667,0.30930843511274714,0.05889176844608046,0.3184134123957136,0.03263843794994251,0.314614363053407,0.01540744713281768,0.29063291188575313,0.0032172996175269166,0.28855958539563353,0.007628583745793372,0.3117409996842075,0.3093084351127472,-0.002432564571460294
F47,114,0.7670833333333335,0.9298435858266513,0.16276025249331783,0.9634386426194418,0.094250548457332,0.8520000691970542,0.020380016607292974,0.8048850097511647,0.003024134113426502,0.9926110999096657,0.045105553315266445,0.9145742484599482,0.9298435858266513,0.015269337366703106
F47,116,0.819,0.8431091640622089,0.024109164062208976,0.8186399055746977,-0.00017284532414509,0.8046366512478832,-0.003447203700508021,0.8539910411218172,0.0027992832897453823,0.9436496489855828,0.02492992979711657,0.8482837863956846,0.8431091640622088,-0.005174622333475765
F47,117,0.9079166666666666,0.8799606698756662,-0.02795599679100036,0.8827326557022573,-0.01208832526291644,0.820991139506506,-0.020862126518438533,0.9720511237737813,0.005130756568569179,0.9072351587755939,-0.00013630157821453714,0.8748058243033706,0.8799606698756661,0.005154845572295508
F47,118,0.285625,0.39612931856988753,0.11050431856988752,0.368282679521146,0.039675686170150076,0.474841423104085,0.04541194154498039,0.33538054230915426,0.00398044338473234,0.3928062373501234,0.021436247470024674,0.39707087201726665,0.39612931856988753,-0.0009415534473791176
F47,119,0.921875,0.5932502515298824,-0.3286247484701176,0.5916052327661462,-0.15852948827224983,0.5672713764950442,-0.08510486964118938,0.5777013213431249,-0.027533894292550008,0.6345925186793583,-0.05745649626412835,0.6019539545451232,0.5932502515298824,-0.008703703015240816
F47,120,0.40495833333333336,0.5859736577210808,0.18101532438774742,0.5554741804544984,0.0722476066181592,0.5758501262018402,0.04101403028844163,0.5927217132734989,0.015021070395213242,0.6686214187629997,0.05273261708593328,0.5965930828996929,0.5859736577210808,-0.01061942517861214
F47,121,0.5975416666666666,0.6449475800114434,0.04740591334477673,0.6405860563525136,0.020661307049206563,0.6149468531404955,0.004177244753718918,0.6681206309912858,0.005646317145969535,0.6821468886460756,0.016921044395881803,0.6548999311325462,0.6449475800114434,-0.00995235112110282
F47,122,0.5997916666666666,0.5718108424607239,-0.027980824205942723,0.5358891727529406,-0.0306731970785885,0.5984975524024269,-0.00031058742341754096,0.6676225647461612,0.005426471846359569,0.5876741089151852,-0.0024235115502962757,0.5901413863516606,0.5718108424607239,-0.01833054389093669
F47,123,0.44,0.6287430670689088,0.1887430670689088,0.6362329440359413,0.09419181313725183,0.7301053104907549,0.06962527451778117,0.5608066486058476,0.009664531888467809,0.51630723762704,0.015261447525408001,0.639653184229131,0.6287430670689088,-0.010910117160222166
F47,124,0.47941666666666666,0.6439139960789483,0.16449732941228162,0.6347241507213233,0.07454759234623518,0.7384649708596465,0.062171593006315154,0.6104973230024825,0.010486452506865267,0.5658751244309966,0.017291691552865997,0.6542841974767996,0.6439139960789483,-0.010370201397851275
F47,125,0.671625,0.6154691277264029,-0.056155872273597085,0.5922607973237324,-0.03809481728460847,0.642923553927814,-0.006888347057324652,0.6178336482779717,-0.004303308137762265,0.6372780010304913,-0.006869399793901754,0.6275343176049907,0.6154691277264029,-0.012065189878587734
F47,126,0.496875,0.6357021964798188,0.13882719647981884,0.6847573004784205,0.09018350422964184,0.5367001897044125,0.009558045529058989,0.7486464808047391,0.020141718464379125,0.5915946412836942,0.01894392825673884,0.652117705167104,0.6357021964798188,-0.01641550868728514
F47,127,0.688125,0.6784349158092867,-0.009690084190713266,0.6698572861280189,-0.008768502658550935,0.6837108190504976,-0.0010594034278805786,0.6582081806113824,-0.0023933455510894053,0.7007808372340386,0.0025311674468077253,0.6851269429623984,0.6784349158092867,-0.006692027153111679
F47,128,0.48029166666666673,0.6787385772316247,0.19844691056495795,0.6668897146928292,0.08956706305255799,0.6155892346807872,0.03247141632338891,0.9321016819989797,0.03614480122658504,0.6816098164787955,0.04026362996242575,0.6819559105077667,0.6787385772316243,-0.0032173332761423756
F47,129,0.71075,0.6673754156974739,-0.043374584302526054,0.6387562313061389,-0.034557008973053326,0.6658250848331776,-0.010781979640037376,0.7523439197174216,0.0033275135773937325,0.7039344536658535,-0.0013631092668292988,0.6793518493451135,0.6673754156974737,-0.011976433647639784
F47,130,0.4907916666666667,1.055960824157223,0.5651691574905562,0.9083948281210571,0.20044951749810738,1.3833929642750984,0.21422431142602358,1.0353542425764217,0.0435650060727804,1.0254432791348909,0.10693032249364483,1.035025391705833,1.055960824157223,0.020935432451389957
F47,131,0.70275,0.639887132078639,-0.06286286792136098,0.6283750942994056,-0.03569995473628529,0.6073359855151526,-0.022899363476363382,0.628232350246338,-0.005961411980292964,0.7112393113579035,0.001697862271580708,0.650551109293133,0.639887132078639,-0.01066397721449397
F47,133,0.46658333333333335,0.4586122781944561,-0.007971055138877248,0.4643871762210998,-0.0010541554138720954,0.44917713990276315,-0.004177486423336849,0.40932090683097,-0.0045809941201890685,0.47579123742593704,0.0018415808185207384,0.4616988129520581,0.4586122781944561,-0.003086534757602011
F47,135,0.49066666666666664,0.44974866398693925,-0.040918002679727394,0.44733303701195765,-0.020800142234260317,0.4650431830165828,-0.006149636076020117,0.4248999877592295,-0.005261334312594972,0.4471322163824067,-0.00870689005685199,0.45092576877261786,0.44974866398693925,-0.0011771047856786176
F47,137,0.511375,0.4311291214478145,-0.08024587855218551,0.4163980366437963,-0.04558894241097777,0.46726819086211163,-0.010585634193093213,0.3915673654036545,-0.009584610767707643,0.43894154409796543,-0.01448669118040692,0.4353284451385438,0.4311291214478145,-0.004199323690729284
F47,140,0.4033333333333333,0.45850785422984236,0.05517452089650904,0.45614816542412506,0.025351119403580036,0.47656087358772314,0.017574609661053557,0.4417920523869447,0.0030766975242889094,0.44919380487126587,0.009172094307586509,0.46051356808314675,0.45850785422984236,-0.0020057138533043917
F47,144,0.409875,0.4382355705666339,0.028360570566633936,0.4387034342506719,0.013837648440322505,0.44756646015978535,0.009045950438348486,0.4040517251672983,-0.000465861986616134,0.43958916837289536,0.005942833674579074,0.441758514466442,0.4382355705666339,-0.003522943899808062
F47,146,0.6999999999999998,0.8346631135753944,0.1346631135753945,0.8498003447279316,0.07190416546940726,0.7755233807592589,0.018125611382222163,0.7623011046883231,0.004984088375065863,0.8982462417434958,0.039649248348699186,0.8405181539595811,0.8346631135753944,-0.005855040384186716
F47,148,0.4057083333333333,0.4296549911473848,0.02394665781405153,0.440544009709279,0.016721124660453935,0.4561281683011291,0.012100760392271,0.2902492770419758,-0.0092367245033086,0.4275158196565094,0.004361497264635228,0.4276524101169077,0.4296549911473848,0.002002581030477124
F47,149,0.6973333333333334,0.7690688312579886,0.07173549792465528,0.7525171977452922,0.02648825491774026,0.8017818719261478,0.025067649262275466,0.7947260683426106,0.0077914188007421805,0.7592742080528202,0.012388174943897368,0.7738953921174668,0.7690688312579886,-0.004826560859478191
F47,150,0.4267916666666667,0.5657935034068798,0.13900183674021316,0.6543623799741107,0.10923394238757314,0.506087960722177,0.019031110573322473,0.44769034190008306,0.00167189401867331,0.47211611546988763,0.009064889760644191,0.5455847208227272,0.5657935034068798,0.020208782584152596
F47,152,0.4427083333333333,0.7374255901965396,0.2947172568632063,0.7530584186004975,0.1489680409282388,0.6990756511808863,0.06152815628341272,0.6797346792175393,0.018962107670736476,0.7690030932374246,0.06525895198081826,0.7379660493481498,0.7374255901965395,-0.000540459151610273
F47,153,0.8378333333333332,0.7945666827583621,-0.043266650574971144,0.7776178788814404,-0.028903418136908544,0.8298644197970253,-0.001912539248713898,0.7597632790833564,-0.006245604339998145,0.806807889086581,-0.006205088849350449,0.8119867884416498,0.7945666827583621,-0.01742010568328778
F47,155,0.41566666666666663,0.5051340764054605,0.08946740973879386,0.5102163125475014,0.045383830022800706,0.46541113627487896,0.011938672705970958,0.37160194848505235,-0.0035251774545291426,0.5940170889894228,0.03567008446455124,0.50854599427231,0.5051340764054605,-0.0034119178668494676
F47,156,0.83225,0.7532273016633605,-0.07902269833663955,0.7770670874476845,-0.026487798025111465,0.6611615235938825,-0.041061234337468215,0.7826730099409076,-0.003966159204727395,0.7947124661533377,-0.007507506769332473,0.7670522599948678,0.7532273016633605,-0.01382495833150732
F47,158,0.410125,0.4499951634088619,0.0398701634088619,0.4389762762449249,0.01384861259756395,0.45097683062923277,0.00980443935101586,0.47113236805183795,0.0048805894441470345,0.4668076100806749,0.011336522016134977,0.45321596777387124,0.44999516340886175,-0.0032208043650094886
F47,159,0.721,0.7737665862449111,0.05276658624491115,0.7277733135580141,0.003251190507846786,0.7567036131864087,0.008568867164738085,0.8650278539113799,0.011522228312910396,0.8681215012970794,0.029424300259415892,0.794273095328311,0.7737665862449111,-0.020506509083399904
F47,160,0.6937083333333334,0.7521109279666721,0.058402594633338745,0.7310064672626027,0.017903104286049257,0.7443063099727082,0.012143514393449956,1.075301929046027,0.030527487657015497,0.6828507748174543,-0.0021715117031758215,0.7651612944608143,0.7521109279666721,-0.013050366494142152
F47,161,0.646,1.1354842132245515,0.4894842132245515,1.3905786981239237,0.35739777509948334,0.6580028432043417,0.0028806823690419934,1.0999000342477117,0.03631200273981693,1.1104687650810454,0.09289375301620909,1.1321637312889719,1.1354842132245513,0.0033204819355794335
F47,163,0.56975,0.7438494261240859,0.1740994261240859,0.7993284224913962,0.1101976427958702,0.6633613755932019,0.022466730142368448,0.791279618839961,0.017722369507196883,0.6883134183932521,0.023712683678650426,0.7492042483067428,0.7438494261240859,-0.0053548221826569264
F47,165,0.487875,0.4453533361034732,-0.042521663896526785,0.45131045299530625,-0.017550982562252997,0.43183573847579476,-0.013449422765809257,0.42617761279627203,-0.004935790976298238,0.45494766203916875,-0.00658546759216625,0.44669796200686435,0.44535333610347333,-0.0013446259033910168
F47,166,0.6535,0.7266209201308053,0.07312092013080529,0.7986644538004825,0.0696789378242316,0.6125075364229833,-0.009838191258484006,0.7839268159764137,0.010434145278113096,0.667730141434722,0.0028460282869444023,0.7584029138446926,0.726620920130805,-0.03178199371388757
F47,167,0.459625,0.42969675835333215,-0.029928241646667852,0.42160984040823973,-0.01824727660404493,0.4323400679152754,-0.006548383700333904,0.39214797335230184,-0.005398162131815854,0.46095290394763433,0.0002655807895268647,0.4315870833298117,0.42969675835333215,-0.0018903249764795627
F47,168,0.7826249999999999,0.7192388294688407,-0.06338617053115925,0.7266693699409691,-0.02685870242833479,0.6347552852556994,-0.03548873153863213,0.7670700405351382,-0.0012443967571889392,0.7836533009649825,0.0002056601929965263,0.7365244186516186,0.7192388294688407,-0.017285589182777894
F47,169,0.4135416666666667,0.43480464242990374,0.021262975763237046,0.4187929718214492,0.0025206264742956017,0.4433667243587293,0.007158013846095028,0.4298583444787092,0.0013053342249633993,0.46493667275608197,0.010279001217883055,0.4360301684667364,0.43480464242990374,-0.0012255260368326804
F47,170,0.7702083333333333,0.7518788127511447,-0.01832952058218862,0.7509571349111631,-0.009240575242641675,0.7362856044417095,-0.008141454933989696,0.6542400134952241,-0.009277465587048735,0.8118582092407906,0.008329975181491455,0.7525824341709025,0.7518788127511447,-0.0007036214197578827
F47,171,0.8664999999999999,0.8889469682428262,0.022446968242826215,0.8239450784061294,-0.020426362365057855,1.1068655263223164,0.05768772631735594,0.8064570845759272,-0.0048034332339258155,0.8164451876222696,-0.010010962475546071,0.9290036965543389,0.8889469682428262,-0.040056728311512746
F47,173,0.9253333333333332,0.8253303209608553,-0.10000301237247788,0.8328918135561718,-0.044371929493037476,0.8275295211225872,-0.02347291493057906,0.6941741139130304,-0.018492737553624225,0.8570061813571467,-0.013665430395237311,0.8319432380217971,0.8253303209608553,-0.006612917060941803
F47,175,0.40491666666666665,0.46661608912541314,0.06169942245874649,0.4562784315454416,0.024653647141811987,0.4379673765544569,0.007932170373069657,0.4298741430760255,0.001996598112748709,0.5405017008222474,0.027117006831116144,0.474665079507589,0.46661608912541314,-0.00804899038217588
F47,176,0.9803333333333333,0.8872377820562857,-0.0930955512770476,0.8741155896252759,-0.050984516979867535,0.8700398265016972,-0.026470441639592657,0.8130895095827059,-0.013379505900050192,0.9690278995456468,-0.0022610867575372897,0.9067547169176354,0.8872377820562857,-0.019516934861349755
F47,178,0.3057916666666667,0.7569301543297643,0.4511384876630976,0.8108375997233859,0.2424220478672252,0.6622460314326052,0.08554904754382524,0.9919516299290173,0.05489279706098805,0.6471646426219616,0.06827459519105898,0.7621449709974882,0.7569301543297641,-0.005214816667724165
F47,179,0.248,0.22946638552116694,-0.01853361447883306,0.22458534152078638,-0.011239036070022536,0.24183194214873358,-0.0014803338843039414,0.24214750811286423,-0.0004681993509708615,0.22126977413232132,-0.005346045173535735,0.22660379022226848,0.22946638552116694,0.002862595298898457
F47,180,0.20129166666666667,0.23340283619422367,0.03211116952755699,0.22516993076318034,0.01146156676632656,0.24846536205258743,0.011321686892620982,0.24296209786094636,0.0033336344955423747,0.23126307353200226,0.005994281373067118,0.23199150541536442,0.23340283619422367,0.0014113307788592433
F47,191,0.29050000000000004,0.4493941402517394,0.15889414025173937,0.49254415234258747,0.09698119312444196,0.4035894471336503,0.027141467312076062,0.38705411912559873,0.007724329530047896,0.42573575142586756,0.027047150285173505,0.441425596541048,0.4493941402517394,0.00796854371069139
F47,192,0.14441666666666667,0.15557335461252683,0.011156687945860166,0.15294265419759423,0.0040924740148452305,0.15369369318891993,0.002226486365340783,0.19415235781227078,0.003978855291648329,0.14871102803679587,0.0008588722740258403,0.15731364246383184,0.15557335461252686,-0.001740287851304978
F47,193,0.381,0.34663347546451506,-0.034366524535484944,0.39365897622147106,0.006076308586306105,0.34601349531488984,-0.008396761124426439,0.3296940146240801,-0.004104478830073592,0.24129203416354517,-0.02794159316729097,0.34796772047836894,0.34663347546451506,-0.0013342450138538742
F47,194,0.253375,0.2500867330787924,-0.0032882669212075943,0.255813319725553,0.0011703934682654271,0.23366253185056807,-0.004730992355863667,0.2538517121159906,3.81369692792477e-05,0.25454597498555714,0.00023419499711142545,0.25087420265680865,0.2500867330787924,-0.0007874695780162311
F47,195,0.19183333333333333,0.20017732697152482,0.008343993638191494,0.21736265020182524,0.012254072096876118,0.175146145804024,-0.004004925007034241,0.20446912156458175,0.0010108630584998734,0.18725325078258215,-0.000916016510150236,0.20231516276373104,0.20017732697152482,-0.002137835792206222
F47,196,0.18425000000000002,0.24593962449868909,0.06168962449868906,0.27596751004493786,0.044024404821570155,0.1972494553118589,0.0031198692748461276,0.20881919843418997,0.0019655358747351958,0.24714907263768793,0.012579814527537581,0.23719964597519996,0.24593962449868909,0.008739978523489123
F47,209,0.6549583333333334,0.4654860562459507,-0.18947227708738273,0.4483677474132242,-0.09916348124165242,0.42884176233043697,-0.054267977040695144,0.4658850502568204,-0.01512586264612104,0.5503835525387628,-0.020914956158914123,0.4653051721323583,0.4654860562459507,0.00018088411359240553
F47,210,0.51825,0.5261221913042083,0.007872191304208354,0.5120143755706964,-0.0029930997260657222,0.4972857285272809,-0.005031425153452575,0.5175611911096594,-5.510471122724958e-05,0.5980091044747691,0.015951820894953818,0.5274775935305621,0.5261221913042082,-0.0013554022263538856
F47,212,0.521125,0.3888382293164477,-0.13228677068355227,0.40077005404698857,-0.057770374057445464,0.38556128645988424,-0.03253529124962777,0.35335355670713525,-0.013421715463429176,0.37832805043475054,-0.028559389913049883,0.3926007989803659,0.3888382293164477,-0.0037625696639181916
F47,214,0.5314583333333333,0.4007596047504974,-0.13069872858283588,0.38691775376120185,-0.06937947819462308,0.47577658088036623,-0.013363620588712086,0.4021043525982863,-0.010348318458803756,0.34342177662984846,-0.03760731134069696,0.4028956385781015,0.4007596047504974,-0.0021360338276041335
F47,215,0.70525,0.640990862748715,-0.06425913725128507,0.6224291720869629,-0.03975399739825782,0.6590586910139479,-0.011085914156652521,0.6180842064109201,-0.006973263487126395,0.6730201889537577,-0.006445962209248469,0.6531393821918501,0.640990862748715,-0.012148519443135108
F47,216,0.5559583333333333,0.8606797470986627,0.30472141376532935,1.0614758223923058,0.24264839474830677,0.5711188875607448,0.003638533014578753,0.8366511985888718,0.02245542922044308,0.7358536172433365,0.03597905678200064,0.8588752994067209,0.8606797470986626,0.0018044476919416574
F47,230,0.460875,0.42603827315597326,-0.03483672684402672,0.42688279217852276,-0.016316259754309063,0.45237152343866976,-0.0020408343747192513,0.3761525801306404,-0.006777793589548766,0.41236580437275183,-0.00970183912544963,0.4259023378542346,0.42603827315597326,0.00013593530173866553
F47,239,0.433875,0.6269005545732768,0.19302555457327675,0.5806571509807038,0.07045543247073782,0.6456120584812154,0.05081689403549169,0.6189504600790335,0.014806036806322682,0.7186109563036225,0.0569471912607245,0.5916291647935332,0.6269005545732768,0.035271389779743534
F47,240,0.4725833333333333,0.4652362020007465,-0.007347131332586798,0.4575440086329159,-0.007218875856200357,0.48573200557754886,0.0031556813386117355,0.3984434927985315,-0.005931187242784146,0.4858195854722631,0.002647250427785963,0.46204896890729047,0.4652362020007465,0.0031872330934560322
F47,241,0.65225,0.9239828945461107,0.2717328945461107,0.7648898658695528,0.054067135617385326,1.3082940557386256,0.15745057337727014,0.8765468322159538,0.0179437465772763,0.8636071948708947,0.04227143897417893,0.9257169696136357,0.9239828945461107,-0.0017340750675249872
F47,242,0.7242083333333333,0.828933501950217,0.10472516861688363,0.6074781339735372,-0.05603049569270213,1.2886876010010213,0.1354750242402451,0.8494177562698576,0.01001675383492194,0.8005277645054267,0.015263886234418678,0.8125401990134824,0.828933501950217,0.016393302936734577
F47,243,0.44900000000000007,0.4749458740512349,0.02594587405123483,0.48314158310682465,0.016387959891275797,0.4558850934106176,0.0016524224185482117,0.42030963693091916,-0.0022952290455264725,0.5000036039346865,0.01020072078693728,0.4635303332266069,0.4749458740512349,0.011415540824627979
