farm,day,n,fold,ymean,ystd,ymin,ymax,pmean,bias,sse,mae,sse_day,sse_shape,mse,ventzero,closed,ordinary,phase,out_temp_mean,out_temp_std,out_temp_min,out_temp_max,out_temp_missing,out_temp_night,out_temp_daytime,out_hum_mean,out_hum_std,out_hum_min,out_hum_max,out_hum_missing,out_hum_night,out_hum_daytime,out_rad_mean,out_rad_std,out_rad_min,out_rad_max,out_rad_missing,out_rad_night,out_rad_daytime,out_wspd_mean,out_wspd_std,out_wspd_min,out_wspd_max,out_wspd_missing,out_wspd_night,out_wspd_daytime,in_temp_mean,in_temp_std,in_temp_min,in_temp_max,in_temp_missing,in_temp_night,in_temp_daytime,in_hum_mean,in_hum_std,in_hum_min,in_hum_max,in_hum_missing,in_hum_night,in_hum_daytime,in_co2_mean,in_co2_std,in_co2_min,in_co2_max,in_co2_missing,in_co2_night,in_co2_daytime,act_vent_mean,act_vent_std,act_vent_min,act_vent_max,act_vent_missing,act_vent_night,act_vent_daytime,act_vent_zero,act_vent_switch,act_shade_mean,act_shade_std,act_shade_min,act_shade_max,act_shade_missing,act_shade_night,act_shade_daytime,act_shade_zero,act_shade_switch,act_thermal_mean,act_thermal_std,act_thermal_min,act_thermal_max,act_thermal_missing,act_thermal_night,act_thermal_daytime,act_thermal_zero,act_thermal_switch,act_heating_mean,act_heating_std,act_heating_min,act_heating_max,act_heating_missing,act_heating_night,act_heating_daytime,act_heating_zero,act_heating_switch,act_circfan_mean,act_circfan_std,act_circfan_min,act_circfan_max,act_circfan_missing,act_circfan_night,act_circfan_daytime,act_circfan_zero,act_circfan_switch,act_co2_mean,act_co2_std,act_co2_min,act_co2_max,act_co2_missing,act_co2_night,act_co2_daytime,act_co2_zero,act_co2_switch,act_fog_mean,act_fog_std,act_fog_min,act_fog_max,act_fog_missing,act_fog_night,act_fog_daytime,act_fog_zero,act_fog_switch,group,yband,tempband,humband,heatband,fanband,type,fanlow,success,severe
F13,76,24,3,0.5653333333333334,0.026589744127268704,0.528,0.607,0.49957580151004594,-0.0657575318232874,0.11661841448224934,0.06575753182328742,0.10377727179577573,0.012841142686473614,0.004859100603427056,0.9166666666666666,True,True,0,6.9624999999999995,1.7539551578225068,4.3,10.4,0.0,5.716666666666666,8.683333333333334,55.083333333333336,7.71174523002113,42.0,74.0,0.0,56.333333333333336,46.166666666666664,103.875,165.33452584013602,4.0,522.0,0.0,4.0,350.3333333333333,1.6041666666666667,0.6956255656143124,0.4,2.8,0.0,1.8333333333333333,1.8666666666666665,12.75,4.286480262812168,9.4,23.3,0.0,10.016666666666667,18.8,68.54166666666667,13.564593189837915,40.0,80.0,0.0,79.0,51.166666666666664,403.7083333333333,40.57251068381651,375.0,502.0,0.0,376.5,428.3333333333333,3.4583333333333335,11.872434886952531,0.0,48.0,0.0,0.0,13.833333333333334,0.9166666666666666,3.0,47.166666666666664,46.30021754730247,0.0,100.0,0.0,0.0,84.0,0.3333333333333333,11.0,30.083333333333332,44.32480576152705,0.0,100.0,0.0,0.0,93.16666666666667,0.6666666666666666,7.0,0.0,0.0,0.0,0.0,0.0,0.0,0.0,1.0,0.0,0.0,0.0,0.0,0.0,0.0,0.0,0.0,1.0,0.0,4.458333333333333,10.53763097981072,0.0,38.0,0.0,0.0,14.0,0.8333333333333334,7.0,0.9166666666666666,3.188521078284832,0.0,15.0,0.0,0.0,3.6666666666666665,0.875,4.0,closed,"[0.4, 0.6)","[12.0, 14.0)","[60.0, 75.0)",noheat,fan<10,within.1,True,True,False
F13,78,24,4,0.5759583333333333,0.020745830731827102,0.547,0.609,0.5454472634568192,-0.030511069876514186,0.026324913036145328,0.030511069876514186,0.022342209240228755,0.003982703795916573,0.0010968713765060554,0.8333333333333334,True,True,0,8.008333333333333,2.390364110279048,4.3,12.6,0.0,6.6000000000000005,11.116666666666667,61.666666666666664,12.879598517462197,42.0,78.0,0.0,74.0,44.5,109.95833333333333,175.30854270379277,4.0,521.0,0.0,4.0,380.0,1.0125,0.564386931719412,0.2,2.2,0.0,0.6666666666666666,1.7,13.054166666666667,4.638026113756159,8.6,24.3,0.0,10.133333333333333,20.283333333333335,69.33333333333333,15.788456616111676,41.0,84.0,0.0,83.0,46.333333333333336,407.125,43.51442789216708,377.0,577.0,0.0,391.1666666666667,427.1666666666667,5.75,15.007968897715061,0.0,50.0,0.0,0.0,23.0,0.8333333333333334,5.0,54.916666666666664,48.728990270203866,0.0,100.0,0.0,0.0,100.0,0.4166666666666667,4.0,31.958333333333332,46.271861265001384,0.0,100.0,0.0,0.0,100.0,0.625,4.0,0.0,0.0,0.0,0.0,0.0,0.0,0.0,1.0,0.0,0.0,0.0,0.0,0.0,0.0,0.0,0.0,1.0,0.0,6.625,14.2243285162826,0.0,43.0,0.0,0.0,21.0,0.7916666666666666,7.0,1.0,2.750494026771254,0.0,12.0,0.0,0.0,4.0,0.8333333333333334,4.0,closed,"[0.4, 0.6)","[12.0, 14.0)","[60.0, 75.0)",noheat,fan<10,within.1,True,True,False
F13,80,24,4,0.5730833333333333,0.021679316262815794,0.544,0.603,0.5089480353048207,-0.06413529802851263,0.10792085089519396,0.06413529802851263,0.09872007487694727,0.00920077601824669,0.004496702120633082,0.8333333333333334,True,True,0,10.25,4.002716468903935,3.9,16.8,0.0,5.666666666666667,15.800000000000002,66.29166666666667,10.646408525542949,46.0,81.0,0.0,73.5,51.666666666666664,109.45833333333333,151.08735715722088,4.0,451.0,0.0,4.166666666666667,329.6666666666667,1.3499999999999999,0.924074154750722,0.3,3.9,0.0,1.3499999999999999,2.433333333333333,13.975,4.791772840663645,9.5,24.9,0.0,10.15,21.416666666666668,71.125,14.380882539284425,44.0,86.0,0.0,80.5,50.0,399.9583333333333,36.97999361190091,362.0,541.0,0.0,398.5,435.0,6.666666666666667,15.799467978568048,0.0,50.0,0.0,0.0,26.666666666666668,0.8333333333333334,4.0,58.083333333333336,48.4946583043738,0.0,100.0,0.0,0.0,96.83333333333333,0.375,6.0,32.166666666666664,44.31965573036382,0.0,100.0,0.0,0.0,94.83333333333333,0.625,6.0,1.125,5.5113519212621505,0.0,27.0,0.0,4.5,0.0,0.9583333333333334,1.0,0.0,0.0,0.0,0.0,0.0,0.0,0.0,1.0,0.0,9.875,22.695168035815755,0.0,77.0,0.0,0.0,39.166666666666664,0.75,7.0,0.0,0.0,0.0,0.0,0.0,0.0,0.0,1.0,0.0,closed,"[0.4, 0.6)","[12.0, 14.0)","[60.0, 75.0)",heat,fan<10,within.1,True,True,False
F13,84,24,5,0.5364166666666667,0.02764828269950746,0.496,0.579,0.5440203789441639,0.007603712277497223,0.006468800809195752,0.013875156546319203,0.0013875945695750879,0.005081206239620665,0.000269533367049823,0.8333333333333334,True,True,0,10.4,4.535272390074703,4.9,17.6,0.0,5.3999999999999995,16.5,69.04166666666667,12.678222227133416,47.0,82.0,0.0,80.5,50.666666666666664,115.20833333333333,168.39910646428922,4.0,483.0,0.0,4.166666666666667,380.0,1.7958333333333334,0.9129403841037685,0.7,4.1,0.0,1.2166666666666666,2.983333333333333,14.395833333333334,5.419809010485972,9.1,24.6,0.0,9.566666666666666,22.366666666666664,72.79166666666667,14.98689040655103,44.0,86.0,0.0,82.33333333333333,50.666666666666664,409.4583333333333,46.86797290323076,358.0,589.0,0.0,410.0,444.0,7.833333333333333,19.132641506454167,0.0,63.0,0.0,0.0,31.333333333333332,0.8333333333333334,4.0,68.70833333333333,46.20415863710017,0.0,100.0,0.0,0.0,100.0,0.2916666666666667,2.0,35.125,46.91649612551701,0.0,100.0,0.0,0.0,100.0,0.625,4.0,0.9166666666666666,4.490731195102493,0.0,22.0,0.0,3.6666666666666665,0.0,0.9583333333333334,2.0,0.0,0.0,0.0,0.0,0.0,0.0,0.0,1.0,0.0,11.083333333333334,25.549468924399207,0.0,100.0,0.0,0.0,37.333333333333336,0.7916666666666666,7.0,0.16666666666666666,0.5646597025732799,0.0,2.0,0.0,0.0,0.6666666666666666,0.9166666666666666,2.0,closed,"[0.4, 0.6)","[14.0, 16.0)","[60.0, 75.0)",heat,fan<10,within.1,True,True,False
F13,86,24,5,0.556875,0.023953419470877757,0.524,0.593,0.5132659331983785,-0.043609066801621445,0.0483219123533784,0.043609066801621445,0.045642016975398755,0.0026798953779796422,0.0020134130147241,0.8333333333333334,True,True,0,13.637500000000001,3.668646533982845,9.8,19.9,0.0,10.916666666666666,19.183333333333334,69.54166666666667,11.978165522122419,46.0,86.0,0.0,74.33333333333333,51.666666666666664,109.08333333333333,160.12438552756325,4.0,448.0,0.0,5.0,353.6666666666667,2.029166666666667,1.2543763968313244,0.4,5.0,0.0,1.9833333333333334,3.516666666666667,16.2875,5.00480747143054,11.9,24.6,0.0,12.450000000000001,24.066666666666666,74.45833333333333,16.82384220880196,44.0,89.0,0.0,87.66666666666667,49.166666666666664,399.7916666666667,34.60708543519434,368.0,499.0,0.0,376.5,404.5,8.708333333333334,20.45669692974314,0.0,62.0,0.0,0.0,34.833333333333336,0.8333333333333334,4.0,69.0,45.69559012116748,0.0,100.0,0.0,1.5,100.0,0.25,3.0,43.583333333333336,49.442911011340776,0.0,100.0,0.0,0.0,100.0,0.5,5.0,0.0,0.0,0.0,0.0,0.0,0.0,0.0,1.0,0.0,0.08333333333333333,0.40824829046386296,0.0,2.0,0.0,0.0,0.0,0.9583333333333334,2.0,13.958333333333334,31.62755975777904,0.0,100.0,0.0,0.0,52.0,0.7916666666666666,6.0,0.08333333333333333,0.408248290463863,0.0,2.0,0.0,0.0,0.3333333333333333,0.9583333333333334,2.0,closed,"[0.4, 0.6)","[16.0, 18.0)","[60.0, 75.0)",noheat,fan<10,within.1,True,True,False
F13,88,24,6,0.5509166666666667,0.011853880915279266,0.529,0.568,0.4977127553889551,-0.053203911277711576,0.06971731110512645,0.053203911277711576,0.06793574820591852,0.0017815628992079308,0.002904887962713602,1.0,True,True,0,9.754166666666666,0.9122257380174325,7.9,11.5,0.0,8.733333333333333,11.0,78.91666666666667,9.912296564792936,67.0,93.0,0.0,87.33333333333333,75.0,45.583333333333336,68.7692529036599,4.0,228.0,0.0,4.833333333333333,150.5,1.5041666666666667,0.7832369660119064,0.3,3.1,0.0,1.1166666666666667,2.25,12.883333333333333,1.6841116008323114,11.5,17.0,0.0,11.799999999999999,15.516666666666666,75.0,13.207376068269411,47.0,89.0,0.0,85.83333333333333,54.666666666666664,396.4166666666667,28.752189582657937,359.0,440.0,0.0,411.5,403.1666666666667,0.0,0.0,0.0,0.0,0.0,0.0,0.0,1.0,0.0,69.33333333333333,45.557099066581486,0.0,100.0,0.0,1.5,100.0,0.25,3.0,41.791666666666664,48.197040470810315,0.0,100.0,0.0,0.0,100.0,0.5416666666666666,4.0,0.0,0.0,0.0,0.0,0.0,0.0,0.0,1.0,0.0,1.25,4.326360052555477,0.0,18.0,0.0,0.0,0.0,0.9166666666666666,3.0,1.125,5.5113519212621505,0.0,27.0,0.0,0.0,4.5,0.9583333333333334,2.0,0.0,0.0,0.0,0.0,0.0,0.0,0.0,1.0,0.0,closed,"[0.4, 0.6)","[12.0, 14.0)","[75.0, 85.0)",noheat,fan<10,within.1,True,True,False
F13,93,24,7,0.3935416666666667,0.024037975691857207,0.353,0.43,0.48090929815444144,0.08736763148777481,0.19118563412350184,0.08736763148777482,0.1831944727628069,0.007991161360694943,0.007966068088479243,0.8333333333333334,True,True,0,7.779166666666666,5.427144270013119,-0.3,15.9,0.0,0.5166666666666667,12.066666666666668,68.29166666666667,10.72777446293201,48.0,81.0,0.0,79.5,55.166666666666664,51.708333333333336,63.48808800744105,4.0,183.0,0.0,4.333333333333333,148.83333333333334,1.7208333333333332,1.0814560099464403,0.2,3.9,0.0,0.5333333333333333,3.1333333333333333,14.3125,5.390919297259533,7.8,24.1,0.0,10.216666666666667,22.2,64.375,13.470781585406957,42.0,87.0,0.0,63.666666666666664,47.0,382.6666666666667,28.83636994984039,337.0,447.0,0.0,397.5,391.3333333333333,6.375,17.717131233087223,0.0,63.0,0.0,0.0,25.5,0.8333333333333334,5.0,68.375,46.38104232287716,0.0,100.0,0.0,0.0,100.0,0.2916666666666667,2.0,32.708333333333336,46.7095364684927,0.0,100.0,0.0,0.0,100.0,0.625,4.0,10.833333333333334,18.334255576276664,0.0,58.0,0.0,33.666666666666664,0.0,0.7083333333333334,7.0,0.0,0.0,0.0,0.0,0.0,0.0,0.0,1.0,0.0,4.083333333333333,9.960428952988734,0.0,38.0,0.0,0.0,16.333333333333332,0.8333333333333334,6.0,0.5,1.2510864843424485,0.0,5.0,0.0,0.0,2.0,0.8333333333333334,4.0,closed,"[0.2, 0.4)","[14.0, 16.0)","[60.0, 75.0)",heat,fan<10,within.1,True,True,False
F13,98,24,8,0.39937500000000004,0.02889081770781307,0.36400000000000005,0.448,0.40799241636625255,0.008617416366252547,0.01545328868734022,0.02263858203402565,0.0017822367559045742,0.013671051931435646,0.0006438870286391759,1.0,True,True,0,5.383333333333333,2.5319981225809833,2.2,9.4,0.0,3.4666666666666663,9.033333333333333,52.0,14.896746070140987,30.0,75.0,0.0,71.33333333333333,33.833333333333336,115.45833333333333,160.5764017441587,4.0,446.0,0.0,4.333333333333333,360.5,1.8791666666666667,0.925944484516106,0.5,3.2,0.0,0.7999999999999999,2.9333333333333336,12.904166666666667,4.609958895097954,7.9,21.4,0.0,9.766666666666667,19.833333333333332,65.45833333333333,10.400581784173196,44.0,80.0,0.0,71.16666666666667,51.833333333333336,396.0833333333333,32.59490046359834,360.0,479.0,0.0,385.3333333333333,434.3333333333333,0.0,0.0,0.0,0.0,0.0,0.0,0.0,1.0,0.0,53.125,48.9376822002272,0.0,100.0,0.0,0.0,100.0,0.4166666666666667,4.0,32.0,45.937575791123514,0.0,100.0,0.0,0.0,100.0,0.625,4.0,4.625,9.920608764630806,0.0,32.0,0.0,14.833333333333334,0.0,0.7916666666666666,6.0,0.0,0.0,0.0,0.0,0.0,0.0,0.0,1.0,0.0,2.7083333333333335,6.75328690771916,0.0,25.0,0.0,0.0,7.5,0.8333333333333334,7.0,0.5,1.2510864843424485,0.0,5.0,0.0,0.0,2.0,0.8333333333333334,5.0,closed,"[0.2, 0.4)","[12.0, 14.0)","[60.0, 75.0)",heat,fan<10,within.1,True,True,False
F13,100,24,8,0.4057916666666667,0.02805426289651301,0.375,0.456,0.35827910559471726,-0.04751256107194942,0.06237687494126376,0.04751256107194941,0.054178643030777365,0.008198231910486395,0.00259903645588599,1.0,True,True,0,1.3166666666666667,1.7244196671361056,-1.9,4.6,0.0,1.3,3.5666666666666664,50.625,10.012220793479901,35.0,65.0,0.0,59.833333333333336,36.5,127.54166666666667,176.44138801822294,4.0,503.0,0.0,4.0,393.5,2.1416666666666666,0.7546474366372605,0.9,4.3,0.0,2.9,1.8666666666666665,11.591666666666667,4.543022999172963,5.9,20.6,0.0,10.216666666666667,18.783333333333335,57.75,8.210544651742714,43.0,69.0,0.0,62.833333333333336,45.5,381.8333333333333,41.02032016777377,351.0,483.0,0.0,354.1666666666667,411.6666666666667,0.0,0.0,0.0,0.0,0.0,0.0,0.0,1.0,0.0,53.041666666666664,48.96980362087096,0.0,100.0,0.0,0.0,100.0,0.4166666666666667,4.0,31.791666666666668,46.033994212846736,0.0,100.0,0.0,0.0,100.0,0.625,4.0,14.25,16.540464217238256,0.0,53.0,0.0,27.333333333333332,0.0,0.5,10.0,0.0,0.0,0.0,0.0,0.0,0.0,0.0,1.0,0.0,3.3333333333333335,9.092121131323903,0.0,30.0,0.0,0.0,8.333333333333334,0.875,6.0,0.625,1.7891581697887247,0.0,7.0,0.0,0.0,2.5,0.875,4.0,closed,"[0.4, 0.6)","[-inf, 12.0)","[-inf, 60.0)",heat,fan<10,within.1,True,True,False
F13,102,24,8,0.38608333333333333,0.041070370856845714,0.316,0.494,0.36868214429528073,-0.01740118903805259,0.049805487015469864,0.03724268787219528,0.007267233118512998,0.04253825389695687,0.0020752286256445775,1.0,True,True,0,2.5083333333333333,2.581694197138041,-1.0,6.0,0.0,-0.5499999999999999,5.116666666666666,59.625,8.053152231863322,47.0,74.0,0.0,63.5,48.833333333333336,113.75,173.2475609966973,2.0,485.0,0.0,3.6666666666666665,386.6666666666667,1.6708333333333334,0.5103103630798288,0.7,3.2,0.0,1.5333333333333332,1.7166666666666668,12.112499999999999,4.9938494779774505,7.3,22.9,0.0,10.216666666666667,19.733333333333334,60.083333333333336,11.178071182557337,42.0,79.0,0.0,57.5,46.5,382.125,41.1596177148766,352.0,490.0,0.0,352.8333333333333,406.6666666666667,0.0,0.0,0.0,0.0,0.0,0.0,0.0,1.0,0.0,53.791666666666664,48.52608367776498,0.0,100.0,0.0,0.0,100.0,0.375,6.0,29.416666666666668,44.15970686208104,0.0,100.0,0.0,0.0,92.0,0.6666666666666666,4.0,12.458333333333334,19.595871718446137,0.0,60.0,0.0,36.5,0.0,0.6666666666666666,8.0,0.0,0.0,0.0,0.0,0.0,0.0,0.0,1.0,0.0,2.7083333333333335,6.577161847713229,0.0,23.0,0.0,0.0,7.0,0.8333333333333334,6.0,0.25,0.8469895538599199,0.0,3.0,0.0,0.0,1.0,0.9166666666666666,2.0,closed,"[0.2, 0.4)","[12.0, 14.0)","[60.0, 75.0)",heat,fan<10,within.1,True,True,False
F13,110,24,0,0.35375,0.021042916808895255,0.333,0.393,0.41338583951770397,0.05963583951770401,0.0870467900248889,0.05963583951770401,0.08535440051955233,0.0016923895053365667,0.0036269495843703706,1.0,True,True,0,3.5708333333333333,4.192589649728971,-2.0,10.3,0.0,-0.3166666666666667,9.05,62.958333333333336,12.33051769662031,43.0,77.0,0.0,70.33333333333333,46.0,111.79166666666667,165.65783992173817,4.0,463.0,0.0,4.0,369.6666666666667,1.0541666666666667,0.5315924940310435,0.4,2.3,0.0,0.8166666666666668,1.8,12.954166666666666,5.600697096881289,7.1,24.3,0.0,10.133333333333333,21.666666666666668,59.458333333333336,8.958741985960668,42.0,71.0,0.0,58.666666666666664,47.833333333333336,393.5833333333333,26.4738043892558,358.0,480.0,0.0,385.8333333333333,417.1666666666667,0.0,0.0,0.0,0.0,0.0,0.0,0.0,1.0,0.0,52.708333333333336,49.13201308866682,0.0,100.0,0.0,0.0,100.0,0.4166666666666667,4.0,30.875,45.49564002044114,0.0,100.0,0.0,0.0,97.83333333333333,0.6666666666666666,4.0,16.666666666666668,20.7985506741438,0.0,65.0,0.0,41.833333333333336,0.0,0.5,10.0,0.0,0.0,0.0,0.0,0.0,0.0,0.0,1.0,0.0,1.625,5.93305039221156,0.0,27.0,0.0,0.0,6.5,0.9166666666666666,4.0,0.2916666666666667,0.8064504441319253,0.0,3.0,0.0,0.0,1.1666666666666667,0.875,3.0,closed,"[0.2, 0.4)","[12.0, 14.0)","[-inf, 60.0)",heat,fan<10,within.1,True,True,False
F13,116,24,1,0.9369166666666667,0.1256457811422277,0.819,1.225,1.013035645431157,0.07611897876449053,0.22504138458195977,0.09325425175925957,0.13905837427557505,0.08598301030638472,0.009376724357581656,1.0,True,True,0,4.391666666666667,1.2610956818737347,2.3,6.5,0.0,3.766666666666667,6.05,81.54166666666667,5.540202214694891,74.0,89.0,0.0,88.16666666666667,75.33333333333333,33.458333333333336,40.01301871474667,4.0,107.0,0.0,5.0,87.83333333333333,0.7625000000000001,0.27789973168314724,0.4,1.6,0.0,0.9666666666666667,0.6333333333333333,10.741666666666667,2.443966246594407,8.8,15.3,0.0,9.25,14.4,81.41666666666667,4.85365542807612,72.0,87.0,0.0,84.83333333333333,74.83333333333333,437.7916666666667,20.89722088172756,421.0,496.0,0.0,426.0,461.1666666666667,0.0,0.0,0.0,0.0,0.0,0.0,0.0,1.0,0.0,31.25,45.60248849045125,0.0,100.0,0.0,0.0,100.0,0.6666666666666666,4.0,31.25,45.60248849045125,0.0,100.0,0.0,0.0,100.0,0.6666666666666666,4.0,45.125,31.910625870989442,0.0,100.0,0.0,30.5,77.5,0.08333333333333333,16.0,0.7083333333333334,3.4701104689428357,0.0,17.0,0.0,0.0,0.0,0.9583333333333334,2.0,2.125,5.743143359883498,0.0,17.0,0.0,0.0,5.666666666666667,0.875,6.0,0.0,0.0,0.0,0.0,0.0,0.0,0.0,1.0,0.0,closed,"[0.8, 1.0)","[-inf, 12.0)","[75.0, 85.0)",heat,fan<10,falsehigh,True,True,False
F13,128,24,4,0.7817083333333333,0.06075215449152676,0.693,0.854,0.7725940488651141,-0.009114284468219186,0.07011423343412089,0.05014741642699954,0.0019936843528229158,0.06812054908129797,0.0029214263930883704,1.0,True,True,0,-3.2375000000000003,2.3766641766761354,-6.7,0.7,0.0,-5.5,-0.39999999999999997,51.5,14.551258723381379,27.0,69.0,0.0,65.5,34.5,90.125,131.32313697268972,4.0,359.0,0.0,4.0,303.6666666666667,1.325,0.8120023559614569,0.2,3.0,0.0,1.5,2.4,12.308333333333332,3.5442441601372034,9.3,20.2,0.0,9.966666666666667,17.733333333333334,59.75,4.829708785891936,50.0,71.0,0.0,59.333333333333336,54.0,405.3333333333333,33.434773185577534,364.0,482.0,0.0,367.0,434.5,0.0,0.0,0.0,0.0,0.0,0.0,0.0,1.0,0.0,48.958333333333336,50.04908822230488,0.0,100.0,0.0,0.0,100.0,0.4583333333333333,5.0,35.458333333333336,47.198912263320004,0.0,100.0,0.0,0.0,100.0,0.625,4.0,34.916666666666664,44.83876105283935,0.0,100.0,0.0,68.5,4.5,0.5416666666666666,6.0,0.0,0.0,0.0,0.0,0.0,0.0,0.0,1.0,0.0,1.1666666666666667,5.715476066494083,0.0,28.0,0.0,0.0,4.666666666666667,0.9583333333333334,2.0,0.0,0.0,0.0,0.0,0.0,0.0,0.0,1.0,0.0,closed,"[0.6, 0.8)","[12.0, 14.0)","[-inf, 60.0)",heat,fan<10,within.1,True,True,False
F13,197,24,6,0.5479166666666667,0.01830161947376011,0.518,0.573,0.472321636683066,-0.0755950299836007,0.1392246222503523,0.0755950299836007,0.13715060539731572,0.00207401685303657,0.005801025927098012,0.875,True,True,1,14.954166666666666,3.84334310618816,9.9,20.8,0.0,10.299999999999999,19.566666666666666,75.25,13.158729950608587,51.0,91.0,0.0,85.16666666666667,57.0,64.66666666666667,93.44175896696605,4.0,281.0,0.0,4.5,206.0,1.0333333333333334,0.4380457258905906,0.3,1.9,0.0,0.7666666666666666,1.4333333333333333,17.658333333333335,4.1505281661459685,13.1,25.7,0.0,13.4,23.46666666666667,77.66666666666667,12.58939051833679,51.0,91.0,0.0,85.5,61.333333333333336,424.375,35.68925364990084,373.0,473.0,0.0,460.8333333333333,393.5,5.666666666666667,19.164429611100886,0.0,83.0,0.0,0.0,22.666666666666668,0.875,4.0,70.08333333333333,45.45893193590918,0.0,100.0,0.0,1.5,100.0,0.25,3.0,56.166666666666664,49.20645651049098,0.0,100.0,0.0,0.0,100.0,0.4166666666666667,4.0,0.0,0.0,0.0,0.0,0.0,0.0,0.0,1.0,0.0,1.25,4.275816728492017,0.0,17.0,0.0,0.0,0.0,0.9166666666666666,3.0,0.0,0.0,0.0,0.0,0.0,0.0,0.0,1.0,0.0,0.0,0.0,0.0,0.0,0.0,0.0,0.0,1.0,0.0,closed,"[0.4, 0.6)","[16.0, 18.0)","[75.0, 85.0)",noheat,fan<10,within.1,True,True,False
F47,160,24,0,0.6937083333333334,0.013372519409681871,0.669,0.718,0.7521109279666723,0.058402594633338946,0.0999449960815807,0.05861513679586994,0.08186071343774666,0.018084282643834035,0.004164374836732529,0.9166666666666666,True,True,0,-3.970833333333333,3.0576318154481226,-7.8,2.0,0.0,-6.716666666666666,-0.5666666666666668,56.833333333333336,11.510549666422907,35.0,68.0,0.0,64.83333333333333,40.0,135.54166666666666,197.72708005836174,4.0,535.0,0.0,4.0,451.1666666666667,1.4708333333333332,0.5652849736630856,0.5,2.6,0.0,1.2666666666666666,2.1,13.333333333333334,4.253659975645186,9.7,21.7,0.0,10.733333333333334,19.966666666666665,62.791666666666664,6.984325099925494,46.0,72.0,0.0,67.83333333333333,54.166666666666664,419.3333333333333,95.94457941353738,253.0,540.0,0.0,292.0,491.6666666666667,1.625,5.60133912560202,0.0,23.0,0.0,0.0,6.5,0.9166666666666666,3.0,47.625,49.52014302500944,0.0,100.0,0.0,0.0,100.0,0.5,4.0,37.25,48.74266946000144,0.0,100.0,0.0,0.0,100.0,0.5833333333333334,4.0,40.166666666666664,48.97973553168313,0.0,100.0,0.0,99.5,0.0,0.5833333333333334,3.0,0.0,0.0,0.0,0.0,0.0,0.0,0.0,1.0,0.0,7.375,19.066958673146544,0.0,82.0,0.0,0.0,23.666666666666668,0.7916666666666666,7.0,0.4166666666666667,1.2128538629008951,0.0,5.0,0.0,0.0,1.6666666666666667,0.875,4.0,closed,"[0.6, 0.8)","[12.0, 14.0)","[60.0, 75.0)",heat,fan<10,within.1,True,True,False
F47,176,24,4,0.9803333333333333,0.027505994076654123,0.9369999999999999,1.013,0.8872377820562857,-0.09309555127704756,0.2258838749724028,0.09309555127704756,0.2080027600218574,0.017881114950545396,0.009411828123850116,0.875,True,True,0,3.5875,4.8911021697346095,-2.2,11.8,0.0,-1.6666666666666667,10.0,67.33333333333333,13.798760708898797,45.0,82.0,0.0,80.5,49.333333333333336,116.16666666666667,165.12279137624844,4.0,444.0,0.0,4.666666666666667,380.5,1.375,0.6271051503258583,0.3,2.6,0.0,1.0333333333333334,1.5166666666666666,16.404166666666665,5.655738076361546,10.9,26.6,0.0,11.799999999999999,24.7,64.5,9.532552922349355,45.0,79.0,0.0,69.33333333333333,50.833333333333336,405.1666666666667,57.3613008968565,348.0,535.0,0.0,351.1666666666667,463.6666666666667,1.625,4.762283887599202,0.0,18.0,0.0,0.0,6.5,0.875,4.0,68.29166666666667,46.16179407133196,0.0,100.0,0.0,1.6666666666666667,100.0,0.25,3.0,39.708333333333336,48.25789339954987,0.0,100.0,0.0,0.0,100.0,0.5416666666666666,4.0,0.0,0.0,0.0,0.0,0.0,0.0,0.0,1.0,0.0,0.0,0.0,0.0,0.0,0.0,0.0,0.0,1.0,0.0,4.833333333333333,11.200414071020715,0.0,33.0,0.0,0.0,14.666666666666666,0.8333333333333334,7.0,0.0,0.0,0.0,0.0,0.0,0.0,0.0,1.0,0.0,closed,"[0.8, 1.0)","[16.0, 18.0)","[60.0, 75.0)",noheat,fan<10,within.1,True,True,False
F47,210,24,7,0.51825,0.029685672140525716,0.47700000000000004,0.553,0.5261221913042082,0.007872191304208227,0.022231687667073757,0.01812396073672271,0.001487313502321239,0.02074437416475252,0.0009263203194614066,1.0,True,True,1,11.775,3.002498959200486,7.2,17.8,0.0,8.9,15.666666666666666,78.75,6.435296689218058,62.0,86.0,0.0,83.0,80.16666666666667,28.666666666666668,47.93080761723695,5.0,191.0,0.0,5.0,85.16666666666667,1.5333333333333332,0.6844017804633834,0.7,3.1,0.0,1.5666666666666667,1.3499999999999999,13.470833333333333,2.8731862583832464,10.0,19.8,0.0,10.733333333333334,17.683333333333334,88.875,4.6373952583976195,78.0,94.0,0.0,90.16666666666667,84.0,411.0416666666667,62.16491332958941,356.0,612.0,0.0,398.6666666666667,422.0,0.0,0.0,0.0,0.0,0.0,0.0,0.0,1.0,0.0,63.458333333333336,48.01718819671598,0.0,100.0,0.0,0.0,100.0,0.3333333333333333,4.0,40.541666666666664,48.15281757674944,0.0,100.0,0.0,0.0,100.0,0.5416666666666666,4.0,0.0,0.0,0.0,0.0,0.0,0.0,0.0,1.0,0.0,6.583333333333333,7.07670192568032,0.0,22.0,0.0,7.0,4.166666666666667,0.4166666666666667,15.0,2.4583333333333335,7.989009660922862,0.0,37.0,0.0,0.0,1.6666666666666667,0.875,5.0,0.0,0.0,0.0,0.0,0.0,0.0,0.0,1.0,0.0,closed,"[0.4, 0.6)","[12.0, 14.0)","[85.0, inf)",noheat,fan<10,within.1,True,True,False
