target,hour,signal,days,auc
EC,0,risk,360,0.8350599781897492
EC,0,baseline,360,0.8602586072596978
EC,6,risk,360,0.8306979280261723
EC,6,baseline,360,0.8611543854182895
EC,12,risk,360,0.8489640130861504
EC,12,baseline,360,0.8613101729241315
EC,23,risk,360,0.8463545723632965
EC,23,baseline,360,0.8579607415485279
TEMP,0,risk,400,0.5952829043224867
TEMP,0,baseline,400,0.3611886838271005
TEMP,6,risk,400,0.6082442933462846
TEMP,6,baseline,400,0.3644669742593492
TEMP,12,risk,400,0.5805913064594463
TEMP,12,baseline,400,0.34792374939290915
TEMP,23,risk,400,0.5699975716367168
TEMP,23,baseline,400,0.3713574550752793
