target,validator,hour,days,failure_days,auc,brier,constant_brier,low_risk_days,high_risk_days,low_risk_rmse,high_risk_rmse
EC,A,0,264,118,0.7117483166937544,0.22220124405230454,0.24718778696051422,66,66,0.10130375805284147,0.24899325547861656
EC,A,6,264,118,0.7071047132574878,0.22147790445568744,0.24718778696051422,66,66,0.08519305749651718,0.24982234573211196
EC,A,12,264,118,0.7112259113071744,0.2167088390089537,0.24718778696051422,66,66,0.09462373598538473,0.2480716254752967
EC,A,23,264,118,0.7273624332482006,0.2156670706997939,0.24718778696051422,66,66,0.08177710028777406,0.24607521406742786
EC,B,0,263,112,0.7449739829706717,0.20780324027298516,0.24450259509317754,66,66,0.1310973802935823,0.23857573912346264
EC,B,6,263,112,0.7718779564806055,0.20066952730140625,0.24450259509317754,66,66,0.09925089679683319,0.26330524627876406
EC,B,12,263,112,0.7802743614001892,0.19580018971203614,0.24450259509317754,66,66,0.09740513946946645,0.31033386687212583
EC,B,23,263,112,0.7892029328287606,0.19365055574344028,0.24450259509317754,66,66,0.11694242012719047,0.3240016497327564
EC,DIAG10,0,360,98,0.8350599781897493,0.14780503949309703,0.19811728395061737,90,90,0.0567803113695525,0.3332769319590347
EC,DIAG10,6,360,98,0.8306979280261724,0.14587427625599658,0.19811728395061737,90,90,0.05645786719368578,0.3311806542810329
EC,DIAG10,12,360,98,0.8489640130861504,0.13600877245313553,0.19811728395061737,90,90,0.05710962121054571,0.32992476232123713
EC,DIAG10,23,360,98,0.8463545723632965,0.1378228084444986,0.19811728395061737,90,90,0.056058670763496674,0.3335738761960008
EC,EXT10,0,75,36,0.7678062678062678,0.24624585228963966,0.2496,19,19,0.06376694935642543,0.1567129780324836
EC,EXT10,6,75,36,0.7393162393162394,0.24049892182783214,0.2496,19,19,0.09305745266956622,0.3569776896267346
EC,EXT10,12,75,36,0.7507122507122507,0.2304153074692248,0.2496,19,19,0.08649623503156116,0.2824741692252052
EC,EXT10,23,75,36,0.7806267806267806,0.22939204845984582,0.2496,19,19,0.15071447821609438,0.5098321725861368
EC,EXT12,0,193,138,0.605862977602108,0.33639309806679246,0.20376385943246794,49,58,0.6634329129123061,0.33256635166528226
EC,EXT12,6,193,138,0.624901185770751,0.3222142681248466,0.20376385943246794,49,49,0.45588641255270423,0.3278686233369338
EC,EXT12,12,193,138,0.5969696969696969,0.37490993742537737,0.20376385943246794,49,49,0.4802730024838954,0.2995270421637324
EC,EXT12,23,193,138,0.6097496706192358,0.3777717930129212,0.20376385943246794,49,49,0.43059940461420776,0.3222936062478933
TEMP,DIAG10,0,400,116,0.5952829043224867,0.20239381371972556,0.20589999999999997,100,100,0.6385907465346715,0.6313386154450527
TEMP,DIAG10,6,400,116,0.6082442933462846,0.20004905326577074,0.20589999999999997,100,100,0.6142396703226073,0.7761165932472204
TEMP,DIAG10,12,400,116,0.5805913064594463,0.2047257960969047,0.20589999999999997,100,100,0.5775943841649468,0.7687556888696004
TEMP,DIAG10,23,400,116,0.5699975716367168,0.20558962341543086,0.20589999999999997,100,100,0.6808779040307721,0.6819023326335173
TEMP,EXT10,0,85,49,0.586734693877551,0.24148215183156624,0.24415224913494815,22,22,0.9523100492753598,0.8348761671262701
TEMP,EXT10,6,85,49,0.6150793650793651,0.2365073735492136,0.24415224913494815,22,22,0.93406564468363,1.0002561616081993
TEMP,EXT10,12,85,49,0.61281179138322,0.23517538436138685,0.24415224913494815,22,22,0.9065205040939094,0.8909814978883872
TEMP,EXT10,23,85,49,0.5663265306122449,0.2448952942164833,0.24415224913494815,22,22,0.6349255588613095,0.8631403410843865
TEMP,EXT12,0,219,142,0.598774464971648,0.5126358858327182,0.2279768978962074,55,55,0.7765815953848845,0.91857680368203
TEMP,EXT12,6,219,142,0.47329431132248034,0.4925612238083305,0.2279768978962074,55,55,0.9216072326151088,0.707553014159807
TEMP,EXT12,12,219,142,0.555423449789647,0.4713048096044508,0.2279768978962074,55,55,0.7352388940911786,0.762211778006137
TEMP,EXT12,23,219,142,0.5447228827510517,0.47232223848045923,0.2279768978962074,55,55,0.8082122487009877,0.7513812508956118
