seed,scope,cutoff,n,positive,auc
101,all,0.0,360,182,0.429651808865292
101,all,0.1,360,44,0.7507911392405063
101,ordinary,0.0,329,177,0.4831995242343146
101,ordinary,0.1,329,41,0.7992886178861789
101,pass2_ordinary,0.0,41,17,0.5490196078431372
101,pass2_ordinary,0.1,41,6,0.9619047619047618
2024,all,0.0,360,180,0.4324382716049383
2024,all,0.1,360,43,0.7721370405692904
2024,ordinary,0.0,329,175,0.4841558441558442
2024,ordinary,0.1,329,40,0.8230103806228374
2024,pass2_ordinary,0.0,41,17,0.551470588235294
2024,pass2_ordinary,0.1,41,6,0.9619047619047618
7,all,0.0,360,180,0.4292283950617284
7,all,0.1,360,46,0.7495846026031571
7,ordinary,0.0,329,175,0.4815213358070501
7,ordinary,0.1,329,43,0.7993982761424622
7,pass2_ordinary,0.0,41,17,0.5490196078431373
7,pass2_ordinary,0.1,41,6,0.9619047619047618
ensemble,all,0.0,360,181,0.42982808111361465
ensemble,all,0.1,360,44,0.7576237054085155
ensemble,ordinary,0.0,329,176,0.48280600118835415
ensemble,ordinary,0.1,329,41,0.807249322493225
ensemble,pass2_ordinary,0.0,41,17,0.5490196078431373
ensemble,pass2_ordinary,0.1,41,6,0.9619047619047618
