facets,stratum,group,days,rmse,mae,bias,median_abs_bias,day_bias_q90,day_bias_q95,ymean,pmean,ystd,sse,day_share,shape_mse,level_mse,constant_bias_mse,level_variance,within01,falsehigh
farm,"('F13',)",closed,42,0.17694933728171297,0.1329714417924706,0.06144307740104841,0.09426650490870964,0.28086626115882474,0.4034403264720056,0.5806517857142857,0.6420948631153341,0.03072352183498906,31.561556508152915,0.9649541138369475,0.0010973241235252692,0.030213743840912143,0.0037752517605112255,0.026438492080400916,21,7
farm,"('F13',)",rest,121,0.06378068927649805,0.04543021755399707,-0.007196304640186284,0.03193819417016192,0.09033138798360035,0.10526496424730404,0.4267231404958678,0.4195268358556815,0.02258792377121193,11.813403246595401,0.8467801677839008,0.0006232946499120083,0.0034446816746731856,5.178680047436664e-05,0.003392894874198819,112,0
farm,"('F47',)",closed,19,0.22713048561057686,0.17558086268258805,0.12034903223578848,0.13228677068355235,0.34167397365717356,0.4970527076511517,0.5702982456140351,0.6906472778498237,0.024066043052818925,23.524245417125584,0.9785315569288793,0.0011075195691417374,0.050480737924554715,0.014483889560090855,0.03599684836446387,6,2
farm,"('F47',)",rest,147,0.09331499125260706,0.06046356309789049,0.01669374408654893,0.038695534747749234,0.1346082551258605,0.18601954478044508,0.35896598639455785,0.3756597304811068,0.021799357416177844,30.720721826248734,0.8673017517096595,0.001155494890180851,0.007552192702293282,0.0002786810916271874,0.007273511610666092,128,2
phase,"(0,)",closed,50,0.18419659215594406,0.13724398397779175,0.08839075093027997,0.10058419535106125,0.28040943775293997,0.3888333006914822,0.5681975,0.65658825093028,0.027562666826064425,40.71406147423583,0.9709072702891636,0.0009870693215835943,0.03294131524027959,0.007812924850018789,0.025128390390260807,24,7
phase,"(0,)",rest,238,0.07877348755757112,0.0515416723260601,0.007342341912938354,0.034531885969888765,0.09668513904556394,0.1407923780771442,0.38856127450980393,0.3959036164227423,0.022351011568752938,35.44445849740581,0.8629806883709623,0.0008502407745760736,0.005355021567406735,5.390998476649125e-05,0.005301111582640244,216,1
phase,"(1,)",closed,11,0.23332040373573004,0.187148886123941,0.040700301528183255,0.13069872858283596,0.4127242171266512,0.41536293684200243,0.6193787878787878,0.6600790894069711,0.033591763069989,14.371740451042674,0.9703133760594156,0.0016160926293249636,0.05282231817007911,0.0016565145444850363,0.05116580362559408,3,2
phase,"(1,)",rest,30,0.09923083760884635,0.07060940286070817,-0.005474995200639186,0.03733212209694334,0.16195195393530382,0.1914265797046244,0.39746388888888884,0.3919888936882497,0.020603452104386234,7.08966657543833,0.8547099048222453,0.0014306365715610857,0.008416122560992152,2.9975572447022117e-05,0.00838614698854513,24,1
fold,"(0,)",closed,10,0.15693105225824763,0.12889082590090842,0.10837077453588846,0.09270099342225335,0.2804094377529399,0.28066640091875017,0.43417916666666667,0.5425499412025551,0.018020359787064864,5.9105652390914045,0.9796460435376668,0.000501264114767692,0.024126091048113158,0.011744224773508371,0.012381866274604787,5,0
fold,"(0,)",rest,27,0.0996503811721655,0.0669797993187389,-0.006357026840955359,0.039870163408861826,0.1803619048751929,0.2095358202312636,0.3716975308641976,0.36534050402324214,0.01868991104972262,6.434768607107103,0.9307375875431673,0.0006877895020520564,0.009242408965705821,4.041179025662687e-05,0.009201997175449193,22,0
fold,"(1,)",closed,4,0.2890434948243125,0.24058971235410542,0.18090094227336034,0.18981019221630538,0.42328209348773754,0.4563831533561444,0.5548645833333333,0.7357655256066937,0.04093703114131613,8.020429622424228,0.9872592430394851,0.0010644410889397982,0.08248170081131256,0.032725150915389654,0.049756549895922916,1,2
fold,"(1,)",rest,26,0.0750444470136855,0.048207385921014506,0.014041378005370808,0.03810689995068147,0.11612577409474786,0.17126463271639397,0.37661378205128215,0.3906551600566529,0.02362685652705007,3.5141614732160664,0.8507870722073921,0.0008403178239656302,0.004791351203624219,0.0001971602962897111,0.004594190907334509,23,1
fold,"(2,)",closed,3,0.1295173612401368,0.11674371132035262,0.07448626429957977,0.10582963904215119,0.1659781873186282,0.17349675585318783,0.6189305555555555,0.6934168198551353,0.03413588095405859,1.2077817741077828,0.9535020542209279,0.0007799912700752085,0.015994755592532883,0.005548203569306852,0.010446552023226032,1,0
fold,"(2,)",rest,34,0.09739246489196857,0.06596030881088912,-0.005312107317881051,0.04067434182174209,0.10891735603348411,0.12249666870243679,0.44345588235294114,0.43814377503506013,0.040146400227478715,7.739998449670397,0.7002886584312713,0.0028428496557482783,0.0066424425619850515,2.8218484156685415e-05,0.006614224077828365,28,0
fold,"(3,)",closed,5,0.13855551542733796,0.1295738411411034,0.011722317451372774,0.12886826502856108,0.17904477200625796,0.18389391953758338,0.6714583333333333,0.683180650784706,0.029544235098808925,2.303715702640235,0.9752766126437575,0.000474630463958607,0.018723000391376685,0.00013741272643075868,0.018585587664945925,1,0
fold,"(3,)",rest,24,0.06280300929057402,0.045135449405112105,0.027822132891820128,0.030763546991318128,0.0931876978077981,0.09848315811252284,0.3886388888888889,0.41646102178070904,0.017635134800150606,2.271869554148309,0.9057841356045871,0.0003716079059682372,0.0035726100699836894,0.0007740710786500994,0.00279853899133359,23,0
fold,"(4,)",closed,12,0.2353127858042783,0.16408887842178707,0.10390171654709464,0.08485605449836792,0.39162600949632737,0.4772225334527644,0.6567986111111112,0.7607003276582057,0.03253475788059362,15.947166862935408,0.9596108348091793,0.0022364331831690237,0.05313567397980114,0.0107955667014328,0.042340107278368344,7,3
fold,"(4,)",rest,26,0.10281382946589686,0.05931636802420903,0.0021466056627644984,0.034445226450425005,0.08845254931548031,0.10109072215282676,0.3452852564102563,0.3474318620730209,0.016440322341353827,6.596106522372134,0.9518308478810177,0.0005091808629313359,0.010061502666511183,4.607915871412612e-06,0.010056894750639773,24,0
fold,"(5,)",closed,3,0.1432332271427178,0.0994989113410291,0.06833571871700746,0.043609066801621445,0.20153182190044158,0.2212721662877941,0.6907083333333333,0.7590440520503409,0.02895969034317206,1.4771345297556524,0.9756175282354732,0.0005002248745024249,0.020015532483214967,0.0046697704525699634,0.015345762030645006,2,1
fold,"(5,)",rest,22,0.05351898592800229,0.04075514728968231,-0.008008479255009178,0.03125570909011926,0.06264168756803179,0.07525392929251463,0.3785568181818182,0.3705483389268091,0.01511114442752476,1.5123408193141812,0.9122737162656193,0.0002512728026860634,0.0026130090520756427,6.413573997791235e-05,0.002548873312097731,21,0
fold,"(6,)",closed,3,0.08899214067169242,0.08369943198394471,-0.08369943198394471,0.0755950299836007,0.11295848974913764,0.11762892221982975,0.5521250000000001,0.46842556801605534,0.01696676107163839,0.5702112792957811,0.9892079407567789,8.546880426823612e-05,0.007834132297062056,0.0070055949144349865,0.0008285373826270684,2,0
fold,"(6,)",rest,33,0.06741228228274052,0.05109863986303834,0.000805002963214911,0.043732943166990036,0.09133019250039956,0.10365514766732416,0.37360984848484846,0.37441485144806336,0.024958658002270085,3.599177315633769,0.8355078269019995,0.0007475208308252857,0.0037968949717426042,6.480297707847874e-07,0.00379624694197182,31,0
fold,"(7,)",closed,8,0.14081802270945507,0.11535481448719298,-0.018986079421795775,0.11932692828084691,0.17337639697447946,0.22131429431389438,0.5476770833333333,0.5286910039115376,0.03982012673638767,3.807305379801716,0.9167358477538518,0.0016511044520384859,0.018178611067762116,0.000360471211810737,0.01781813985595138,3,0
fold,"(7,)",rest,19,0.04575066995849471,0.03685053115548898,-0.0171962247861742,0.02937614421251962,0.06978388117486993,0.07793981400559309,0.3332697368421053,0.3160735120559311,0.017227085327924017,0.9544644535529063,0.8289446033732676,0.00035804012208028475,0.0017350836795708257,0.000295710146896632,0.0014393735326741941,19,0
fold,"(8,)",closed,7,0.2538161338574182,0.18779665947888,0.16441235023289144,0.07173549792465538,0.4148351928989322,0.41641842472814294,0.5284404761904762,0.6928528264233675,0.03123796323499119,10.823001807462905,0.9883445615338058,0.0007508739975380658,0.06367175580878877,0.027031420909102957,0.036640334899685816,4,2
fold,"(8,)",rest,28,0.05714051960963324,0.04018780232205037,0.007816480008066977,0.02740577426101696,0.09169775227163093,0.13059680731313297,0.4345119047619047,0.4423283847699717,0.019514596550748244,2.194106195405968,0.8750033075707954,0.0004081190733097805,0.0028569199079491008,6.109735971651072e-05,0.0027958225482325903,25,0
fold,"(9,)",closed,6,0.18668321592866338,0.15256546581246447,0.09635528228264785,0.11030861027715366,0.2704358486694044,0.3195922444563335,0.6261875,0.7225427822826478,0.014689831488895322,5.018489727763386,0.9708866011961822,0.0010146200891474886,0.03383600302032047,0.009284340423768751,0.024551662596551727,1,1
fold,"(9,)",rest,29,0.10529877908620296,0.07058412817668588,0.038080979466698146,0.03726549882694521,0.1364286506006178,0.240249958556977,0.4150215517241379,0.45310253119083604,0.01976706925875585,7.717131682423301,0.8830113866901615,0.0012971501928967307,0.009790682684148245,0.0014501609971430858,0.008340521687005158,24,1
yband,"('[-inf, 0.2)',)",rest,40,0.06521607002897115,0.04653593924474935,0.04417319897753498,0.03330481302625487,0.0960821663443704,0.1169235852607132,0.16605520833333334,0.2102284073108683,0.02268294754007539,4.0830103584227215,0.8423312332218308,0.0006705866749531261,0.003582549115070542,0.0019512715079088975,0.0016312776071616447,37,0
yband,"('[0.2, 0.4)',)",closed,13,0.14178912397866186,0.11440113301346866,0.09335090116226177,0.08736763148777481,0.24958445464889023,0.2736556340949272,0.34711217948717954,0.44046308064944123,0.018214995232287114,6.27249657173454,0.9804944562707532,0.000392142487729228,0.01971201319090712,0.008714390747806366,0.01099762244310075,7,0
yband,"('[0.2, 0.4)',)",rest,115,0.06852402412596816,0.044715173558297086,0.0035119747564468385,0.033704185617128186,0.0831358084393483,0.10296254781416858,0.28885253623188406,0.2923645109883309,0.011737822012215635,12.959695595468892,0.9385170789871256,0.00028869563066924236,0.004406846251747022,1.2333966689919831e-05,0.004394512285057104,108,0
yband,"('[0.4, 0.6)',)",closed,25,0.17951950810848052,0.13590141471376202,0.058997623429396455,0.12229935469052187,0.24759016512230586,0.2998475979777042,0.5034133333333333,0.5624109567627298,0.02350563753036179,19.33635227490648,0.9761636446519948,0.0007681802732648029,0.031459073518246,0.0034807195703168694,0.027978353947929135,10,1
yband,"('[0.4, 0.6)',)",rest,73,0.07854897252428637,0.05338704899884334,0.005879752274625511,0.03656663778302584,0.09419394980500252,0.153040872493762,0.47567465753424654,0.4815544098088721,0.02396872721492073,10.809736780256161,0.8802998335758847,0.0007385429746561316,0.005431398109964965,3.457148681096387e-05,0.005396826623154001,66,0
yband,"('[0.6, 0.8)',)",closed,14,0.24608555840574944,0.18119316508456937,0.1582993170904527,0.08823033327076953,0.41641842472814294,0.4430205513908729,0.7086636904761905,0.8669630075666432,0.027233341287109823,20.347522290772158,0.9828494391875264,0.0010386054119971562,0.05951949664387235,0.02505867379130369,0.03446082285256867,7,5
yband,"('[0.6, 0.8)',)",rest,30,0.1147624062934295,0.08415844590402773,-0.01172917973308681,0.04912277058490387,0.19010670906079222,0.20939075398692458,0.7046749999999999,0.6929458202669133,0.03417548077830172,9.482695126745895,0.8644494644120615,0.0017852561156215835,0.011385153782636603,0.00013757365721105434,0.011247580125425547,21,2
yband,"('[0.8, 1.0)',)",closed,9,0.20558668069005412,0.16659805978331374,-0.0041613196429597455,0.11589205193742365,0.2964549942615618,0.35086059947806647,0.9115509259259258,0.9073896062829662,0.0602155645305317,9.129430787865322,0.9256357140706903,0.0031430722290771225,0.03912281104807715,1.7316581170882623e-05,0.03910549446690626,3,3
yband,"('[0.8, 1.0)',)",rest,10,0.1471816792826481,0.09595096163930153,-0.06649240608876913,0.04403059550523583,0.12755547395070024,0.22809011121040867,0.867675,0.8011825939112309,0.09054953734487087,5.1989872119504685,0.6409379911217397,0.007778161635230505,0.01388428508122978,0.0044212400674737825,0.009463045013755998,8,0
tempband,"('[-inf, 12.0)',)",closed,10,0.21777463722169324,0.18436545115178704,0.08124514740930826,0.16858883979135597,0.31552169410146147,0.3641229556140562,0.5956541666666666,0.6768993140759749,0.04674643772756694,11.382190228089623,0.9638389639892524,0.0017149657946630484,0.04571082682237706,0.006600773977560228,0.03911005284481682,3,2
tempband,"('[-inf, 12.0)',)",rest,24,0.0626540890960653,0.0449235894031697,0.013250345744870213,0.03918751405399051,0.07326947300462354,0.08761695509852567,0.48379687500000007,0.4970472207448702,0.022764294341374555,2.2611080911436288,0.712885827363837,0.001127076699357008,0.0027984581811006807,0.00017557166235860014,0.0026228865187420797,23,1
tempband,"('[12.0, 14.0)',)",closed,31,0.2047191086172479,0.14555851819823823,0.11079864584993027,0.10116537832964445,0.36874864024326254,0.4537429348909525,0.5499408602150537,0.660739506064984,0.025522472600993506,31.180975594182165,0.9756893086167241,0.0010188589713704516,0.04089105446167009,0.01227633992217827,0.02861471453949182,15,4
tempband,"('[12.0, 14.0)',)",rest,55,0.10493285004715217,0.07336798913461078,0.0004905752644263895,0.045478954924896564,0.17641767208818904,0.19163946204062426,0.4945181818181817,0.49500875708260816,0.0282755595501584,14.53439198510392,0.7994591960282534,0.0022081353438888223,0.008802767675129296,2.4066409006702196e-07,0.008802527011039228,43,0
tempband,"('[14.0, 16.0)',)",closed,11,0.19210302062040432,0.154473747309694,0.06898312800725843,0.11622931224369164,0.26886425271213216,0.33706522870335165,0.653189393939394,0.7221725219466524,0.029883331948376078,9.742542620311642,0.9610541947338817,0.0014372392715436282,0.03546633125993987,0.004758671949665803,0.030707659310274072,3,2
tempband,"('[14.0, 16.0)',)",rest,55,0.08741336161413159,0.05485028974523064,0.014060299785777174,0.031858591394211426,0.10153597017307389,0.2180053049542919,0.46211287878787877,0.47617317857365604,0.029518294949880435,10.086246441061473,0.8933784904693339,0.0008147051674577908,0.006826390621225144,0.00019769203006592565,0.006628698591159219,49,1
tempband,"('[16.0, 18.0)',)",closed,5,0.13534517677176922,0.11514734061108371,0.030227481386175824,0.09309555127704756,0.19357732413228884,0.2172949174037177,0.693025,0.7232524813861758,0.02610590399397063,2.198198025045775,0.9756129986658998,0.00044672881807839417,0.01787158805730306,0.000913700630951606,0.016957887426351455,3,1
tempband,"('[16.0, 18.0)',)",rest,47,0.05650625977720622,0.04085478119363054,0.0088324173116692,0.03139680060808621,0.09252047905683589,0.10734920754783846,0.30215336879432625,0.31098578610599537,0.021523047988505073,3.6016559404422797,0.8561513723597597,0.0004593025392419689,0.002733654854767144,7.801159556747377e-05,0.00265564325919967,44,0
tempband,"('[18.0, inf)',)",closed,4,0.07785506417170407,0.07248011178190705,-0.07248011178190705,0.07176823638931719,0.10055189988078043,0.10568090177244302,0.39203125,0.319551138218093,0.007433883941160505,0.5818954576492952,0.9854438651220133,8.823071631698755e-05,0.005973180300863169,0.005253366603917742,0.0007198136969454293,3,0
tempband,"('[18.0, inf)',)",rest,87,0.07596985505422643,0.04982590688799498,0.0005723848272829776,0.03656663778302584,0.09158168437052991,0.11277580588848944,0.29855699233716476,0.29912937716444776,0.013805241371723266,12.05072261509284,0.9394895442272373,0.00034923118670038625,0.005422187690259786,3.2762439050376407e-07,0.005421860065869283,81,0
humband,"('[-inf, 60.0)',)",closed,7,0.19348385122932152,0.15259959219960548,0.13055861747973155,0.10116537832964445,0.30881800772458434,0.33878332398392336,0.5285238095238095,0.659082427003541,0.024268584272654468,6.289248115337077,0.9693544371412238,0.001147247312220254,0.03628875337430997,0.017045552598218865,0.019243200776091107,3,2
humband,"('[-inf, 60.0)',)",rest,29,0.060213790339836565,0.044942653236044745,0.0018763710855634992,0.030002600170936203,0.08640638408327486,0.09158257974099519,0.3756537356321839,0.3775301067177473,0.020892926743807407,2.5234875807744976,0.8263847092235783,0.0006294770547512265,0.0029962234923385693,3.5207684507387444e-06,0.00299270272388783,28,0
humband,"('[60.0, 75.0)',)",closed,38,0.18574206925096343,0.13570959597733206,0.07002593657264726,0.10527740382951743,0.2805236436044112,0.4178989059740681,0.6058004385964914,0.6758263751691386,0.027662378456330152,31.46410605614228,0.9696092436965225,0.0010484846265997646,0.033451631663029925,0.004903631792876417,0.028547999870153516,17,4
humband,"('[60.0, 75.0)',)",rest,157,0.07925053549744289,0.0526520719414263,0.008890138696962136,0.033704185617128186,0.11068041270941197,0.16580083587417246,0.4354039278131635,0.4442940665101257,0.02492024803967179,23.665479315147323,0.831970663116326,0.0010553330138955703,0.005225314362735885,7.903456605122362e-05,0.00514627979668466,138,2
humband,"('[75.0, 85.0)',)",closed,13,0.23251869855623966,0.19154805627665877,0.1132230170219141,0.1644973294122816,0.3911236564543869,0.41483519289893217,0.5525192307692308,0.665742247791145,0.03664308496428598,16.868262895625683,0.9742087890047942,0.0013944004085374596,0.05267054476975,0.012819451583544651,0.039851093186205354,5,3
humband,"('[75.0, 85.0)',)",rest,63,0.09584464762086355,0.0601846609398962,0.0036065860166804905,0.0402981557294075,0.09800570372694732,0.1327139883455967,0.3158141534391535,0.31942073945583394,0.017907582127899252,13.889529074082064,0.9149125718854269,0.0007816298324313685,0.008404566645136132,1.3007462695715248e-05,0.008391559182440418,57,0
humband,"('[85.0, inf)',)",closed,3,0.08029328688673638,0.06851680737350554,-0.0598514233598619,0.07661655771968826,0.10397123447522216,0.1073905690696639,0.44006944444444446,0.3802180210845825,0.016744053096085086,0.46418485817345423,0.941568139957954,0.0003767108981448366,0.006070301020930916,0.0035821928782014227,0.0024881081427294937,2,0
humband,"('[85.0, inf)',)",rest,19,0.07338359177170568,0.053887064292677,-0.004955470352374491,0.03678428541763031,0.10681229979230322,0.15424090189693906,0.27646491228070175,0.27150944192832727,0.015320674980960475,2.455629102840256,0.8818231538039392,0.0006364002254406214,0.004748751315875728,2.455668641326256e-05,0.004724194629462465,17,0
fanband,"('fan<10',)",closed,50,0.21193103546015118,0.16499761162953075,0.10305612631026888,0.12236194950426203,0.3724003966883935,0.4156268088135376,0.5709875,0.674043626310269,0.030967568980064097,53.89771654945423,0.9714163652833897,0.00128382720159083,0.04363093658962103,0.010620565170078092,0.03301037141954294,17,9
fanband,"('fan<10',)",rest,89,0.0891912654038378,0.061135400521619795,-0.003415201968117888,0.033704185617128186,0.12960236773631048,0.18156127261399377,0.426187734082397,0.4227725321142791,0.026858796846676917,16.992054776785615,0.831876270371896,0.001337438025804418,0.006617643798533417,1.1663604483036295e-05,0.00660598019405038,77,2
fanband,"('fan>=10',)",closed,11,0.06708444971283403,0.060996033161490874,-0.02596049565358446,0.0633861705311593,0.07661655771968826,0.09625430482855596,0.6066969696969697,0.5807364740433852,0.018114935097263196,1.1880853758242722,0.940628005723773,0.00026719317474662027,0.004233130218527138,0.0006739473345797777,0.0035591828839473603,10,0
fanband,"('fan>=10',)",rest,179,0.07710737376800676,0.049967315379884844,0.01054290779007064,0.036779283373293,0.08964020538775508,0.13458082590109355,0.3713452048417132,0.3818881126317839,0.019816823447712524,25.542070296058526,0.881377430346677,0.0007052760737393569,0.005240271015659742,0.00011115290466993218,0.005129118110989809,163,0
heatband,"('heat',)",closed,45,0.19123894240341635,0.1434188597466769,0.08525311025259422,0.10582963904215119,0.29520219389302177,0.4039291017499733,0.5389999999999999,0.6242531102525941,0.027793706605938315,39.49811973890337,0.9717056683815983,0.001034789720551726,0.035537543371025465,0.0072680928077409855,0.02826945056328448,20,5
heatband,"('heat',)",rest,221,0.08144842136035486,0.05266490367716508,0.007377227860012711,0.03436652453548491,0.10197579791425339,0.16276025249331802,0.3902371794871795,0.3976144073471922,0.022704890379326024,35.185915694466104,0.8491948799243273,0.0010004178433779152,0.005633427498715996,5.442349089854773e-05,0.005579004007817448,198,1
heatband,"('noheat',)",closed,16,0.20147685316271918,0.1541867661032798,0.06442818137232967,0.11115118353149997,0.34280926976088777,0.4084500676602668,0.6855026041666666,0.7499307855389964,0.031057871112867258,15.587682186375131,0.9683366175968324,0.0012853092235579158,0.03930761313679399,0.004150990554945807,0.03515662258184818,7,4
heatband,"('noheat',)",rest,47,0.08071164733972777,0.058430986952554644,-0.0010029752723969506,0.03992010289965054,0.10375386117697835,0.1565075318721441,0.3863634751773049,0.38536049990490806,0.019571564737526307,7.348209378378036,0.9210124038743476,0.0005145544278599764,0.005999815588432607,1.0059593970397373e-06,0.005998809629035568,42,1
farm/phase,"('F13', 0)",closed,36,0.1546534202207444,0.11713107917515941,0.06353442245705695,0.08174330512613268,0.2746082937696682,0.3028796831242359,0.5673668981481482,0.6309013206052051,0.028971396538842255,20.664875853481668,0.9597713534823851,0.0009621759097686465,0.022955504476205507,0.004036622836951783,0.018918881639253725,19,5
farm/phase,"('F13', 0)",rest,106,0.062274024130459925,0.04294554900812774,-0.002789686272278415,0.03024496598506919,0.08540024667028998,0.10440478206497047,0.4286136006289308,0.4258239143566524,0.02292036310482028,9.865769583084411,0.8494917087154529,0.000583679293300745,0.0032943747881003607,7.78234949773864e-06,0.0032865924386026217,99,0
farm/phase,"('F13', 1)",closed,6,0.2750843387676168,0.22801361749633783,0.048895007064997144,0.19257212179536654,0.41536293684200243,0.4166822966996781,0.6603611111111111,0.7092561181761083,0.041236273611869885,10.896680654671243,0.9747828958944883,0.001908213406065005,0.07376318002915197,0.0023907217158861205,0.07137245831326584,2,2
farm/phase,"('F13', 1)",rest,15,0.07355333785595833,0.06298854194480709,-0.03833640777340189,0.061269099157983654,0.10319868980305891,0.11249193200892889,0.4133638888888889,0.375027481115487,0.020238685813712954,1.947633663510991,0.8330448136734306,0.0009032431699649342,0.004506850339787818,0.0014696801609685487,0.00303717017881927,13,0
farm/phase,"('F47', 0)",closed,14,0.24427483558455948,0.1889628820417035,0.15230702414713915,0.15166226294605023,0.4232820934877377,0.515973943717653,0.5703333333333334,0.7226403574804724,0.023940218993207137,20.049185620754155,0.9823851598493545,0.0010510809519648887,0.05861911434789866,0.023197429604557226,0.03542168474334144,5,2
farm/phase,"('F47', 0)",rest,132,0.0898558907178175,0.05844461983894518,0.015478667576824546,0.03887042995811327,0.11544569607537218,0.16786288062716345,0.3563980429292929,0.3718767105061175,0.021893805032214015,25.578688914321397,0.8681834243531678,0.001064297721660807,0.007009783375031553,0.00023958914995383948,0.006770194225077714,117,1
farm/phase,"('F47', 1)",closed,5,0.17017294625300636,0.1381112084770648,0.030866654884006584,0.13069872858283596,0.23574755653261853,0.27023448514897386,0.5702,0.6010666548840066,0.024418350419731928,3.4750597963714305,0.956298385476128,0.0012655476972369144,0.027693283939191675,0.0009527503837283675,0.026740533555463308,1,0
farm/phase,"('F47', 1)",rest,15,0.11951328275699617,0.07823026377660924,0.027386417372123505,0.03436652453548491,0.19160424357891911,0.21663775656512688,0.38156388888888887,0.40895030626101236,0.020968218395059527,5.142032911927339,0.8629159318094685,0.0019580299731572375,0.012325394782196485,0.0007500158564801481,0.011575378925716336,11,1
farm/yband,"('F13', '[-inf, 0.2)')",rest,6,0.10254391173429644,0.07521465222494038,0.07490475759364441,0.061843253741847515,0.137145698037598,0.16055285306459682,0.16369444444444445,0.23859920203808885,0.04829187616007933,1.5141965520630498,0.810954739140056,0.0019878589040137995,0.008527394929757381,0.00561072271016263,0.0029166722195947477,5,0
farm/yband,"('F13', '[0.2, 0.4)')",closed,11,0.12936366006891112,0.10497754073829783,0.08009999400505331,0.08736763148777481,0.17268035017043035,0.22680185712749534,0.36776893939393945,0.4478689333989927,0.020414406015695004,4.418028528256144,0.9775162350279188,0.0003762648298078081,0.016358691716616983,0.006416009039609576,0.009942682677007401,6,0
farm/yband,"('F13', '[0.2, 0.4)')",rest,53,0.05435193429441836,0.040370340861589825,-0.01678551408049754,0.02831170938453262,0.07944358062795,0.09393111668733828,0.3173246855345913,0.3005391714540936,0.011458809206281595,3.757656872684948,0.8840180438246656,0.00034262609648560494,0.0026115066650591657,0.0002817534829465812,0.0023297531821125845,50,0
farm/yband,"('F13', '[0.4, 0.6)')",closed,15,0.1127579182653036,0.09166703391142264,-0.0007577670315005826,0.0755950299836007,0.14021414320636624,0.19055741350718744,0.5110805555555555,0.510322788524055,0.021547938674716948,4.5771653273489585,0.9724319301636275,0.00035051003721382886,0.012363838094311056,5.742108740292051e-07,0.012363263883437026,9,0
farm/yband,"('F13', '[0.4, 0.6)')",rest,49,0.0653919424776648,0.04606507103428857,-0.009317476672842105,0.03193819417016192,0.09158078900006464,0.10450527020552777,0.484220238095238,0.474902761422396,0.02609790543877195,5.028700821818615,0.8728749721899279,0.0005436001120937272,0.003732506028908496,8.681537154895678e-05,0.003645690657359539,46,0
farm/yband,"('F13', '[0.6, 0.8)')",closed,9,0.253909036286537,0.19430645823231682,0.17280323726645197,0.10582963904215119,0.4137797050127917,0.4158906807850727,0.7086018518518519,0.8814050891183038,0.029554582403089377,13.925476520918917,0.9826067694838582,0.0011213380702567762,0.06334846063770116,0.029860958809765695,0.033487501827935494,4,4
farm/yband,"('F13', '[0.6, 0.8)')",rest,9,0.054211452033664884,0.04156091989421566,0.028735255025691527,0.03053252726752551,0.06099218307656105,0.09201863937988995,0.7349953703703703,0.763730625396062,0.02441348934538924,0.6347984108252432,0.8874912472143468,0.00033064989570492096,0.0026082316358934277,0.0008257148813915301,0.0017825167545018979,8,0
farm/yband,"('F13', '[0.8, 1.0)')",closed,7,0.22679031289188822,0.18661199634289968,0.02223524098041255,0.12886826502856108,0.3236577968698142,0.3644620007821926,0.8997559523809524,0.921991193361365,0.06808844702119098,8.640886131628895,0.9261214469040311,0.0037998581242367135,0.04763398789736385,0.0004944059414570177,0.047139581955906826,2,3
farm/yband,"('F13', '[0.8, 1.0)')",rest,4,0.09563660546152616,0.06872589632291573,-0.05815252475499948,0.06643899400667692,0.100075144687336,0.10264479406793942,0.87284375,0.8146912252450005,0.08438796520372868,0.8780505892035472,0.5703192028097951,0.003930015386899056,0.005216344917304561,0.003381716135380827,0.0018346287819237341,3,0
farm/yband,"('F47', '[-inf, 0.2)')",rest,34,0.05610754080553429,0.041474989895303876,0.03874998275116273,0.030553221725433517,0.0931876978077981,0.10481526158198083,0.1664718137254902,0.20522179647665292,0.018163724842427644,2.5688138063596715,0.8608262206891313,0.00043812686982477205,0.0027099292654199237,0.0015015611632154093,0.0012083681022045148,32,0
farm/yband,"('F47', '[0.2, 0.4)')",closed,2,0.1965572458745795,0.16623089052690823,0.16623089052690826,0.16623089052690826,0.24829456272018574,0.2585525217443454,0.23349999999999999,0.39973089052690824,0.0061182359235437194,1.8544680434783956,0.9875896804028557,0.0004794696062970372,0.03815528129950287,0.027632708965368957,0.010522572334133912,1,0
farm/yband,"('F47', '[0.2, 0.4)')",rest,62,0.07863946724337942,0.048429304734514594,0.020863053923512193,0.03645309818748987,0.08461870713235738,0.10992710594218466,0.264513440860215,0.2853764947837273,0.011976332959223764,9.202038722783945,0.9607717858191959,0.00024259378085848075,0.005941572027464061,0.0004352670190153775,0.005506305008448685,58,0
farm/yband,"('F47', '[0.4, 0.6)')",closed,10,0.2479851049589263,0.20225298591727112,0.148630709120742,0.17275632690001452,0.3307661881378519,0.44796767281420385,0.4919124999999999,0.6405432091207419,0.026442185813829056,14.759186947557527,0.9773209356483354,0.001394685627341264,0.06010192665414842,0.02209108769373462,0.0380108389604138,1,1
farm/yband,"('F47', '[0.4, 0.6)')",rest,24,0.10018243738887718,0.06833608734314266,0.0369074280423719,0.04039408304429462,0.16357014930892408,0.19018663530589808,0.4582274305555556,0.49513485859792744,0.019621655007891155,5.781035958437547,0.8867584349099509,0.0011365513190543745,0.008899969442121923,0.0013621582447028594,0.007537811197419063,20,0
farm/yband,"('F47', '[0.6, 0.8)')",closed,5,0.23133751983219306,0.1575892374186239,0.13219226077365404,0.07173549792465538,0.3355805953814843,0.41253240430301774,0.7087749999999999,0.840967260773654,0.02305510727834662,6.422045769853237,0.983375640865602,0.0008896866271298398,0.05262736145498046,0.01747479380844975,0.03515256764653073,3,1
farm/yband,"('F47', '[0.6, 0.8)')",rest,21,0.13249660609550226,0.10241452847966144,-0.029071080343991813,0.06425913725128508,0.1958165968214779,0.22049688257683564,0.6916805555555554,0.6626094752115638,0.03835919139240708,8.847896715920651,0.8627963159209459,0.002408658781300153,0.015146691845526535,0.0008451277123668272,0.014301564133159708,13,2
farm/yband,"('F47', '[0.8, 1.0)')",closed,2,0.10088614211868867,0.09654928182476283,-0.09654928182476281,0.09654928182476281,0.09931226626293502,0.09965763931770653,0.9528333333333332,0.8562840515085705,0.032660475813224246,0.48854465623642784,0.9170445606321862,0.0008443215960185503,0.009333692075573696,0.009321763820877476,1.1928254696221482e-05,1,0
farm/yband,"('F47', '[0.8, 1.0)')",rest,6,0.17322385610715227,0.11410100518355874,-0.0720523269779489,0.035611323682985786,0.20382372340337848,0.266224235936748,0.8642291666666666,0.7921768396887178,0.09465725210563232,4.320936622746921,0.6552883216402938,0.010343592467451472,0.01966291185717993,0.005191537822937263,0.01447137403424266,5,0
farm/tempband,"('F13', '[-inf, 12.0)')",closed,6,0.22331269131014664,0.17556765509796635,0.047796072421685855,0.12439966446746044,0.34098820438998034,0.37685621075831577,0.6600069444444445,0.7078030168661303,0.06193420054560667,7.18107236642604,0.9493958805256537,0.002523554472114933,0.0473450036280659,0.002284464538939039,0.04506053908912686,3,2
farm/tempband,"('F13', '[-inf, 12.0)')",rest,10,0.045919032298879274,0.03718835484331001,0.012653605608039093,0.030196181042102442,0.05094926868886871,0.06404015707960435,0.45274583333333335,0.4653994389413724,0.021151612686341296,0.5060538065437242,0.6731412877261439,0.0006892003981173532,0.0014193571291481644,0.00016011373488379838,0.0012592433942643661,10,0
farm/tempband,"('F13', '[12.0, 14.0)')",closed,20,0.1720677112729859,0.12500853982244858,0.09106244317372295,0.06494641492590002,0.2897058917004307,0.3712112910589671,0.5524,0.643462443173723,0.026295874795216178,14.211502686107345,0.9754341125092516,0.0007273295334612098,0.028879967729262424,0.00829236855676752,0.020587599172494902,11,2
farm/tempband,"('F13', '[12.0, 14.0)')",rest,22,0.07245801771629937,0.052506358977980214,0.013274144988421941,0.03370296643822847,0.10489057889511391,0.11555807901425331,0.4912765151515151,0.504550660139937,0.024583246198812025,2.7720867669662916,0.8491515929843576,0.0007919789259583467,0.004458185405417205,0.00017620292517364733,0.004281982480243558,18,0
farm/tempband,"('F13', '[14.0, 16.0)')",closed,8,0.19914886402168977,0.15733277866762443,0.06478393021989505,0.11926433346710676,0.3097848383068639,0.3575255215007175,0.6658020833333333,0.7305860135532284,0.03251326952921699,7.61477184789686,0.9541159982910391,0.00181977189834504,0.037840498142784444,0.004196957614736231,0.03364354052804821,2,2
farm/tempband,"('F13', '[14.0, 16.0)')",rest,23,0.07493428794162213,0.04576888797783966,-0.002063734580309039,0.030487331799202183,0.06884661692893786,0.08622423238968577,0.5512083333333332,0.5491445987530242,0.035637741027286916,3.099561425143501,0.8237285089755395,0.000989790423789759,0.0046253570855281775,4.259000417963325e-06,0.0046210980851102154,22,0
farm/tempband,"('F13', '[16.0, 18.0)')",closed,4,0.1433350587374362,0.12066028794459274,0.06105823955198167,0.09900978715080144,0.20543612076800333,0.22322431572157492,0.6211979166666667,0.6822561562186483,0.025755881473299755,1.972314150073372,0.9818860787377441,0.0003721494085298115,0.02017278965473448,0.0037281086171871785,0.0164446810375473,2,1
farm/tempband,"('F13', '[16.0, 18.0)')",rest,19,0.05404457835109238,0.040236468139780275,-0.011347766803785672,0.028731086713771628,0.07909309235778507,0.11215460809515064,0.3552763157894737,0.34392854898568803,0.02008572427322161,1.3318923008111978,0.884424882205505,0.0003375737051663052,0.002583242743981058,0.0001287718114331001,0.002454470932547958,17,0
farm/tempband,"('F13', '[18.0, inf)')",closed,4,0.07785506417170407,0.07248011178190705,-0.07248011178190705,0.07176823638931719,0.10055189988078043,0.10568090177244302,0.39203125,0.319551138218093,0.007433883941160505,0.5818954576492952,0.9854438651220133,8.823071631698755e-05,0.005973180300863169,0.005253366603917742,0.0007198136969454293,3,0
farm/tempband,"('F13', '[18.0, inf)')",rest,47,0.060316900610271194,0.045805437445507344,-0.02183503495040805,0.033678688462883855,0.09083079024199996,0.09386775238961792,0.3589343971631206,0.33709936221271253,0.01658498783533099,4.1038089471306884,0.8717833168694632,0.0004664687689738633,0.003171659730255471,0.0004767687512855411,0.0026948909789699296,45,0
farm/tempband,"('F47', '[-inf, 12.0)')",closed,4,0.20919284020331333,0.19756214523251803,0.13141875989074184,0.17662019824059522,0.2699279097564032,0.2873246617608662,0.499125,0.6305437598907419,0.023964793500507335,4.201117861663583,0.9885268758645361,0.0005020827784852216,0.043259561613843776,0.017270890451220454,0.025988671162623316,0,0
farm/tempband,"('F47', '[-inf, 12.0)')",rest,14,0.07227292609977491,0.05044875694592661,0.013676588699749585,0.04039408304429462,0.08190492799254118,0.11511990470287722,0.5059761904761905,0.51965277917594,0.02391620980925545,1.7550542845999042,0.724345800852673,0.0014398454859567613,0.0037835303610667635,0.00018704907846211805,0.0035964812826046457,13,1
farm/tempband,"('F47', '[12.0, 14.0)')",closed,11,0.2535316675880557,0.1829221152451286,0.1466826507157617,0.13069872858283596,0.4894842132245514,0.5273266853575538,0.5454696969696969,0.6921523476854586,0.02411628679331592,16.969472908074817,0.9759030288770103,0.0015489124948418012,0.06272939397513856,0.021515800021002146,0.04121359395413641,4,2
farm/tempband,"('F47', '[12.0, 14.0)')",rest,33,0.12186630164834943,0.08727574257236452,-0.008031804551570647,0.05889176844608046,0.18717045554942435,0.20401408577470026,0.4966792929292929,0.4886474883777223,0.030737101784389317,11.762305218137625,0.7877479172044022,0.003152239622509141,0.011699155854937356,6.450988435463096e-05,0.011634645970582724,25,0
farm/tempband,"('F47', '[14.0, 16.0)')",closed,3,0.17190803308482774,0.14684966368854618,0.08018098877356082,0.10000301237247806,0.23504898708929972,0.2519297339289024,0.6195555555555555,0.6997365443291163,0.022870165066133662,2.1277707724147845,0.9858843050225828,0.0004171522667398631,0.029135219572354362,0.006428990960705886,0.022706228611648477,1,0
farm/tempband,"('F47', '[14.0, 16.0)')",rest,32,0.09537948476730479,0.0613775472655429,0.02564944948640164,0.032536987996157535,0.13224723407484376,0.22997893079756263,0.3980755208333333,0.423724970319735,0.02511994308174452,6.986685015917972,0.924277893463496,0.0006888626394691884,0.008408383475007337,0.0006578942589554693,0.007750489216051869,27,1
farm/tempband,"('F47', '[16.0, 18.0)')",closed,1,0.09701457686270716,0.09309555127704756,-0.09309555127704756,0.09309555127704756,0.09309555127704756,0.09309555127704756,0.9803333333333333,0.8872377820562857,0.027505994076654123,0.2258838749724028,0.9208393474180926,0.0007450464562727249,0.008666781667577393,0.008666781667577393,0.0,1,0
farm/tempband,"('F47', '[16.0, 18.0)')",rest,28,0.058117333591078735,0.04127435076588609,0.022526113675727866,0.03668507006402928,0.09147463498301836,0.0989024831351999,0.2661056547619048,0.28863176843763266,0.022498374795304567,2.2697636396310816,0.8395605391016423,0.0005419042480790262,0.0028357202156577034,0.000507425797331814,0.0023282944183258885,27,0
farm/tempband,"('F47', '[18.0, inf)')",rest,40,0.09098370772173395,0.05454995848291799,0.026901103066069937,0.038184351288157115,0.0978020857964389,0.13539003763418372,0.2276135416666667,0.2545146447327366,0.01053903927698418,7.9469136679621535,0.9744532336816047,0.0002114770275290511,0.008066558043264857,0.0007236693461713173,0.00734288869709354,36,0
farm/phase/yband,"('F13', 0, '[-inf, 0.2)')",rest,6,0.10254391173429644,0.07521465222494038,0.07490475759364441,0.061843253741847515,0.137145698037598,0.16055285306459682,0.16369444444444445,0.23859920203808885,0.04829187616007933,1.5141965520630498,0.810954739140056,0.0019878589040137995,0.008527394929757381,0.00561072271016263,0.0029166722195947477,5,0
farm/phase/yband,"('F13', 0, '[0.2, 0.4)')",closed,11,0.12936366006891112,0.10497754073829783,0.08009999400505331,0.08736763148777481,0.17268035017043035,0.22680185712749534,0.36776893939393945,0.4478689333989927,0.020414406015695004,4.418028528256144,0.9775162350279188,0.0003762648298078081,0.016358691716616983,0.006416009039609576,0.009942682677007401,6,0
farm/phase/yband,"('F13', 0, '[0.2, 0.4)')",rest,44,0.05222716704620817,0.03700024514035004,-0.011038573393217455,0.02813297555304664,0.07614803611171916,0.09859805751232414,0.31526799242424247,0.3042294190310249,0.00974313465074732,2.8804268884221944,0.9203036604670435,0.00021738587054881867,0.002510291107123714,0.00012185010255744831,0.002388441004566265,41,0
farm/phase/yband,"('F13', 0, '[0.4, 0.6)')",closed,13,0.11729719006084573,0.09406107084369619,0.010834237094675401,0.0657575318232874,0.14614400950248763,0.20338525941004693,0.5166826923076923,0.5275169294023677,0.023068960779268975,4.292692808405092,0.9721051490990661,0.00038379495466016284,0.013374835841510002,0.00011738069342364048,0.013257455148086362,7,0
farm/phase/yband,"('F13', 0, '[0.4, 0.6)')",rest,44,0.06148725140834518,0.042162985226675116,-0.007181313286376411,0.030942066203644196,0.07483912053809136,0.0902542717740459,0.48207670454545454,0.4748953912590782,0.026594750561279166,3.992400282555217,0.8667226322313909,0.0005038793567591011,0.0032768027289939456,5.157126051708637e-05,0.0032252314684768583,43,0
farm/phase/yband,"('F13', 0, '[0.6, 0.8)')",closed,7,0.18280621541097344,0.1311474643438352,0.10350046595915179,0.057982358806198064,0.30881800772458434,0.33878332398392336,0.7318392857142858,0.8353397516734375,0.02798085607769124,5.6142428820043815,0.9621364213076206,0.0012653293283387216,0.03215278306454451,0.010712346453761538,0.021440436610782966,4,2
farm/phase/yband,"('F13', 0, '[0.6, 0.8)')",rest,8,0.05593407907790892,0.042856820008891044,0.03614372781234366,0.03527088813550987,0.06874879715239327,0.09589694641780605,0.7345416666666666,0.7706853944790104,0.025423552750799217,0.6006952708404035,0.900630343375061,0.00031089001458143613,0.0028177311877123326,0.0013063690601727844,0.0015113621275395484,7,0
farm/phase/yband,"('F13', 0, '[0.8, 1.0)')",closed,5,0.22985342494033112,0.18422794616191296,0.10815818609072418,0.12886826502856108,0.3395647270868014,0.37241546589068625,0.908,1.0161581860907243,0.06452986531026815,6.339911634816052,0.9369602068645285,0.0033305559829664437,0.049502040973834,0.011698193218435722,0.03780384775539826,2,3
farm/phase/yband,"('F13', 0, '[0.8, 1.0)')",rest,4,0.09563660546152616,0.06872589632291573,-0.05815252475499948,0.06643899400667692,0.100075144687336,0.10264479406793942,0.87284375,0.8146912252450005,0.08438796520372868,0.8780505892035472,0.5703192028097951,0.003930015386899056,0.005216344917304561,0.003381716135380827,0.0018346287819237341,3,0
farm/phase/yband,"('F13', 1, '[0.2, 0.4)')",rest,9,0.06372793678711385,0.05684636438765103,-0.04488166855164463,0.03779083858495524,0.08588858383217561,0.08722828985078526,0.32737962962962963,0.28249796107798497,0.0198465514777825,0.8772299842627536,0.7648724745729207,0.0009549116455098933,0.0031063382816324844,0.002014364171979687,0.0010919741096527976,9,0
farm/phase/yband,"('F13', 1, '[0.4, 0.6)')",closed,2,0.07698383474035678,0.07610579385164448,-0.07610579385164448,0.07610579385164448,0.0765144049460795,0.07656548133288388,0.4746666666666667,0.39856087281502217,0.01166129499512876,0.28447251894386705,0.9773630592968515,0.00013415807381265792,0.005792352737517905,0.0057920918577890074,2.60879728899044e-07,2,0
farm/phase/yband,"('F13', 1, '[0.4, 0.6)')",rest,5,0.09292920868701605,0.0804034261412869,-0.02811571447374022,0.09157989362959935,0.11403931009915914,0.11507089549264599,0.5030833333333333,0.4749676188595931,0.02172566836070846,1.0363005392633977,0.8965771732968569,0.0008931427590384353,0.007742695068156546,0.0007904934003688854,0.006952201667787661,3,0
farm/phase/yband,"('F13', 1, '[0.6, 0.8)')",closed,2,0.41611380752231647,0.41536293684200243,0.41536293684200243,0.41536293684200243,0.41747391261428346,0.4177377845858186,0.6272708333333333,1.0426337701753359,0.035062624541982855,8.311233638914533,0.9964345009054003,0.0006173686669699677,0.17253333214374952,0.1725263693020133,6.962841736183446e-06,0,2
farm/phase/yband,"('F13', 1, '[0.6, 0.8)')",rest,1,0.0376956783469271,0.031193718976812636,-0.03053252726752551,0.03053252726752551,0.03053252726752551,0.03053252726752551,0.738625,0.7080924727324746,0.016332982102109445,0.03410313998483973,0.6560582199222287,0.0004887289446927999,0.0009322352213421888,0.0009322352213421887,0.0,1,0
farm/phase/yband,"('F13', 1, '[0.8, 1.0)')",closed,2,0.218945127106316,0.19257212179536654,-0.19257212179536654,0.19257212179536654,0.25391617768172087,0.26158418466751515,0.8791458333333334,0.6865737115379669,0.07698490129849804,2.300974496812842,0.8962572391626074,0.0049731134774123895,0.042963855206188485,0.03708402209276948,0.005879833113419003,0,0
farm/phase/yband,"('F47', 0, '[-inf, 0.2)')",rest,31,0.057234972790164255,0.042573459200716576,0.0398809389502191,0.03246697153380355,0.09578067999377364,0.1073951407600836,0.16579166666666664,0.2056726056168858,0.018184413693596,2.437226530056387,0.8679166117794739,0.00043268432520269254,0.0028431577850881497,0.0015904892915511032,0.0012526684935370476,29,0
farm/phase/yband,"('F47', 0, '[0.2, 0.4)')",closed,2,0.1965572458745795,0.16623089052690823,0.16623089052690826,0.16623089052690826,0.24829456272018574,0.2585525217443454,0.23349999999999999,0.39973089052690824,0.0061182359235437194,1.8544680434783956,0.9875896804028557,0.0004794696062970372,0.03815528129950287,0.027632708965368957,0.010522572334133912,1,0
farm/phase/yband,"('F47', 0, '[0.2, 0.4)')",rest,57,0.07878513391528566,0.04823957603296795,0.020327937533578685,0.03751826515361371,0.08214720931067551,0.10126891652664267,0.2636081871345029,0.2839361246680816,0.011808441918158226,8.491309142035707,0.9625756012441162,0.00023229688544665567,0.005974800440602837,0.00041322504436907707,0.00556157539623376,54,0
farm/phase/yband,"('F47', 0, '[0.4, 0.6)')",closed,6,0.28399538283255354,0.2394498309007118,0.2394498309007118,0.18487919572832814,0.3818080340277571,0.4734885957591567,0.46538888888888885,0.7048387197896006,0.025965289943216303,11.614086355710045,0.9785087383399147,0.0017333428389818804,0.07892003463122677,0.057336221518379485,0.02158381311284728,0,1
farm/phase/yband,"('F47', 0, '[0.4, 0.6)')",rest,20,0.09601398388445608,0.0667704964674957,0.03544953512845138,0.04171983328812706,0.1425115956786005,0.18013031766104204,0.45905625,0.49450578512845134,0.018439347878859695,4.424968848655004,0.9459029878918606,0.000498703319549646,0.008719981781814946,0.0012566695408233084,0.007463312240991639,17,0
farm/phase/yband,"('F47', 0, '[0.6, 0.8)')",closed,4,0.25191116500765387,0.170805254619059,0.13905903381284662,0.06756083422790735,0.3641595986345827,0.4268219059295668,0.7049166666666666,0.8439757004795133,0.02545347569301655,6.092086565329287,0.9934308462451237,0.0004168734722464957,0.0630423615832669,0.01933741488496242,0.0437049466983045,3,1
farm/phase/yband,"('F47', 0, '[0.6, 0.8)')",rest,18,0.11690697246207583,0.09029115495489509,-0.03491634263507062,0.05950937009747902,0.18331919762475712,0.19951863968478153,0.6951574074074073,0.6602410647723368,0.039802987789153775,5.904247770827377,0.8300984248596001,0.0023220856395434414,0.011345154570705117,0.00121915098300965,0.010126003587695465,12,1
farm/phase/yband,"('F47', 0, '[0.8, 1.0)')",closed,2,0.10088614211868867,0.09654928182476283,-0.09654928182476281,0.09654928182476281,0.09931226626293502,0.09965763931770653,0.9528333333333332,0.8562840515085705,0.032660475813224246,0.48854465623642784,0.9170445606321862,0.0008443215960185503,0.009333692075573696,0.009321763820877476,1.1928254696221482e-05,1,0
farm/phase/yband,"('F47', 0, '[0.8, 1.0)')",rest,6,0.17322385610715227,0.11410100518355874,-0.0720523269779489,0.035611323682985786,0.20382372340337848,0.266224235936748,0.8642291666666666,0.7921768396887178,0.09465725210563232,4.320936622746921,0.6552883216402938,0.010343592467451472,0.01966291185717993,0.005191537822937263,0.01447137403424266,5,0
farm/phase/yband,"('F47', 1, '[-inf, 0.2)')",rest,3,0.04275045098905788,0.03012414040603927,0.02706343536091356,0.01115668794586014,0.05158303718812328,0.05663633084340616,0.1735,0.2005634353609136,0.017949940047021263,0.13158727630328448,0.7294997751593228,0.0004943664975862604,0.0013332345621815795,0.0007324295335343464,0.000600805028647233,3,0
farm/phase/yband,"('F47', 1, '[0.2, 0.4)')",rest,5,0.07695938218459994,0.050592211932146414,0.026963380768754173,0.032111169527557014,0.10908309396523765,0.13398861710848853,0.2748333333333333,0.3017967141020875,0.013890290827370894,0.7107295807482382,0.9392210373727273,0.00035997838855328693,0.005562768117682032,0.0007270239024808224,0.004835744215201209,4,0
farm/phase/yband,"('F47', 1, '[0.4, 0.6)')",closed,4,0.18100128314023428,0.14645771844211009,0.012402026450787307,0.13149274963319416,0.2529910208407962,0.2788562173030627,0.5316979166666667,0.5440999431174539,0.027157529619748186,3.14510059184748,0.9729346711615001,0.000886699809880339,0.03187476468853091,0.000153810260086028,0.031720954428444886,1,0
farm/phase/yband,"('F47', 1, '[0.4, 0.6)')",rest,4,0.1188515841721717,0.07616404172137756,0.044196892611974514,0.030391300447630838,0.14556890625450178,0.1692972304138892,0.45408333333333334,0.49828022594530785,0.02553319065304846,1.3560671097825423,0.6937644432228116,0.004325791316578017,0.0097999077436568,0.0019533653165544076,0.007846542427102393,3,0
farm/phase/yband,"('F47', 1, '[0.6, 0.8)')",closed,1,0.11725314575096882,0.10472516861688368,0.10472516861688368,0.10472516861688368,0.10472516861688368,0.10472516861688368,0.7242083333333333,0.828933501950217,0.01346163361966689,0.32995920452395044,0.79772486718105,0.002780939246663216,0.010967360941834719,0.010967360941834719,0.0,0,0
farm/phase/yband,"('F47', 1, '[0.6, 0.8)')",rest,3,0.20219795529701948,0.17515476962825952,0.006000493402481007,0.18947227708738268,0.25528077105436514,0.26350683280023796,0.6708194444444445,0.6768199378469255,0.029696413011926933,2.943648945093275,0.9283803763883162,0.002928097631840426,0.03795591549445506,3.600592107321809e-05,0.037919909573381844,1,1
