validator,seed,n,baseline,candidate,change_pct
A,7,6336,0.21468522746943028,0.2149201907660698,0.10944548882525496
A,101,6336,0.21624582241083695,0.21555130416404372,-0.32117071166986033
A,2024,6336,0.21587226460361367,0.21498545794687846,-0.41080157210726664
B,7,6312,0.20001294637985037,0.20330430799660745,1.6455742872295787
B,101,6312,0.19978200327411105,0.2039990019055849,2.1108000532399807
B,2024,6312,0.199704936653692,0.20391694655338674,2.109116564804192
DIAG10,7,8640,0.18112483710525534,0.1823919517599725,0.6995808388116309
DIAG10,101,8640,0.18167907699926716,0.18215257077567978,0.2606209720090735
DIAG10,2024,8640,0.18172772536614717,0.18135640676874343,-0.2043268833391343
EXT10,7,1800,0.3967806227013143,0.39849138270180606,0.43116016826747483
EXT10,101,1800,0.40006701351859786,0.3989097459412479,-0.2892684320988548
EXT10,2024,1800,0.39915814533792693,0.3972170583691203,-0.48629521694046884
EXT12,7,4632,0.4141697247001226,0.41029629237220566,-0.9352282643839915
EXT12,101,4632,0.41266052021081456,0.40990003170372125,-0.6689490202947179
EXT12,2024,4632,0.41057611429228097,0.4090740392965702,-0.36584568449626875
