target,category,quality,farm,day,y,pred,n,sse,air,air_n,gap,bias,rmse
TEMP,warmer,best,F13,109,13.106666666666667,11.012970862128995,24.0,209.14194760943906,9.987499999999999,24.0,3.1191666666666684,-2.0936958045376723,2.951990483904032
TEMP,warmer,best,F47,178,20.9725,18.254805776495775,24.0,262.5458151893251,18.441666666666666,24.0,2.5308333333333337,-2.7176942235042247,3.307477734803649
TEMP,warmer,best,F47,191,20.307916666666667,17.09809724921311,24.0,264.0708034363755,17.974999999999998,24.0,2.3329166666666694,-3.2098194174535557,3.317069511358228
TEMP,warmer,worst,F13,109,13.106666666666667,11.012970862128995,24.0,209.14194760943906,9.987499999999999,24.0,3.1191666666666684,-2.0936958045376723,2.951990483904032
TEMP,warmer,worst,F47,178,20.9725,18.254805776495775,24.0,262.5458151893251,18.441666666666666,24.0,2.5308333333333337,-2.7176942235042247,3.307477734803649
TEMP,warmer,worst,F47,191,20.307916666666667,17.09809724921311,24.0,264.0708034363755,17.974999999999998,24.0,2.3329166666666694,-3.2098194174535557,3.317069511358228
TEMP,cooler,best,F13,51,19.703333333333333,19.8147438522803,24.0,1.1870097343543622,21.791666666666668,24.0,-2.0883333333333347,0.1114105189469683,0.22239320792558337
TEMP,cooler,best,F13,194,19.136666666666667,19.303564565696533,24.0,3.5934594818989094,21.154166666666665,24.0,-2.0174999999999983,0.16689789902986618,0.38694635081940565
TEMP,cooler,best,F13,143,13.08375,13.380991919464607,24.0,3.7516986259617036,15.170833333333334,24.0,-2.087083333333334,0.2972419194646072,0.3953742228341874
TEMP,cooler,worst,F47,240,9.450000000000001,10.804188762012545,24.0,69.16501899962786,12.004166666666668,24.0,-2.554166666666667,1.3541887620125443,1.6976088453030518
TEMP,cooler,worst,F47,241,12.025416666666667,13.744694146083233,24.0,78.41743075349154,14.775,24.0,-2.7495833333333337,1.7192774794165668,1.8075931367600806
TEMP,cooler,worst,F47,158,6.489166666666667,8.7945063625229,24.0,152.36483915417716,10.058333333333334,24.0,-3.569166666666667,2.305339695856234,2.519629926151335
EC,high,best,F47,139,1.684375,1.6637904258826106,24.0,0.1470389809731552,,,,-0.020584574117389343,0.07827275520393287
EC,high,best,F13,177,1.0051249999999998,0.9379982645730909,24.0,0.15261050478772417,,,,-0.06712673542690895,0.07974190261601388
EC,high,best,F13,135,1.0125833333333334,1.1258510361053145,24.0,0.36504262893336775,,,,0.11326770277198106,0.12332927283856952
EC,high,worst,F13,178,1.8420416666666668,1.136464358415114,24.0,17.937882145186016,,,,-0.7055773082515528,0.8645297889890303
EC,high,worst,F47,231,2.1767083333333335,1.3658007478619865,24.0,19.005164071702417,,,,-0.810907585471347,0.8898774276949236
EC,high,worst,F47,132,2.7121666666666666,1.2505759431392744,24.0,56.01210654038868,,,,-1.4615907235273922,1.5276903392102061
