validator,fold,seed,sample,hour,group,n,bias,rmse,train_days
DIAG10,0,7,inner,0,all,70,0.00864439278794879,0.18777446088278066,172
DIAG10,0,7,inner,0,true_high,5,-0.15069249120727485,0.47519716918103255,172
DIAG10,0,7,inner,0,pred_high,6,0.014358148627022374,0.5528726440661783,172
DIAG10,0,7,inner,6,all,70,-0.0007615906205894331,0.18674051610854653,172
DIAG10,0,7,inner,6,true_high,5,-0.21338061316985507,0.4946310474013716,172
DIAG10,0,7,inner,6,pred_high,6,-0.0457501709002216,0.555457823027239,172
DIAG10,0,7,inner,23,all,70,0.010647198940939693,0.17655055749053492,172
DIAG10,0,7,inner,23,true_high,5,-0.18076890920509125,0.47553631496553234,172
DIAG10,0,7,inner,23,pred_high,6,-0.035966831239062746,0.5170554246199767,172
DIAG10,0,7,outer,0,all,38,0.008392554404892127,0.12900710078384184,262
DIAG10,0,7,outer,0,true_high,1,-0.3230927048466381,0.3230927048466381,262
DIAG10,0,7,outer,0,pred_high,0,,,262
DIAG10,0,7,outer,6,all,38,0.004418689145198936,0.12714504215601022,262
DIAG10,0,7,outer,6,true_high,1,-0.33272863186325985,0.33272863186325985,262
DIAG10,0,7,outer,6,pred_high,0,,,262
DIAG10,0,7,outer,23,all,38,0.01707286795076685,0.12217806524048631,262
DIAG10,0,7,outer,23,true_high,1,-0.2783483402023982,0.2783483402023982,262
DIAG10,0,7,outer,23,pred_high,0,,,262
DIAG10,0,101,inner,0,all,70,0.013603766679721385,0.1888971703367634,172
DIAG10,0,101,inner,0,true_high,5,-0.1343108756084647,0.48134756757698377,172
DIAG10,0,101,inner,0,pred_high,6,0.028612552054919083,0.5581985481269158,172
DIAG10,0,101,inner,6,all,70,0.005337902980406024,0.1857464231030661,172
DIAG10,0,101,inner,6,true_high,5,-0.1805511319199645,0.4685873682049451,172
DIAG10,0,101,inner,6,pred_high,6,-0.012323008563651058,0.5454064594254837,172
DIAG10,0,101,inner,23,all,70,0.014861871149223549,0.17515091736206545,172
DIAG10,0,101,inner,23,true_high,5,-0.15528959052376567,0.44903611419725864,172
DIAG10,0,101,inner,23,pred_high,6,-0.0099416828122418,0.5036477481448118,172
DIAG10,0,101,outer,0,all,38,0.008507157160493556,0.12797850648690168,262
DIAG10,0,101,outer,0,true_high,1,-0.30902630994401536,0.30902630994401536,262
DIAG10,0,101,outer,0,pred_high,0,,,262
DIAG10,0,101,outer,6,all,38,0.004432501905101376,0.12754783216220322,262
DIAG10,0,101,outer,6,true_high,1,-0.31897200003662884,0.31897200003662884,262
DIAG10,0,101,outer,6,pred_high,0,,,262
DIAG10,0,101,outer,23,all,38,0.01739626716026216,0.1219995450375487,262
DIAG10,0,101,outer,23,true_high,1,-0.2633870279619296,0.2633870279619296,262
DIAG10,0,101,outer,23,pred_high,0,,,262
DIAG10,0,2024,inner,0,all,70,0.010190999751844926,0.18648107721855678,172
DIAG10,0,2024,inner,0,true_high,5,-0.14947285601253268,0.4772763180472882,172
DIAG10,0,2024,inner,0,pred_high,6,0.014273411535583702,0.5526994860320463,172
DIAG10,0,2024,inner,6,all,70,-0.000825474552493291,0.1855282712265263,172
DIAG10,0,2024,inner,6,true_high,5,-0.21028345084771108,0.4886544111234019,172
DIAG10,0,2024,inner,6,pred_high,6,-0.04428654737731178,0.5494295477393096,172
DIAG10,0,2024,inner,23,all,70,0.010198703715055666,0.17505055744840023,172
DIAG10,0,2024,inner,23,true_high,5,-0.1783605527354958,0.4682805545198399,172
DIAG10,0,2024,inner,23,pred_high,6,-0.03665798259564442,0.5079078578675412,172
DIAG10,0,2024,outer,0,all,38,0.013110195911687935,0.12963363925940483,262
DIAG10,0,2024,outer,0,true_high,1,-0.32099434360574186,0.32099434360574186,262
DIAG10,0,2024,outer,0,pred_high,0,,,262
DIAG10,0,2024,outer,6,all,38,0.004536774965068627,0.12781435773067512,262
DIAG10,0,2024,outer,6,true_high,1,-0.3217390522447532,0.3217390522447532,262
DIAG10,0,2024,outer,6,pred_high,0,,,262
DIAG10,0,2024,outer,23,all,38,0.016222852782192553,0.12131457938890848,262
DIAG10,0,2024,outer,23,true_high,1,-0.26817315385252205,0.26817315385252205,262
DIAG10,0,2024,outer,23,pred_high,0,,,262
DIAG10,1,7,inner,0,all,71,-0.02054173788404184,0.15631158883854882,179
DIAG10,1,7,inner,0,true_high,4,-0.40662434320380736,0.4344405387386308,179
DIAG10,1,7,inner,0,pred_high,6,-0.052130151719633554,0.42032334015239303,179
DIAG10,1,7,inner,6,all,71,-0.028434201242422838,0.15735581377854352,179
DIAG10,1,7,inner,6,true_high,4,-0.43627574874168396,0.4702491389712193,179
DIAG10,1,7,inner,6,pred_high,5,-0.1570059608789033,0.4577782185834462,179
DIAG10,1,7,inner,23,all,71,-0.019511604805359222,0.15001153534918021,179
DIAG10,1,7,inner,23,true_high,4,-0.41435100958007576,0.43928299737569404,179
DIAG10,1,7,inner,23,pred_high,6,-0.075555189826426,0.4118431692846078,179
DIAG10,1,7,outer,0,all,30,0.04341774043541158,0.14202019290801163,273
DIAG10,1,7,outer,0,true_high,0,,,273
DIAG10,1,7,outer,0,pred_high,2,0.42298588039374646,0.4395871429401141,273
DIAG10,1,7,outer,6,all,30,0.03158661271602523,0.13337858695652216,273
DIAG10,1,7,outer,6,true_high,0,,,273
DIAG10,1,7,outer,6,pred_high,2,0.3783359694309402,0.4049309594243071,273
DIAG10,1,7,outer,23,all,30,0.036292760012474126,0.12422269012115454,273
DIAG10,1,7,outer,23,true_high,0,,,273
DIAG10,1,7,outer,23,pred_high,2,0.28983928595607433,0.3562813496770192,273
DIAG10,1,101,inner,0,all,71,-0.01784259101977752,0.15608461667824497,179
DIAG10,1,101,inner,0,true_high,4,-0.4059942803055774,0.43537471478999856,179
DIAG10,1,101,inner,0,pred_high,6,-0.05544265336527108,0.4187813194043902,179
DIAG10,1,101,inner,6,all,71,-0.027068605984426675,0.15774615140718817,179
DIAG10,1,101,inner,6,true_high,4,-0.44326211578223684,0.4746647259713401,179
DIAG10,1,101,inner,6,pred_high,6,-0.09668353944065539,0.42756112512046673,179
DIAG10,1,101,inner,23,all,71,-0.018992919554910004,0.15014179144327697,179
DIAG10,1,101,inner,23,true_high,4,-0.41995873415782436,0.44426660869891466,179
DIAG10,1,101,inner,23,pred_high,6,-0.08264104629843448,0.4101710790243816,179
DIAG10,1,101,outer,0,all,30,0.033989683779553165,0.13670432198651503,273
DIAG10,1,101,outer,0,true_high,0,,,273
DIAG10,1,101,outer,0,pred_high,2,0.41416046163598447,0.42707506244917764,273
DIAG10,1,101,outer,6,all,30,0.030859630892222514,0.131975526632322,273
DIAG10,1,101,outer,6,true_high,0,,,273
DIAG10,1,101,outer,6,pred_high,2,0.38229948730657043,0.4034780306866033,273
DIAG10,1,101,outer,23,all,30,0.036299557112646326,0.12300285100279242,273
DIAG10,1,101,outer,23,true_high,0,,,273
DIAG10,1,101,outer,23,pred_high,2,0.27759401971592823,0.34820586772782575,273
DIAG10,1,2024,inner,0,all,71,-0.018196822095427983,0.15232611800223278,179
DIAG10,1,2024,inner,0,true_high,4,-0.39306248984062353,0.42315584017020447,179
DIAG10,1,2024,inner,0,pred_high,6,-0.05016815777666944,0.41003230238612326,179
DIAG10,1,2024,inner,6,all,71,-0.02847814018952337,0.1548819571020053,179
DIAG10,1,2024,inner,6,true_high,4,-0.43640410720715234,0.4695822662281128,179
DIAG10,1,2024,inner,6,pred_high,6,-0.09447969388992582,0.4237794342446605,179
DIAG10,1,2024,inner,23,all,71,-0.019771401846583256,0.14886404404391906,179
DIAG10,1,2024,inner,23,true_high,4,-0.4142384205658256,0.44012218417662474,179
DIAG10,1,2024,inner,23,pred_high,6,-0.07706030506013785,0.4101431808937507,179
DIAG10,1,2024,outer,0,all,30,0.038649353490667025,0.13875786581355543,273
DIAG10,1,2024,outer,0,true_high,0,,,273
DIAG10,1,2024,outer,0,pred_high,2,0.41744709735584135,0.4308791898326582,273
DIAG10,1,2024,outer,6,all,30,0.030762744315019727,0.1318793716241386,273
DIAG10,1,2024,outer,6,true_high,0,,,273
DIAG10,1,2024,outer,6,pred_high,2,0.37673609754638787,0.3990238775927445,273
DIAG10,1,2024,outer,23,all,30,0.036275642598187746,0.12214820866560168,273
DIAG10,1,2024,outer,23,true_high,0,,,273
DIAG10,1,2024,outer,23,pred_high,2,0.2809714823115601,0.3464226544857368,273
DIAG10,2,7,inner,0,all,70,0.020996979844455265,0.21688228819649732,168
DIAG10,2,7,inner,0,true_high,5,-0.3853330188327508,0.6056803651624912,168
DIAG10,2,7,inner,0,pred_high,10,0.039332222581614305,0.5142500887875102,168
DIAG10,2,7,inner,6,all,70,0.008163551834219138,0.2063821246917184,168
DIAG10,2,7,inner,6,true_high,5,-0.39657004059732903,0.6086774312825116,168
DIAG10,2,7,inner,6,pred_high,9,-0.006334852601484229,0.5147057556390984,168
DIAG10,2,7,inner,23,all,70,0.016741225555662435,0.19648482147479604,168
DIAG10,2,7,inner,23,true_high,5,-0.3479032599074467,0.576264622252037,168
DIAG10,2,7,inner,23,pred_high,11,0.040768374851511545,0.46386292005817953,168
DIAG10,2,7,outer,0,all,40,-0.007459951118364097,0.12002666296363027,259
DIAG10,2,7,outer,0,true_high,3,-0.1765006574281256,0.2732616582297082,259
DIAG10,2,7,outer,0,pred_high,2,-0.029663233079743945,0.03841090350118106,259
DIAG10,2,7,outer,6,all,40,-0.017970353914222238,0.12350268457383794,259
DIAG10,2,7,outer,6,true_high,3,-0.21210474392783993,0.2950459242876369,259
DIAG10,2,7,outer,6,pred_high,2,-0.06997327313368396,0.08595176871820741,259
DIAG10,2,7,outer,23,all,40,-0.009175108448721866,0.10945032630690388,259
DIAG10,2,7,outer,23,true_high,3,-0.1727799675903863,0.2618461048234269,259
DIAG10,2,7,outer,23,pred_high,2,-0.036511071054664446,0.06075458778041505,259
DIAG10,2,101,inner,0,all,70,0.01825227769185725,0.21385645743284118,168
DIAG10,2,101,inner,0,true_high,5,-0.383421253302019,0.6064800124738128,168
DIAG10,2,101,inner,0,pred_high,10,0.03359871321523953,0.50450750319888,168
DIAG10,2,101,inner,6,all,70,0.00947233038574372,0.2074791580471354,168
DIAG10,2,101,inner,6,true_high,5,-0.39334017303602564,0.609821050645935,168
DIAG10,2,101,inner,6,pred_high,10,0.011427013123159968,0.49121454821034444,168
DIAG10,2,101,inner,23,all,70,0.018665898410081486,0.19800130606506944,168
DIAG10,2,101,inner,23,true_high,5,-0.345311957083827,0.5783970456419885,168
DIAG10,2,101,inner,23,pred_high,10,0.02976458420227417,0.48290292696391324,168
DIAG10,2,101,outer,0,all,40,-0.012675892712279263,0.12071796760226836,259
DIAG10,2,101,outer,0,true_high,3,-0.20133072064025337,0.281120440524715,259
DIAG10,2,101,outer,0,pred_high,2,-0.06307027478860527,0.06612088483640985,259
DIAG10,2,101,outer,6,all,40,-0.0231047374222019,0.12367796327416894,259
DIAG10,2,101,outer,6,true_high,3,-0.2268285344921502,0.3003855720423741,259
DIAG10,2,101,outer,6,pred_high,2,-0.08949303087536298,0.09796092415489242,259
DIAG10,2,101,outer,23,all,40,-0.014117713015668465,0.1102777351488782,259
DIAG10,2,101,outer,23,true_high,3,-0.18947717878925596,0.26606756799333003,259
DIAG10,2,101,outer,23,pred_high,2,-0.05927738991025444,0.07066383846131666,259
DIAG10,2,2024,inner,0,all,70,0.02593710411429938,0.21091642210137643,168
DIAG10,2,2024,inner,0,true_high,5,-0.3669124690011447,0.5805638557604406,168
DIAG10,2,2024,inner,0,pred_high,10,0.05480463082539777,0.5001292152089486,168
DIAG10,2,2024,inner,6,all,70,0.01337419522457443,0.20561527484209605,168
DIAG10,2,2024,inner,6,true_high,5,-0.3900534030423565,0.5987703529185906,168
DIAG10,2,2024,inner,6,pred_high,10,0.017043805617157258,0.4878592153517337,168
DIAG10,2,2024,inner,23,all,70,0.019747524649666417,0.195769736858913,168
DIAG10,2,2024,inner,23,true_high,5,-0.3482678210437184,0.5699796761157703,168
DIAG10,2,2024,inner,23,pred_high,11,0.04824492871407531,0.46108203712203305,168
DIAG10,2,2024,outer,0,all,40,-0.012365255299588217,0.11973833705269858,259
DIAG10,2,2024,outer,0,true_high,3,-0.19112757002833056,0.27741630460824707,259
DIAG10,2,2024,outer,0,pred_high,2,-0.04939882079135138,0.053143348323966604,259
DIAG10,2,2024,outer,6,all,40,-0.022977875807606508,0.12356891545924044,259
DIAG10,2,2024,outer,6,true_high,3,-0.22567454099504544,0.29720440309642904,259
DIAG10,2,2024,outer,6,pred_high,2,-0.09110960389504308,0.10039910946616626,259
DIAG10,2,2024,outer,23,all,40,-0.014467949773410246,0.11009763621622999,259
DIAG10,2,2024,outer,23,true_high,3,-0.18406694754848274,0.2632334134418887,259
DIAG10,2,2024,outer,23,pred_high,2,-0.0534130435670751,0.0689812184948065,259
DIAG10,3,7,inner,0,all,72,0.02220708299675241,0.11751114511394559,174
DIAG10,3,7,inner,0,true_high,6,-0.0684822322698222,0.17458647425004425,174
DIAG10,3,7,inner,0,pred_high,7,0.02547772442511961,0.2751839415031443,174
DIAG10,3,7,inner,6,all,72,0.01809965051914736,0.11346061791184514,174
DIAG10,3,7,inner,6,true_high,6,-0.06399776988980455,0.17762825193814816,174
DIAG10,3,7,inner,6,pred_high,7,0.026606191922575424,0.2711017167545675,174
DIAG10,3,7,inner,23,all,72,0.021189516269455214,0.10188406359637767,174
DIAG10,3,7,inner,23,true_high,6,-0.06158426964054586,0.1707108743990743,174
DIAG10,3,7,inner,23,pred_high,7,0.014453043501389207,0.23796457751530725,174
DIAG10,3,7,outer,0,all,33,-0.005223941050382256,0.12242816751141085,267
DIAG10,3,7,outer,0,true_high,4,-0.17998014798508144,0.25077419899416914,267
DIAG10,3,7,outer,0,pred_high,1,0.04090088900080979,0.04090088900080979,267
DIAG10,3,7,outer,6,all,33,-0.012685400639622469,0.12129037410409886,267
DIAG10,3,7,outer,6,true_high,4,-0.19749345049156258,0.26437425709916773,267
DIAG10,3,7,outer,6,pred_high,1,0.014490187173678448,0.014490187173678448,267
DIAG10,3,7,outer,23,all,33,0.0021927802085798882,0.10012280293240429,267
DIAG10,3,7,outer,23,true_high,4,-0.1554934126112207,0.19365161772336809,267
DIAG10,3,7,outer,23,pred_high,1,-0.05860803461547692,0.05860803461547692,267
DIAG10,3,101,inner,0,all,72,0.0192959289345316,0.11054744357733759,174
DIAG10,3,101,inner,0,true_high,6,-0.04326491883729603,0.13621909538659963,174
DIAG10,3,101,inner,0,pred_high,7,0.04468006889523849,0.25040492030670025,174
DIAG10,3,101,inner,6,all,72,0.01636955627521481,0.10844218541875322,174
DIAG10,3,101,inner,6,true_high,6,-0.06439241089816265,0.16329086745982951,174
DIAG10,3,101,inner,6,pred_high,7,0.020685519282736715,0.2513128557923034,174
DIAG10,3,101,inner,23,all,72,0.020092626279286915,0.09730446648360454,174
DIAG10,3,101,inner,23,true_high,6,-0.056906130783160126,0.1580100652708353,174
DIAG10,3,101,inner,23,pred_high,7,0.013913043317368836,0.22115707898923698,174
DIAG10,3,101,outer,0,all,33,-0.007021314779528723,0.1139683475116384,267
DIAG10,3,101,outer,0,true_high,4,-0.17853770810857852,0.23942528470673463,267
DIAG10,3,101,outer,0,pred_high,1,0.02860755131889725,0.02860755131889725,267
DIAG10,3,101,outer,6,all,33,-0.010529107613609328,0.116952385574988,267
DIAG10,3,101,outer,6,true_high,4,-0.18769614192085654,0.2504436304127387,267
DIAG10,3,101,outer,6,pred_high,1,0.020003310097345794,0.020003310097345794,267
DIAG10,3,101,outer,23,all,33,0.004615415711393042,0.09566369060897562,267
DIAG10,3,101,outer,23,true_high,4,-0.1447294744667273,0.17833510077345222,267
DIAG10,3,101,outer,23,pred_high,1,-0.06195462843398891,0.06195462843398891,267
DIAG10,3,2024,inner,0,all,72,0.023804516438788954,0.11114630812682903,174
DIAG10,3,2024,inner,0,true_high,6,-0.06019948864344438,0.16169546474714208,174
DIAG10,3,2024,inner,0,pred_high,7,0.021006319500409893,0.24353985450854337,174
DIAG10,3,2024,inner,6,all,72,0.018271106388103236,0.10808937384958574,174
DIAG10,3,2024,inner,6,true_high,6,-0.07166369302345381,0.17387961234057503,174
DIAG10,3,2024,inner,6,pred_high,7,0.011490029637375348,0.251261247221191,174
DIAG10,3,2024,inner,23,all,72,0.020626382053331428,0.0987939517362431,174
DIAG10,3,2024,inner,23,true_high,6,-0.06891052036932184,0.16920807296624857,174
DIAG10,3,2024,inner,23,pred_high,7,0.001958343287758727,0.224964677770038,174
DIAG10,3,2024,outer,0,all,33,0.00098236807125133,0.11341827868624207,267
DIAG10,3,2024,outer,0,true_high,4,-0.17523819870062166,0.22684507818745345,267
DIAG10,3,2024,outer,0,pred_high,1,0.008169338556792471,0.008169338556792471,267
DIAG10,3,2024,outer,6,all,33,-0.008837094246294992,0.11682857783133103,267
DIAG10,3,2024,outer,6,true_high,4,-0.18985526582427695,0.24600838880999276,267
DIAG10,3,2024,outer,6,pred_high,1,0.0006803605734435614,0.0006803605734435614,267
DIAG10,3,2024,outer,23,all,33,0.0055720719953105844,0.09655438900635994,267
DIAG10,3,2024,outer,23,true_high,4,-0.14239698511637341,0.17637374480934442,267
DIAG10,3,2024,outer,23,pred_high,1,-0.055902954386409576,0.055902954386409576,267
DIAG10,4,7,inner,0,all,69,0.02964548247940475,0.22559103639230382,164
DIAG10,4,7,inner,0,true_high,6,-0.05420821855570782,0.5974943159971204,164
DIAG10,4,7,inner,0,pred_high,9,0.13748496850490172,0.5797475957673057,164
DIAG10,4,7,inner,6,all,69,0.020782519777076583,0.22168529618668234,164
DIAG10,4,7,inner,6,true_high,6,-0.07792251853201453,0.592307565738792,164
DIAG10,4,7,inner,6,pred_high,9,0.11725384121585217,0.5716157799577142,164
DIAG10,4,7,inner,23,all,69,0.024582283675668407,0.20967223887361786,164
DIAG10,4,7,inner,23,true_high,6,-0.10068095793176375,0.5557339711854936,164
DIAG10,4,7,inner,23,pred_high,9,0.06310589056442145,0.5240383846545125,164
DIAG10,4,7,outer,0,all,40,-0.00687161019338115,0.23421617527052344,255
DIAG10,4,7,outer,0,true_high,2,-0.7481099453445917,0.7610138608906947,255
DIAG10,4,7,outer,0,pred_high,3,0.4638631946337639,0.48882956184975423,255
DIAG10,4,7,outer,6,all,40,-0.01082535982973028,0.23067038643008952,255
DIAG10,4,7,outer,6,true_high,2,-0.759143141024016,0.7705251673170684,255
DIAG10,4,7,outer,6,pred_high,3,0.4272867618247085,0.45356718911364624,255
DIAG10,4,7,outer,23,all,40,0.0023264839050938834,0.198048904947976,255
DIAG10,4,7,outer,23,true_high,2,-0.5749360320606786,0.5895918791897137,255
DIAG10,4,7,outer,23,pred_high,5,0.01807194035823163,0.5009225417955755,255
DIAG10,4,101,inner,0,all,69,0.03459185009422338,0.22348916869832372,164
DIAG10,4,101,inner,0,true_high,6,-0.02433940349565981,0.5806544970863066,164
DIAG10,4,101,inner,0,pred_high,9,0.15958216443587403,0.5697861651710536,164
DIAG10,4,101,inner,6,all,69,0.02284718519720938,0.2201122729126474,164
DIAG10,4,101,inner,6,true_high,6,-0.06105956979214777,0.5830030928816307,164
DIAG10,4,101,inner,6,pred_high,9,0.12944480344260637,0.565257263366563,164
DIAG10,4,101,inner,23,all,69,0.024643311065866074,0.2096467594077377,164
DIAG10,4,101,inner,23,true_high,6,-0.09774168108638977,0.5531723696614024,164
DIAG10,4,101,inner,23,pred_high,10,0.08650789803961609,0.5029814763425877,164
DIAG10,4,101,outer,0,all,40,-0.0033910086153368193,0.2331841716998622,255
DIAG10,4,101,outer,0,true_high,2,-0.7405987952631109,0.7528237026024606,255
DIAG10,4,101,outer,0,pred_high,3,0.44793938009069073,0.46985733896947923,255
DIAG10,4,101,outer,6,all,40,-0.00894786967191941,0.2336068756321094,255
DIAG10,4,101,outer,6,true_high,2,-0.7666338538213828,0.7781308357506227,255
DIAG10,4,101,outer,6,pred_high,3,0.4223158375979387,0.446208737805802,255
DIAG10,4,101,outer,23,all,40,0.004604894845823297,0.20194093282365957,255
DIAG10,4,101,outer,23,true_high,2,-0.5806631028921259,0.5960055892795662,255
DIAG10,4,101,outer,23,pred_high,5,0.0172863784528432,0.5040277065035222,255
DIAG10,4,2024,inner,0,all,69,0.03635977062685103,0.22682243398526195,164
DIAG10,4,2024,inner,0,true_high,6,-0.0002648048269999019,0.5986412436803717,164
DIAG10,4,2024,inner,0,pred_high,9,0.17425835196408088,0.5824243043897361,164
DIAG10,4,2024,inner,6,all,69,0.026652832722135592,0.22479062938105,164
DIAG10,4,2024,inner,6,true_high,6,-0.048902447240333956,0.5970431920482445,164
DIAG10,4,2024,inner,6,pred_high,9,0.1417349648349177,0.5794311741323619,164
DIAG10,4,2024,inner,23,all,69,0.027813775476959055,0.21113349986025584,164
DIAG10,4,2024,inner,23,true_high,6,-0.08239847079023373,0.556459653294239,164
DIAG10,4,2024,inner,23,pred_high,9,0.07907050182027908,0.527234264290154,164
DIAG10,4,2024,outer,0,all,40,0.001819020510134555,0.23982862405127972,255
DIAG10,4,2024,outer,0,true_high,2,-0.7389832211837948,0.7515567446869542,255
DIAG10,4,2024,outer,0,pred_high,3,0.47625419320132006,0.4998984036900494,255
DIAG10,4,2024,outer,6,all,40,-0.006292612196308135,0.23434387019207303,255
DIAG10,4,2024,outer,6,true_high,2,-0.7592139314337356,0.7705033288632746,255
DIAG10,4,2024,outer,6,pred_high,3,0.4259369494141452,0.4539120559186618,255
DIAG10,4,2024,outer,23,all,40,0.0041249326708698185,0.20047834437661577,255
DIAG10,4,2024,outer,23,true_high,2,-0.5772231553069741,0.5920980671777611,255
DIAG10,4,2024,outer,23,pred_high,5,0.015092534023369497,0.5000224743326428,255
DIAG10,5,7,inner,0,all,70,0.03814300121060533,0.20593643555135105,178
DIAG10,5,7,inner,0,true_high,4,-0.3860914692475468,0.49435292885726734,178
DIAG10,5,7,inner,0,pred_high,2,0.39331073992181315,0.4662331425125967,178
DIAG10,5,7,inner,6,all,70,0.02763443257863344,0.2023209407426747,178
DIAG10,5,7,inner,6,true_high,4,-0.413641459181823,0.5202313153415372,178
DIAG10,5,7,inner,6,pred_high,2,0.2748551224549571,0.3106730822246755,178
DIAG10,5,7,inner,23,all,70,0.03858314411981599,0.19021800136206246,178
DIAG10,5,7,inner,23,true_high,4,-0.32829262222805083,0.4375317139392615,178
DIAG10,5,7,inner,23,pred_high,4,0.16918545230332557,0.34704768464814695,178
DIAG10,5,7,outer,0,all,28,-0.036858958832521584,0.2987596781108613,274
DIAG10,5,7,outer,0,true_high,3,-0.3710590793635855,0.8904451176797676,274
DIAG10,5,7,outer,0,pred_high,4,-0.22191330700343895,0.7793488631415999,274
DIAG10,5,7,outer,6,all,28,-0.048144961432103,0.30244067126613094,274
DIAG10,5,7,outer,6,true_high,3,-0.40884059236527204,0.9027102840507599,274
DIAG10,5,7,outer,6,pred_high,4,-0.2547935906005122,0.7886143736283914,274
DIAG10,5,7,outer,23,all,28,-0.03994355291508161,0.28728419230972424,274
DIAG10,5,7,outer,23,true_high,3,-0.3725356810777662,0.8567976964403657,274
DIAG10,5,7,outer,23,pred_high,4,-0.22304282300357361,0.750521178216216,274
DIAG10,5,101,inner,0,all,70,0.03820880914038558,0.2075258304861018,178
DIAG10,5,101,inner,0,true_high,4,-0.3894899552997335,0.4996420599226132,178
DIAG10,5,101,inner,0,pred_high,3,0.3994943684335787,0.44898419592926964,178
DIAG10,5,101,inner,6,all,70,0.02996097294405635,0.20263715173992214,178
DIAG10,5,101,inner,6,true_high,4,-0.4205996788998956,0.5207176790496643,178
DIAG10,5,101,inner,6,pred_high,3,0.3060713505523999,0.33683607891234507,178
DIAG10,5,101,inner,23,all,70,0.04136179159261369,0.1914858008088336,178
DIAG10,5,101,inner,23,true_high,4,-0.3277756517534849,0.4351017181769679,178
DIAG10,5,101,inner,23,pred_high,3,0.07167539554575635,0.2954259466047934,178
DIAG10,5,101,outer,0,all,28,-0.033223438860904356,0.30289037361175164,274
DIAG10,5,101,outer,0,true_high,3,-0.3596392736284337,0.8997412175699278,274
DIAG10,5,101,outer,0,pred_high,4,-0.20595669865542363,0.7895685859162058,274
DIAG10,5,101,outer,6,all,28,-0.04554064495589767,0.3064788943327533,274
DIAG10,5,101,outer,6,true_high,3,-0.40049466061860195,0.9113329559811633,274
DIAG10,5,101,outer,6,pred_high,4,-0.23874963656971096,0.7988019685634951,274
DIAG10,5,101,outer,23,all,28,-0.037952080734022245,0.29148058327901744,274
DIAG10,5,101,outer,23,true_high,3,-0.369084655730193,0.8671475637874472,274
DIAG10,5,101,outer,23,pred_high,4,-0.21413655247079924,0.7613621135375748,274
DIAG10,5,2024,inner,0,all,70,0.04115594177940765,0.2068803253778466,178
DIAG10,5,2024,inner,0,true_high,4,-0.3894572753908361,0.4996749002685275,178
DIAG10,5,2024,inner,0,pred_high,2,0.38936094652550274,0.45914930542757276,178
DIAG10,5,2024,inner,6,all,70,0.026992691923435844,0.2012333424947564,178
DIAG10,5,2024,inner,6,true_high,4,-0.427623663092103,0.5329124141425636,178
DIAG10,5,2024,inner,6,pred_high,2,0.2677664512410513,0.30591473969879235,178
DIAG10,5,2024,inner,23,all,70,0.038519153826054406,0.19119571739598054,178
DIAG10,5,2024,inner,23,true_high,4,-0.3374043937447224,0.4463231376526321,178
DIAG10,5,2024,inner,23,pred_high,3,0.07058464793327164,0.29843835078739905,178
DIAG10,5,2024,outer,0,all,28,-0.03305475615811916,0.2985069982116997,274
DIAG10,5,2024,outer,0,true_high,3,-0.3607199726891414,0.8860641103609266,274
DIAG10,5,2024,outer,0,pred_high,4,-0.20777552286468678,0.777553672634657,274
DIAG10,5,2024,outer,6,all,28,-0.046928081357611964,0.3026911666506754,274
DIAG10,5,2024,outer,6,true_high,3,-0.40448142969664785,0.900100340865419,274
DIAG10,5,2024,outer,6,pred_high,4,-0.24449453650393668,0.7883505209315791,274
DIAG10,5,2024,outer,23,all,28,-0.038178605288312295,0.2880302833834918,274
DIAG10,5,2024,outer,23,true_high,3,-0.3705598391487452,0.8565897899760324,274
DIAG10,5,2024,outer,23,pred_high,4,-0.2161963734867954,0.7520297307475784,274
DIAG10,6,7,inner,0,all,70,-0.023429193658887734,0.22961696690512332,169
DIAG10,6,7,inner,0,true_high,6,-0.5458949764921978,0.6947440666612211,169
DIAG10,6,7,inner,0,pred_high,5,0.062179180162874735,0.2905796839232894,169
DIAG10,6,7,inner,6,all,70,-0.034513011147333995,0.22877010311767498,169
DIAG10,6,7,inner,6,true_high,6,-0.5755578003882323,0.7132941771992263,169
DIAG10,6,7,inner,6,pred_high,3,0.014354816704732229,0.2740843068830576,169
DIAG10,6,7,inner,23,all,70,-0.025814467309792234,0.2225596556388856,169
DIAG10,6,7,inner,23,true_high,6,-0.5470236344196784,0.6856271557892337,169
DIAG10,6,7,inner,23,pred_high,4,-0.04257756261005988,0.2775370971369728,169
DIAG10,6,7,outer,0,all,40,-0.020552646135063808,0.09942726298017356,262
DIAG10,6,7,outer,0,true_high,4,-0.1269253114081747,0.23310663848428073,262
DIAG10,6,7,outer,0,pred_high,3,-0.058420250017004426,0.18871330682560775,262
DIAG10,6,7,outer,6,all,40,-0.02317489770317022,0.10364360187239306,262
DIAG10,6,7,outer,6,true_high,4,-0.10734857963620964,0.25185909673547624,262
DIAG10,6,7,outer,6,pred_high,3,-0.025056102953044796,0.20676552944159024,262
DIAG10,6,7,outer,23,all,40,-0.014641565616409677,0.08982111422688255,262
DIAG10,6,7,outer,23,true_high,4,-0.08225355000691198,0.20803054707934338,262
DIAG10,6,7,outer,23,pred_high,3,0.0062237584706431965,0.13193640417625274,262
DIAG10,6,101,inner,0,all,70,-0.018865464678999348,0.22874530412292746,169
DIAG10,6,101,inner,0,true_high,6,-0.5401625912355553,0.682066797336373,169
DIAG10,6,101,inner,0,pred_high,5,0.07981408400791956,0.3207003150982827,169
DIAG10,6,101,inner,6,all,70,-0.031415918062683186,0.23024414664390583,169
DIAG10,6,101,inner,6,true_high,6,-0.5755978456550644,0.7112703827932525,169
DIAG10,6,101,inner,6,pred_high,3,0.038552622936959456,0.3096056180335172,169
DIAG10,6,101,inner,23,all,70,-0.023562438813405633,0.22339374076259955,169
DIAG10,6,101,inner,23,true_high,6,-0.5435878939203277,0.6828110667710342,169
DIAG10,6,101,inner,23,pred_high,4,-0.027915909947857337,0.2950457532486286,169
DIAG10,6,101,outer,0,all,40,-0.017027395738171427,0.09785922959030238,262
DIAG10,6,101,outer,0,true_high,4,-0.10187796101241492,0.22491874445243507,262
DIAG10,6,101,outer,0,pred_high,3,-0.022722117132434844,0.1704879302089247,262
DIAG10,6,101,outer,6,all,40,-0.02333324507766644,0.10433069315020982,262
DIAG10,6,101,outer,6,true_high,4,-0.11166906982216246,0.25491123111488345,262
DIAG10,6,101,outer,6,pred_high,3,-0.025799153687809866,0.2029384942983192,262
DIAG10,6,101,outer,23,all,40,-0.0131811517910973,0.08964498084997208,262
DIAG10,6,101,outer,23,true_high,4,-0.07854731311694904,0.20721944184881633,262
DIAG10,6,101,outer,23,pred_high,3,0.011995251970728852,0.12798053475251478,262
DIAG10,6,2024,inner,0,all,70,-0.02077201548579412,0.2301156413847705,169
DIAG10,6,2024,inner,0,true_high,6,-0.5570639389396786,0.6966446841688594,169
DIAG10,6,2024,inner,0,pred_high,5,0.042550982456415774,0.2976132088058952,169
DIAG10,6,2024,inner,6,all,70,-0.03348189941179706,0.2326962252101759,169
DIAG10,6,2024,inner,6,true_high,6,-0.5901756658830626,0.7241729333878129,169
DIAG10,6,2024,inner,6,pred_high,3,0.013592914983560855,0.2946837707646894,169
DIAG10,6,2024,inner,23,all,70,-0.024972446294554976,0.2256617782075238,169
DIAG10,6,2024,inner,23,true_high,6,-0.5595773804679482,0.694693656191165,169
DIAG10,6,2024,inner,23,pred_high,4,-0.05045669343858397,0.2945069313519705,169
DIAG10,6,2024,outer,0,all,40,-0.013748310721596093,0.09480629254145943,262
DIAG10,6,2024,outer,0,true_high,4,-0.09961063216486327,0.21466624297644038,262
DIAG10,6,2024,outer,0,pred_high,4,-0.09961063216486327,0.21466624297644038,262
DIAG10,6,2024,outer,6,all,40,-0.020965302459775244,0.10128893466445164,262
DIAG10,6,2024,outer,6,true_high,4,-0.10450738586382002,0.24532235478184944,262
DIAG10,6,2024,outer,6,pred_high,3,-0.022351327287383354,0.19794644577699413,262
DIAG10,6,2024,outer,23,all,40,-0.013188387404133872,0.08908266426839533,262
DIAG10,6,2024,outer,23,true_high,4,-0.0809102863682408,0.20597695384303358,262
DIAG10,6,2024,outer,23,pred_high,3,0.007162597869744047,0.12986151273031724,262
DIAG10,7,7,inner,0,all,70,0.01163768955650081,0.1890163711487695,178
DIAG10,7,7,inner,0,true_high,6,-0.2503554390939157,0.40927744721147946,178
DIAG10,7,7,inner,0,pred_high,5,0.09297739737415804,0.327964872083408,178
DIAG10,7,7,inner,6,all,70,0.0037345608214776455,0.1785411497269837,178
DIAG10,7,7,inner,6,true_high,6,-0.26662477222014136,0.41602676075867856,178
DIAG10,7,7,inner,6,pred_high,5,0.04531185203730159,0.25568397137257803,178
DIAG10,7,7,inner,23,all,70,0.007932182510833932,0.15405061441202908,178
DIAG10,7,7,inner,23,true_high,6,-0.22599840295433662,0.3402718521744186,178
DIAG10,7,7,inner,23,pred_high,6,-0.08668802384433888,0.3572897419919161,178
DIAG10,7,7,outer,0,all,31,-0.05943510596935776,0.15051222672915174,274
DIAG10,7,7,outer,0,true_high,4,-0.2647421023866433,0.34178401016265847,274
DIAG10,7,7,outer,0,pred_high,4,-0.2647421023866433,0.34178401016265847,274
DIAG10,7,7,outer,6,all,31,-0.06501876072635521,0.15386706186768137,274
DIAG10,7,7,outer,6,true_high,4,-0.2938467964913267,0.3601107482308523,274
DIAG10,7,7,outer,6,pred_high,4,-0.2938467964913267,0.3601107482308523,274
DIAG10,7,7,outer,23,all,31,-0.049662249750350065,0.13813835102321648,274
DIAG10,7,7,outer,23,true_high,4,-0.2617256780610357,0.32129256132162004,274
DIAG10,7,7,outer,23,pred_high,4,-0.2617256780610357,0.32129256132162004,274
DIAG10,7,101,inner,0,all,70,0.009014252884567437,0.18664918127199562,178
DIAG10,7,101,inner,0,true_high,6,-0.24964209317545247,0.40763824274991745,178
DIAG10,7,101,inner,0,pred_high,5,0.09513358759910592,0.3204694168867708,178
DIAG10,7,101,inner,6,all,70,0.0016892024879276665,0.1758771717268453,178
DIAG10,7,101,inner,6,true_high,6,-0.2670787585779779,0.41661973911313915,178
DIAG10,7,101,inner,6,pred_high,5,0.04418314097610352,0.25336646316740313,178
DIAG10,7,101,inner,23,all,70,0.006986776164565267,0.15405900397229466,178
DIAG10,7,101,inner,23,true_high,6,-0.2282029978919856,0.34292733481229093,178
DIAG10,7,101,inner,23,pred_high,6,-0.09011215631813191,0.3591445205322164,178
DIAG10,7,101,outer,0,all,31,-0.05347651569277293,0.14751703932827187,274
DIAG10,7,101,outer,0,true_high,4,-0.2601512616542187,0.34254642316384626,274
DIAG10,7,101,outer,0,pred_high,4,-0.2601512616542187,0.34254642316384626,274
DIAG10,7,101,outer,6,all,31,-0.061617256511403984,0.149784426097356,274
DIAG10,7,101,outer,6,true_high,4,-0.28454545559389743,0.35465666914785887,274
DIAG10,7,101,outer,6,pred_high,4,-0.28454545559389743,0.35465666914785887,274
DIAG10,7,101,outer,23,all,31,-0.04619800580865934,0.13503373473538433,274
DIAG10,7,101,outer,23,true_high,4,-0.2547949220588252,0.3155798267905896,274
DIAG10,7,101,outer,23,pred_high,4,-0.2547949220588252,0.3155798267905896,274
DIAG10,7,2024,inner,0,all,70,0.008936598638771215,0.18697474618140428,178
DIAG10,7,2024,inner,0,true_high,6,-0.2597982594330087,0.4004036376675585,178
DIAG10,7,2024,inner,0,pred_high,5,0.07385775456105328,0.31645234193050087,178
DIAG10,7,2024,inner,6,all,70,0.0007156270978147322,0.17488033825740734,178
DIAG10,7,2024,inner,6,true_high,6,-0.27639179227341215,0.4132937986294979,178
DIAG10,7,2024,inner,6,pred_high,5,0.028377003332000307,0.25335303260362557,178
DIAG10,7,2024,inner,23,all,70,0.006584263746674249,0.1525678637349379,178
DIAG10,7,2024,inner,23,true_high,6,-0.2328826947075119,0.341852751056854,178
DIAG10,7,2024,inner,23,pred_high,6,-0.09618946159481291,0.357909129383002,178
DIAG10,7,2024,outer,0,all,31,-0.059144092206956704,0.14975473190914834,274
DIAG10,7,2024,outer,0,true_high,4,-0.26225273612910305,0.3385761083454588,274
DIAG10,7,2024,outer,0,pred_high,4,-0.26225273612910305,0.3385761083454588,274
DIAG10,7,2024,outer,6,all,31,-0.06670529251827124,0.15479236185523979,274
DIAG10,7,2024,outer,6,true_high,4,-0.29180071698089904,0.3600222215369104,274
DIAG10,7,2024,outer,6,pred_high,4,-0.29180071698089904,0.3600222215369104,274
DIAG10,7,2024,outer,23,all,31,-0.05033067352099462,0.13939212148658328,274
DIAG10,7,2024,outer,23,true_high,4,-0.2574964205164135,0.32065895885780693,274
DIAG10,7,2024,outer,23,pred_high,4,-0.2574964205164135,0.32065895885780693,274
DIAG10,8,7,inner,0,all,69,0.004094493494116595,0.15542414898012027,167
DIAG10,8,7,inner,0,true_high,2,-0.3669100188884968,0.39005557246342654,167
DIAG10,8,7,inner,0,pred_high,2,0.1851056291864172,0.4586622887326613,167
DIAG10,8,7,inner,6,all,69,-0.0013205798625105674,0.15882215875562905,167
DIAG10,8,7,inner,6,true_high,2,-0.411665434828215,0.42647659543206323,167
DIAG10,8,7,inner,6,pred_high,1,0.5772781300394422,0.5772781300394422,167
DIAG10,8,7,inner,23,all,69,0.009202974321718021,0.15620616057331912,167
DIAG10,8,7,inner,23,true_high,2,-0.34439084325545577,0.3618865167986883,167
DIAG10,8,7,inner,23,pred_high,2,0.16172451290351103,0.4267829122835396,167
DIAG10,8,7,outer,0,all,40,-0.032214191698656434,0.22831815503726308,258
DIAG10,8,7,outer,0,true_high,5,-0.523402466997257,0.564581971628241,258
DIAG10,8,7,outer,0,pred_high,6,-0.3664791938729317,0.5429245969494224,258
DIAG10,8,7,outer,6,all,40,-0.04471887296606979,0.23014447880726488,258
DIAG10,8,7,outer,6,true_high,5,-0.5398619717653608,0.5820617376363113,258
DIAG10,8,7,outer,6,pred_high,5,-0.5398619717653608,0.5820617376363113,258
DIAG10,8,7,outer,23,all,40,-0.030039103057700817,0.22157399765195693,258
DIAG10,8,7,outer,23,true_high,5,-0.5037724776274046,0.5406385279156516,258
DIAG10,8,7,outer,23,pred_high,7,-0.2445597761650064,0.5054424111959146,258
DIAG10,8,101,inner,0,all,69,0.0065277056952521536,0.15856604238071292,167
DIAG10,8,101,inner,0,true_high,2,-0.37200984954852884,0.38939727242718003,167
DIAG10,8,101,inner,0,pred_high,1,0.6168823549393118,0.6168823549393118,167
DIAG10,8,101,inner,6,all,69,0.0017440740146979507,0.16172192926973478,167
DIAG10,8,101,inner,6,true_high,2,-0.403468650391922,0.41435357801223904,167
DIAG10,8,101,inner,6,pred_high,1,0.5940209764237528,0.5940209764237528,167
DIAG10,8,101,inner,23,all,69,0.011810882691399833,0.15895685513531094,167
DIAG10,8,101,inner,23,true_high,2,-0.33572171888382374,0.34996532378940504,167
DIAG10,8,101,inner,23,pred_high,2,0.1682316289848757,0.43866813552989486,167
DIAG10,8,101,outer,0,all,40,-0.032798314273663504,0.2312253424142319,258
DIAG10,8,101,outer,0,true_high,5,-0.5243738862788707,0.56312941570555,258
DIAG10,8,101,outer,0,pred_high,5,-0.5243738862788707,0.56312941570555,258
DIAG10,8,101,outer,6,all,40,-0.04320160605575209,0.23596509248909103,258
DIAG10,8,101,outer,6,true_high,5,-0.5461425668801297,0.5889857818831605,258
DIAG10,8,101,outer,6,pred_high,4,-0.5075381222052302,0.5576146650025898,258
DIAG10,8,101,outer,23,all,40,-0.029576905019349363,0.2240345352583414,258
DIAG10,8,101,outer,23,true_high,5,-0.5103823113686193,0.5462020043387021,258
DIAG10,8,101,outer,23,pred_high,7,-0.24835202545020493,0.5102643891615486,258
DIAG10,8,2024,inner,0,all,69,0.0006063134699948599,0.15918681462447834,167
DIAG10,8,2024,inner,0,true_high,2,-0.3648658707974325,0.38872052398593415,167
DIAG10,8,2024,inner,0,pred_high,2,0.190736190563989,0.4626704935644512,167
DIAG10,8,2024,inner,6,all,69,-0.0017437817402533825,0.16085906853303292,167
DIAG10,8,2024,inner,6,true_high,2,-0.40739447214442076,0.4211430612557375,167
DIAG10,8,2024,inner,6,pred_high,1,0.585842535228542,0.585842535228542,167
DIAG10,8,2024,inner,23,all,69,0.010116554841068942,0.15829493167836964,167
DIAG10,8,2024,inner,23,true_high,2,-0.33300324282240545,0.3496433336920682,167
DIAG10,8,2024,inner,23,pred_high,2,0.1719496129189701,0.433898126450814,167
DIAG10,8,2024,outer,0,all,40,-0.025042515321565196,0.23654072872688636,258
DIAG10,8,2024,outer,0,true_high,5,-0.5117602551611589,0.5579196879105821,258
DIAG10,8,2024,outer,0,pred_high,7,-0.24019051314888085,0.5268107297041426,258
DIAG10,8,2024,outer,6,all,40,-0.04039710188544777,0.23669406402446128,258
DIAG10,8,2024,outer,6,true_high,5,-0.5372021230784344,0.5853901534727795,258
DIAG10,8,2024,outer,6,pred_high,5,-0.31432866195847586,0.5279781568911859,258
DIAG10,8,2024,outer,23,all,40,-0.027397340974572297,0.22575750902681543,258
DIAG10,8,2024,outer,23,true_high,5,-0.5038007385306252,0.5432303432134463,258
DIAG10,8,2024,outer,23,pred_high,7,-0.2353167721821074,0.5148910949504354,258
DIAG10,9,7,inner,0,all,70,0.04613895528006998,0.1818945568175611,167
DIAG10,9,7,inner,0,true_high,2,-0.39816529593286276,0.6342258852772376,167
DIAG10,9,7,inner,0,pred_high,4,0.38008245131726104,0.4218802983320074,167
DIAG10,9,7,inner,6,all,70,0.03861024838414714,0.17317489168519506,167
DIAG10,9,7,inner,6,true_high,2,-0.3899310947676165,0.6110805375510567,167
DIAG10,9,7,inner,6,pred_high,4,0.35609272889386834,0.3985715975432842,167
DIAG10,9,7,inner,23,all,70,0.049610217307424966,0.17190841503896795,167
DIAG10,9,7,inner,23,true_high,2,-0.31209082268220345,0.5291872998701174,167
DIAG10,9,7,inner,23,pred_high,5,0.15488026027734111,0.49917664951438245,167
DIAG10,9,7,outer,0,all,40,0.03749237602167794,0.20031101402655008,258
DIAG10,9,7,outer,0,true_high,5,-0.20224797830119132,0.34161705143991267,258
DIAG10,9,7,outer,0,pred_high,6,-0.06349964484941516,0.40429280972732146,258
DIAG10,9,7,outer,6,all,40,0.014458512187059342,0.1774232052226874,258
DIAG10,9,7,outer,6,true_high,5,-0.2304992200412777,0.34739921822839404,258
DIAG10,9,7,outer,6,pred_high,6,-0.12395098658833094,0.35836212968307696,258
DIAG10,9,7,outer,23,all,40,0.007580320374493766,0.17359165449301245,258
DIAG10,9,7,outer,23,true_high,5,-0.27558629619929487,0.3801012541210579,258
DIAG10,9,7,outer,23,pred_high,6,-0.16742038123221006,0.37899411666264865,258
DIAG10,9,101,inner,0,all,70,0.048065042828847,0.18325967092282366,167
DIAG10,9,101,inner,0,true_high,2,-0.37297006362885127,0.6230083066496607,167
DIAG10,9,101,inner,0,pred_high,4,0.38993282568164545,0.42581309489913277,167
DIAG10,9,101,inner,6,all,70,0.03785459876207933,0.17473300271662864,167
DIAG10,9,101,inner,6,true_high,2,-0.3866562303097328,0.6156369370714836,167
DIAG10,9,101,inner,6,pred_high,4,0.36096461588075013,0.4007922728071095,167
DIAG10,9,101,inner,23,all,70,0.04952795421170205,0.17218792396918342,167
DIAG10,9,101,inner,23,true_high,2,-0.3039746427332628,0.5270267446658533,167
DIAG10,9,101,inner,23,pred_high,5,0.1563886822406493,0.49666841312098353,167
DIAG10,9,101,outer,0,all,40,0.027655397450930225,0.1880107018667084,258
DIAG10,9,101,outer,0,true_high,5,-0.20770403330080472,0.3264190060903189,258
DIAG10,9,101,outer,0,pred_high,6,-0.07278928981920076,0.38619756062007105,258
DIAG10,9,101,outer,6,all,40,0.014194003393309002,0.17330469771533943,258
DIAG10,9,101,outer,6,true_high,5,-0.22714641393979948,0.3359567260095894,258
DIAG10,9,101,outer,6,pred_high,6,-0.12252137578675831,0.3475672657512255,258
DIAG10,9,101,outer,23,all,40,0.007282467841392862,0.17184872533448986,258
DIAG10,9,101,outer,23,true_high,5,-0.274321704404829,0.37354720190001184,258
DIAG10,9,101,outer,23,pred_high,6,-0.16728789903265331,0.3726088396806155,258
DIAG10,9,2024,inner,0,all,70,0.04834749713768402,0.18153403654278955,167
DIAG10,9,2024,inner,0,true_high,2,-0.3946386877819811,0.626425043886334,167
DIAG10,9,2024,inner,0,pred_high,4,0.36821978098211927,0.4060018734982491,167
DIAG10,9,2024,inner,6,all,70,0.03866912788614145,0.1733188674204717,167
DIAG10,9,2024,inner,6,true_high,2,-0.39004967828522763,0.6098710187142747,167
DIAG10,9,2024,inner,6,pred_high,4,0.3493442307883964,0.3888604201295543,167
DIAG10,9,2024,inner,23,all,70,0.05026876893620413,0.1705566454726421,167
DIAG10,9,2024,inner,23,true_high,2,-0.31370194008524066,0.5275927179214693,167
DIAG10,9,2024,inner,23,pred_high,6,0.17467897340343916,0.4653538637101746,167
DIAG10,9,2024,outer,0,all,40,0.025354221522180215,0.19015686717834307,258
DIAG10,9,2024,outer,0,true_high,5,-0.22196402121959466,0.33486959586171655,258
DIAG10,9,2024,outer,0,pred_high,6,-0.0876674970326705,0.3876270394033412,258
DIAG10,9,2024,outer,6,all,40,0.012603272767068333,0.17607039521369866,258
DIAG10,9,2024,outer,6,true_high,5,-0.23600004149616677,0.34418874677931116,258
DIAG10,9,2024,outer,6,pred_high,6,-0.1307610775863595,0.3532462104845497,258
DIAG10,9,2024,outer,23,all,40,0.007457100269899289,0.17340855009591327,258
DIAG10,9,2024,outer,23,true_high,5,-0.28102095044766895,0.3761466296985172,258
DIAG10,9,2024,outer,23,pred_high,6,-0.17335819215666604,0.37430469420579987,258
A,0,7,inner,0,all,66,0.01107749724508877,0.15804864955656894,164
A,0,7,inner,0,true_high,4,-0.3000271186133838,0.38440206431552104,164
A,0,7,inner,0,pred_high,5,0.03951076066472614,0.30554402430054084,164
A,0,7,inner,6,all,66,-0.0016503610190497387,0.15229145127073698,164
A,0,7,inner,6,true_high,4,-0.3232202524022888,0.40858238899649296,164
A,0,7,inner,6,pred_high,4,-0.10348336169650577,0.18910409333747294,164
A,0,7,inner,23,all,66,0.0034473524370037412,0.12447765171238953,164
A,0,7,inner,23,true_high,4,-0.2615460350024037,0.3143701830389662,164
A,0,7,inner,23,pred_high,3,-0.17271753013634164,0.19705932318484887,164
A,0,7,outer,0,all,53,0.007071803831830296,0.12741719877702476,253
A,0,7,outer,0,true_high,2,-0.2877174432598445,0.30690608531232333,253
A,0,7,outer,0,pred_high,1,-0.1808997572441231,0.1808997572441231,253
A,0,7,outer,6,all,53,0.0008693649216552383,0.1306652683034642,253
A,0,7,outer,6,true_high,2,-0.3469011330315874,0.35680802326574945,253
A,0,7,outer,6,pred_high,0,,,253
A,0,7,outer,23,all,53,0.019823690108304794,0.12207516420438957,253
A,0,7,outer,23,true_high,2,-0.2711050749095385,0.28471462449758544,253
A,0,7,outer,23,pred_high,1,-0.18413119514616016,0.18413119514616016,253
A,0,101,inner,0,all,66,0.008555663972004883,0.1592399933683394,164
A,0,101,inner,0,true_high,4,-0.296280357080399,0.376894883232892,164
A,0,101,inner,0,pred_high,5,0.04839565154666248,0.3199749323849549,164
A,0,101,inner,6,all,66,-0.0052116445102510355,0.1521130279303051,164
A,0,101,inner,6,true_high,4,-0.3274929339376795,0.4096148497098617,164
A,0,101,inner,6,pred_high,4,-0.10792366699030717,0.19669443952047044,164
A,0,101,inner,23,all,66,0.0019868367452260654,0.12440647552531675,164
A,0,101,inner,23,true_high,4,-0.2634852243051651,0.31473864683013564,164
A,0,101,inner,23,pred_high,3,-0.1771101265224284,0.20258324220916438,164
A,0,101,outer,0,all,53,0.015769606477791256,0.13514181556183777,253
A,0,101,outer,0,true_high,2,-0.3016746132036627,0.32010230282093544,253
A,0,101,outer,0,pred_high,1,-0.19463297635291954,0.19463297635291954,253
A,0,101,outer,6,all,53,0.0044277493928416255,0.13625175749870252,253
A,0,101,outer,6,true_high,2,-0.3688457687936624,0.3782162521381962,253
A,0,101,outer,6,pred_high,0,,,253
A,0,101,outer,23,all,53,0.023430670904040926,0.12711404609907037,253
A,0,101,outer,23,true_high,2,-0.2882523284089565,0.3002485840469312,253
A,0,101,outer,23,pred_high,1,-0.20422966843557666,0.20422966843557666,253
A,0,2024,inner,0,all,66,0.002524042425830227,0.15457755448159763,164
A,0,2024,inner,0,true_high,4,-0.28156262864332376,0.3769349054548519,164
A,0,2024,inner,0,pred_high,4,-0.07573151606949599,0.17000418292529157,164
A,0,2024,inner,6,all,66,-0.00750113023142719,0.1511385750733698,164
A,0,2024,inner,6,true_high,4,-0.31916943429986233,0.40817556658787935,164
A,0,2024,inner,6,pred_high,4,-0.09594217253683204,0.19263174451726972,164
A,0,2024,inner,23,all,66,0.0011260217491161234,0.12449869433854019,164
A,0,2024,inner,23,true_high,4,-0.2589097291782264,0.31270477216330783,164
A,0,2024,inner,23,pred_high,3,-0.17098713249883044,0.19828036466965976,164
A,0,2024,outer,0,all,53,0.009651350914848986,0.13093489379017337,253
A,0,2024,outer,0,true_high,2,-0.29763573335218135,0.3176253940617443,253
A,0,2024,outer,0,pred_high,1,-0.18673550258241445,0.18673550258241445,253
A,0,2024,outer,6,all,53,0.001197471890770619,0.13340641242978382,253
A,0,2024,outer,6,true_high,2,-0.3498272366449134,0.36238281497037733,253
A,0,2024,outer,6,pred_high,0,,,253
A,0,2024,outer,23,all,53,0.021247949271432715,0.12476854192757858,253
A,0,2024,outer,23,true_high,2,-0.2709715723289311,0.2886475783638484,253
A,0,2024,outer,23,pred_high,1,-0.17151388542188073,0.17151388542188073,253
A,1,7,inner,0,all,65,0.033304327893562184,0.19505919282447412,162
A,1,7,inner,0,true_high,5,-0.14284480862382495,0.27712876351437127,162
A,1,7,inner,0,pred_high,7,0.24512947414901026,0.48982548195994674,162
A,1,7,inner,6,all,65,0.02351632788850649,0.19070020311900746,162
A,1,7,inner,6,true_high,5,-0.1584272037800764,0.2895283727166957,162
A,1,7,inner,6,pred_high,6,0.1728972454859656,0.4601375852736023,162
A,1,7,inner,23,all,65,0.03531077176143314,0.1794457969947965,162
A,1,7,inner,23,true_high,5,-0.1458842610276017,0.2657869511390194,162
A,1,7,inner,23,pred_high,7,0.09770836731863719,0.4405399107186824,162
A,1,7,outer,0,all,55,0.050623098979462544,0.18605033196518278,247
A,1,7,outer,0,true_high,9,0.03981384544448788,0.31124656226983055,247
A,1,7,outer,0,pred_high,8,0.09109585980789137,0.30303513156859846,247
A,1,7,outer,6,all,55,0.039685754906456865,0.18238977546694687,247
A,1,7,outer,6,true_high,9,0.015488343073299875,0.3129849457926614,247
A,1,7,outer,6,pred_high,8,0.06735140937211129,0.3004377838972062,247
A,1,7,outer,23,all,55,0.05747192320829018,0.17083151190406218,247
A,1,7,outer,23,true_high,9,0.04008733034188447,0.2617744027275919,247
A,1,7,outer,23,pred_high,9,0.04008733034188447,0.2617744027275919,247
A,1,101,inner,0,all,65,0.033377567933617514,0.19937268635349786,162
A,1,101,inner,0,true_high,5,-0.15396559724856243,0.2823028071310224,162
A,1,101,inner,0,pred_high,7,0.24398203871981586,0.5005837726717971,162
A,1,101,inner,6,all,65,0.021955563565741156,0.18946452343468934,162
A,1,101,inner,6,true_high,5,-0.1692976479294369,0.2952432871610408,162
A,1,101,inner,6,pred_high,6,0.16016122942850639,0.45621123734651586,162
A,1,101,inner,23,all,65,0.034901975341653714,0.17863895559213636,162
A,1,101,inner,23,true_high,5,-0.15174718792296762,0.2685308648035884,162
A,1,101,inner,23,pred_high,7,0.08790701627724336,0.43279836360504215,162
A,1,101,outer,0,all,55,0.05136687407493511,0.1897582289784683,247
A,1,101,outer,0,true_high,9,0.0453077041917371,0.32697909739230896,247
A,1,101,outer,0,pred_high,8,0.099008078775774,0.3190915032088531,247
A,1,101,outer,6,all,55,0.037241610531933575,0.1864285032995988,247
A,1,101,outer,6,true_high,9,0.009829965133242437,0.32913433531476016,247
A,1,101,outer,6,pred_high,8,0.06490609817331949,0.3141245899024612,247
A,1,101,outer,23,all,55,0.05079979550129027,0.17220868016052115,247
A,1,101,outer,23,true_high,9,0.0317265617276421,0.2798580916128113,247
A,1,101,outer,23,pred_high,9,0.0317265617276421,0.2798580916128113,247
A,1,2024,inner,0,all,65,0.03448453585327631,0.20050053131805928,162
A,1,2024,inner,0,true_high,5,-0.14491078216850656,0.2833289434605875,162
A,1,2024,inner,0,pred_high,7,0.24772942949106072,0.4967661354125949,162
A,1,2024,inner,6,all,65,0.02265181085951634,0.1917530057223622,162
A,1,2024,inner,6,true_high,5,-0.17263385164849718,0.2991465005922345,162
A,1,2024,inner,6,pred_high,6,0.1520183931350072,0.45152082134967386,162
A,1,2024,inner,23,all,65,0.033264268402778824,0.1780271130145886,162
A,1,2024,inner,23,true_high,5,-0.1577784479078399,0.27249093733827906,162
A,1,2024,inner,23,pred_high,7,0.07896841641712582,0.4274708247043291,162
A,1,2024,outer,0,all,55,0.053969627729031855,0.19387067613385708,247
A,1,2024,outer,0,true_high,9,0.029778594567572505,0.3253149997875575,247
A,1,2024,outer,0,pred_high,9,0.10481942869507574,0.3050454108928989,247
A,1,2024,outer,6,all,55,0.04140719958751906,0.1861725050208016,247
A,1,2024,outer,6,true_high,9,0.008051732097795342,0.3210119461666338,247
A,1,2024,outer,6,pred_high,8,0.0637226389114248,0.30335481702401573,247
A,1,2024,outer,23,all,55,0.056846316795214354,0.17228933316485803,247
A,1,2024,outer,23,true_high,9,0.03607021133865776,0.26830867980480533,247
A,1,2024,outer,23,pred_high,10,0.05503983527078461,0.2643627090137637,247
A,2,7,inner,0,all,66,0.025161475865791594,0.15896174203179828,163
A,2,7,inner,0,true_high,3,-0.27650022174031125,0.4181303389255279,163
A,2,7,inner,0,pred_high,2,0.33833943485241935,0.39777689749385575,163
A,2,7,inner,6,all,66,0.015388572253874954,0.1661758279662643,163
A,2,7,inner,6,true_high,3,-0.3305640291190086,0.4754480636703396,163
A,2,7,inner,6,pred_high,2,0.33351596032906206,0.3966842586801285,163
A,2,7,inner,23,all,66,0.028637762541356755,0.14835912143716795,163
A,2,7,inner,23,true_high,3,-0.23414556459460326,0.3468957879791299,163
A,2,7,inner,23,pred_high,2,-0.08240041573842061,0.18968097257556787,163
A,2,7,outer,0,all,53,-0.017012883648528956,0.1749816492271254,250
A,2,7,outer,0,true_high,15,-0.17859457840117415,0.25506308406533984,250
A,2,7,outer,0,pred_high,13,-0.16582319573489032,0.23935842623221548,250
A,2,7,outer,6,all,53,-0.018764487151046064,0.1680426324774097,250
A,2,7,outer,6,true_high,15,-0.16273253928299408,0.24917327275172754,250
A,2,7,outer,6,pred_high,13,-0.1452075533258654,0.22908823065531833,250
A,2,7,outer,23,all,53,-0.006083226478911958,0.16421400556094606,250
A,2,7,outer,23,true_high,15,-0.15710811657980414,0.24319816139958708,250
A,2,7,outer,23,pred_high,13,-0.14381381303234694,0.23172837364405244,250
A,2,101,inner,0,all,66,0.027957744610560074,0.1587400187547238,163
A,2,101,inner,0,true_high,3,-0.29440249495669474,0.43308498964055564,163
A,2,101,inner,0,pred_high,2,0.17275603670103173,0.18113482670997272,163
A,2,101,inner,6,all,66,0.015502081744366819,0.16541910568549265,163
A,2,101,inner,6,true_high,3,-0.3381031051810705,0.4837649149407679,163
A,2,101,inner,6,pred_high,2,0.3184646036397424,0.37759240574984565,163
A,2,101,inner,23,all,66,0.028142441711609078,0.1482912193651966,163
A,2,101,inner,23,true_high,3,-0.24572662177637308,0.35838078571184945,163
A,2,101,inner,23,pred_high,2,-0.090873673060624,0.19596565937521465,163
A,2,101,outer,0,all,53,-0.020146447714056673,0.18148784930305845,250
A,2,101,outer,0,true_high,15,-0.19325144798214827,0.27372374763857843,250
A,2,101,outer,0,pred_high,13,-0.1793246042520741,0.2526509087798607,250
A,2,101,outer,6,all,53,-0.020377243974147353,0.17460642371091864,250
A,2,101,outer,6,true_high,15,-0.17344514654738905,0.2622907769954331,250
A,2,101,outer,6,pred_high,13,-0.1560152512955291,0.24005971891465028,250
A,2,101,outer,23,all,53,-0.0072331583792005355,0.1691238762972788,250
A,2,101,outer,23,true_high,15,-0.16457201580597733,0.2527556167446381,250
A,2,101,outer,23,pred_high,13,-0.1523850493013828,0.24038478605443497,250
A,2,2024,inner,0,all,66,0.015955967065526443,0.15821124781177107,163
A,2,2024,inner,0,true_high,3,-0.3064458409508257,0.45049076905833635,163
A,2,2024,inner,0,pred_high,1,0.12467794304404722,0.12467794304404722,163
A,2,2024,inner,6,all,66,0.009416866011438558,0.16277600626211416,163
A,2,2024,inner,6,true_high,3,-0.3457971036582556,0.4911432383968993,163
A,2,2024,inner,6,pred_high,1,0.11255609945967393,0.11255609945967393,163
A,2,2024,inner,23,all,66,0.02467579809746974,0.14379142017996624,163
A,2,2024,inner,23,true_high,3,-0.2472638548766427,0.3610935255413298,163
A,2,2024,inner,23,pred_high,2,-0.09006855171648631,0.19456344566896236,163
A,2,2024,outer,0,all,53,-0.007209268054311626,0.17010437604873083,250
A,2,2024,outer,0,true_high,15,-0.14479657850635125,0.24169904551446275,250
A,2,2024,outer,0,pred_high,14,-0.12223361070957532,0.21778955959064064,250
A,2,2024,outer,6,all,53,-0.015582571114040291,0.1688721802511336,250
A,2,2024,outer,6,true_high,15,-0.15183207256464687,0.24946776619050778,250
A,2,2024,outer,6,pred_high,14,-0.12763672679148175,0.22246293415328733,250
A,2,2024,outer,23,all,53,-0.004350483092690883,0.16501885340767897,250
A,2,2024,outer,23,true_high,15,-0.15095499646305227,0.24511474312315998,250
A,2,2024,outer,23,pred_high,14,-0.13184923408765678,0.227742045454963,250
A,3,7,inner,0,all,66,-0.00530198572088731,0.1475185168207848,164
A,3,7,inner,0,true_high,1,-0.6573176981998463,0.6573176981998463,164
A,3,7,inner,0,pred_high,0,,,164
A,3,7,inner,6,all,66,-0.018071907398080986,0.15329991081462394,164
A,3,7,inner,6,true_high,1,-0.725820172070106,0.725820172070106,164
A,3,7,inner,6,pred_high,0,,,164
A,3,7,inner,23,all,66,-0.0013047529926239888,0.13328656378255077,164
A,3,7,inner,23,true_high,1,-0.5051478966967344,0.5051478966967344,164
A,3,7,inner,23,pred_high,0,,,164
A,3,7,outer,0,all,52,-0.01651868912201441,0.2773025208014796,251
A,3,7,outer,0,true_high,9,-0.2747401726003354,0.5990820441772762,251
A,3,7,outer,0,pred_high,10,-0.175151319788753,0.561032178120813,251
A,3,7,outer,6,all,52,-0.037664044671935334,0.2769201685052884,251
A,3,7,outer,6,true_high,9,-0.3099073711328477,0.613847023012339,251
A,3,7,outer,6,pred_high,10,-0.20941845190572347,0.5739388866755694,251
A,3,7,outer,23,all,52,-0.017459482240431232,0.2649686447714987,251
A,3,7,outer,23,true_high,9,-0.29047991168638354,0.5922772226315595,251
A,3,7,outer,23,pred_high,10,-0.189245834225714,0.5565451111946724,251
A,3,101,inner,0,all,66,-0.004426197675714927,0.14400366589936764,164
A,3,101,inner,0,true_high,1,-0.6164299890152235,0.6164299890152235,164
A,3,101,inner,0,pred_high,0,,,164
A,3,101,inner,6,all,66,-0.01831005706432792,0.1517989585401167,164
A,3,101,inner,6,true_high,1,-0.7194091400652132,0.7194091400652132,164
A,3,101,inner,6,pred_high,0,,,164
A,3,101,inner,23,all,66,-0.000506651203772132,0.13368952564542688,164
A,3,101,inner,23,true_high,1,-0.5113615249387371,0.5113615249387371,164
A,3,101,inner,23,pred_high,0,,,164
A,3,101,outer,0,all,52,-0.025935218155280534,0.2754625868557685,251
A,3,101,outer,0,true_high,9,-0.2986473539996946,0.6030239288493934,251
A,3,101,outer,0,pred_high,10,-0.2004511800376978,0.5608266319676738,251
A,3,101,outer,6,all,52,-0.04513619575482312,0.27600871004384425,251
A,3,101,outer,6,true_high,9,-0.3252934997106103,0.6144384851023921,251
A,3,101,outer,6,pred_high,9,-0.26393209062568834,0.6008685839948935,251
A,3,101,outer,23,all,52,-0.02466454108693696,0.264704333545469,251
A,3,101,outer,23,true_high,9,-0.30356792405981126,0.5937884527699772,251
A,3,101,outer,23,pred_high,10,-0.2030085180098987,0.5548869708330942,251
A,3,2024,inner,0,all,66,0.0005687607274287959,0.14933441405405504,164
A,3,2024,inner,0,true_high,1,-0.6318195789689441,0.6318195789689441,164
A,3,2024,inner,0,pred_high,0,,,164
A,3,2024,inner,6,all,66,-0.015359618290300737,0.1527048622950147,164
A,3,2024,inner,6,true_high,1,-0.7175464244187588,0.7175464244187588,164
A,3,2024,inner,6,pred_high,0,,,164
A,3,2024,inner,23,all,66,0.0018624468605066633,0.13518510281022167,164
A,3,2024,inner,23,true_high,1,-0.5218902298852738,0.5218902298852738,164
A,3,2024,inner,23,pred_high,0,,,164
A,3,2024,outer,0,all,52,-0.024578969470742864,0.28046982187465685,251
A,3,2024,outer,0,true_high,9,-0.30936081574240926,0.6101864440515461,251
A,3,2024,outer,0,pred_high,10,-0.2065829510277319,0.5698387353142356,251
A,3,2024,outer,6,all,52,-0.04309012669248269,0.2773585272948906,251
A,3,2024,outer,6,true_high,9,-0.3285746283261949,0.6175035788860085,251
A,3,2024,outer,6,pred_high,9,-0.26629616962328606,0.6059453230317026,251
A,3,2024,outer,23,all,52,-0.02249224731443248,0.26595741554298646,251
A,3,2024,outer,23,true_high,9,-0.3063868663095522,0.5962821664171103,251
A,3,2024,outer,23,pred_high,10,-0.20443198477378882,0.5594513644826196,251
A,4,7,inner,0,all,68,-0.005844679254852395,0.14959155834012974,164
A,4,7,inner,0,true_high,4,-0.46200808601631477,0.48597092955619947,164
A,4,7,inner,0,pred_high,2,-0.3435696916253047,0.3487724516644431,164
A,4,7,inner,6,all,68,-0.01448390991555617,0.15223285830458175,164
A,4,7,inner,6,true_high,4,-0.47972531672266583,0.502399304892522,164
A,4,7,inner,6,pred_high,1,-0.41728208751191254,0.41728208751191254,164
A,4,7,inner,23,all,68,-0.002232859083327047,0.14182263905222375,164
A,4,7,inner,23,true_high,4,-0.4361799382883933,0.45437468706844175,164
A,4,7,inner,23,pred_high,4,-0.2845628252410546,0.40425153370211825,164
A,4,7,outer,0,all,51,0.007360554636823193,0.23699282894381726,254
A,4,7,outer,0,true_high,8,-0.35451027323067946,0.46185642959813167,254
A,4,7,outer,0,pred_high,6,-0.11924337104008759,0.37416677099671075,254
A,4,7,outer,6,all,51,-0.0022232116244854,0.23471313213158246,254
A,4,7,outer,6,true_high,8,-0.36480365822860816,0.4716066739287404,254
A,4,7,outer,6,pred_high,6,-0.12299669914779626,0.38425307187902136,254
A,4,7,outer,23,all,51,0.01074395127309979,0.2183743047655752,254
A,4,7,outer,23,true_high,8,-0.3326532717129418,0.4233374147843982,254
A,4,7,outer,23,pred_high,7,-0.09945682407762747,0.33861533473213057,254
A,4,101,inner,0,all,68,-0.010261376066798911,0.1472285807110542,164
A,4,101,inner,0,true_high,4,-0.4623305186737168,0.48500712071732055,164
A,4,101,inner,0,pred_high,2,-0.3405917371877413,0.3427467717914413,164
A,4,101,inner,6,all,68,-0.015804146010305137,0.15201953317018993,164
A,4,101,inner,6,true_high,4,-0.48329199710374526,0.5056052647526114,164
A,4,101,inner,6,pred_high,1,-0.40709819008171344,0.40709819008171344,164
A,4,101,inner,23,all,68,-0.0019026082406109984,0.14205469796895318,164
A,4,101,inner,23,true_high,4,-0.44049351661751546,0.4588010625330487,164
A,4,101,inner,23,pred_high,3,-0.1815130122700441,0.2972512816545688,164
A,4,101,outer,0,all,51,0.00863861370659675,0.23850829549005986,254
A,4,101,outer,0,true_high,8,-0.3479975521308461,0.45851358728964065,254
A,4,101,outer,0,pred_high,6,-0.1035559963478171,0.3748836148381039,254
A,4,101,outer,6,all,51,-0.0006922529739897135,0.23562246594109346,254
A,4,101,outer,6,true_high,8,-0.36386699549487467,0.46937335738034436,254
A,4,101,outer,6,pred_high,6,-0.11685963431012675,0.3855075562025914,254
A,4,101,outer,23,all,51,0.010727769438081194,0.2192353214938094,254
A,4,101,outer,23,true_high,8,-0.33518012388061924,0.42324848288492994,254
A,4,101,outer,23,pred_high,7,-0.10107909275259586,0.34049009936549923,254
A,4,2024,inner,0,all,68,-0.007944887278199399,0.15064863916114363,164
A,4,2024,inner,0,true_high,4,-0.47532676627706016,0.4958082592859222,164
A,4,2024,inner,0,pred_high,1,-0.4107986357250464,0.4107986357250464,164
A,4,2024,inner,6,all,68,-0.014892964942196081,0.15154883130521687,164
A,4,2024,inner,6,true_high,4,-0.48119576491257693,0.5024286815742163,164
A,4,2024,inner,6,pred_high,1,-0.3969159929692765,0.3969159929692765,164
A,4,2024,inner,23,all,68,-0.002441075071945359,0.14127581248630525,164
A,4,2024,inner,23,true_high,4,-0.4377921765602122,0.4543454889149376,164
A,4,2024,inner,23,pred_high,4,-0.29088726142037347,0.3993240762791209,164
A,4,2024,outer,0,all,51,0.005437528947243863,0.23653097410683802,254
A,4,2024,outer,0,true_high,8,-0.356305932223592,0.4613381687286188,254
A,4,2024,outer,0,pred_high,6,-0.11828386087700694,0.3615394181796213,254
A,4,2024,outer,6,all,51,-0.0022730248520198833,0.23565002271126181,254
A,4,2024,outer,6,true_high,8,-0.3676350118702792,0.47270526223576587,254
A,4,2024,outer,6,pred_high,6,-0.12315861608748992,0.38100298711630115,254
A,4,2024,outer,23,all,51,0.01013070468927129,0.21983501640688186,254
A,4,2024,outer,23,true_high,8,-0.33736496901120105,0.42637476387914824,254
A,4,2024,outer,23,pred_high,7,-0.10292253198227704,0.3411541480127135,254
B,0,7,inner,0,all,67,-0.06815689022605964,0.29489504822007123,160
B,0,7,inner,0,true_high,12,-0.520422498908701,0.6422708308849975,160
B,0,7,inner,0,pred_high,4,-0.24803136186351332,0.3331550201555308,160
B,0,7,inner,6,all,67,-0.07702926663780123,0.2958053294954481,160
B,0,7,inner,6,true_high,12,-0.5281778620896199,0.6491843624830733,160
B,0,7,inner,6,pred_high,4,-0.26102435726018003,0.32733337039916827,160
B,0,7,inner,23,all,67,-0.07037214176971607,0.27747883971940546,160
B,0,7,inner,23,true_high,12,-0.49268058253923375,0.6111309863217879,160
B,0,7,inner,23,pred_high,4,-0.2702932878609588,0.34533293675360344,160
B,0,7,outer,0,all,53,-0.0001941484482461235,0.07627043612775483,248
B,0,7,outer,0,true_high,0,,,248
B,0,7,outer,0,pred_high,0,,,248
B,0,7,outer,6,all,53,-0.0065185627117662626,0.07259762858758245,248
B,0,7,outer,6,true_high,0,,,248
B,0,7,outer,6,pred_high,0,,,248
B,0,7,outer,23,all,53,0.002498490709610063,0.06415042213573438,248
B,0,7,outer,23,true_high,0,,,248
B,0,7,outer,23,pred_high,1,0.06957331512268505,0.06957331512268505,248
B,0,101,inner,0,all,67,-0.06921632328874576,0.291826122349615,160
B,0,101,inner,0,true_high,12,-0.5155893262921599,0.6349322691312393,160
B,0,101,inner,0,pred_high,4,-0.2653357531551047,0.34949754209536715,160
B,0,101,inner,6,all,67,-0.07633769369034887,0.29278474585935704,160
B,0,101,inner,6,true_high,12,-0.5291312872286595,0.6416575111104412,160
B,0,101,inner,6,pred_high,4,-0.28223833299756723,0.3481617552904244,160
B,0,101,inner,23,all,67,-0.06793969258224213,0.27383522096585833,160
B,0,101,inner,23,true_high,12,-0.48914685743619457,0.6013393793636633,160
B,0,101,inner,23,pred_high,4,-0.28101879061586355,0.3548385993170054,160
B,0,101,outer,0,all,53,0.005772405142522283,0.07640283440441031,248
B,0,101,outer,0,true_high,0,,,248
B,0,101,outer,0,pred_high,0,,,248
B,0,101,outer,6,all,53,-0.0038316024426899293,0.07428830275593123,248
B,0,101,outer,6,true_high,0,,,248
B,0,101,outer,6,pred_high,0,,,248
B,0,101,outer,23,all,53,0.006111059449325545,0.06599182876331111,248
B,0,101,outer,23,true_high,0,,,248
B,0,101,outer,23,pred_high,0,,,248
B,0,2024,inner,0,all,67,-0.06861484825786682,0.2954666861646062,160
B,0,2024,inner,0,true_high,12,-0.5217428607506556,0.6434942654489394,160
B,0,2024,inner,0,pred_high,4,-0.2586248856094473,0.3389290585585311,160
B,0,2024,inner,6,all,67,-0.0783951654153694,0.29411992822464206,160
B,0,2024,inner,6,true_high,12,-0.5307063629652581,0.6469915327696911,160
B,0,2024,inner,6,pred_high,4,-0.2713020169526203,0.3332799209156363,160
B,0,2024,inner,23,all,67,-0.07140147497476486,0.27503987233787386,160
B,0,2024,inner,23,true_high,12,-0.49348225955101804,0.6065206477957578,160
B,0,2024,inner,23,pred_high,4,-0.2752734584536086,0.3458872312009048,160
B,0,2024,outer,0,all,53,0.005393475917970161,0.07697477985340917,248
B,0,2024,outer,0,true_high,0,,,248
B,0,2024,outer,0,pred_high,0,,,248
B,0,2024,outer,6,all,53,-0.0022226287652403255,0.07185049250552718,248
B,0,2024,outer,6,true_high,0,,,248
B,0,2024,outer,6,pred_high,0,,,248
B,0,2024,outer,23,all,53,0.007443269720178942,0.06301192490727296,248
B,0,2024,outer,23,true_high,0,,,248
B,0,2024,outer,23,pred_high,1,0.08036463673768901,0.08036463673768901,248
B,1,7,inner,0,all,65,0.02739825723346065,0.17181964562937313,160
B,1,7,inner,0,true_high,7,-0.14948520959494443,0.33153402703083173,160
B,1,7,inner,0,pred_high,5,0.16892161069215644,0.3359501541816227,160
B,1,7,inner,6,all,65,0.01933301646974918,0.16568907243730416,160
B,1,7,inner,6,true_high,7,-0.15905429750039587,0.3391526116717635,160
B,1,7,inner,6,pred_high,4,0.04375420334157554,0.1843261660223204,160
B,1,7,inner,23,all,65,0.01960194872103466,0.14522642188543358,160
B,1,7,inner,23,true_high,7,-0.17204941589272663,0.2909595572998885,160
B,1,7,inner,23,pred_high,4,-0.03104380813431523,0.16653903697463218,160
B,1,7,outer,0,all,55,-0.027410379114386506,0.16228905629505608,246
B,1,7,outer,0,true_high,3,-0.5176212119025405,0.5269993320649107,246
B,1,7,outer,0,pred_high,0,,,246
B,1,7,outer,6,all,55,-0.032577934172147625,0.16566966307397554,246
B,1,7,outer,6,true_high,3,-0.5375141866530438,0.546578617372168,246
B,1,7,outer,6,pred_high,0,,,246
B,1,7,outer,23,all,55,-0.016254578178550458,0.14984031562310604,246
B,1,7,outer,23,true_high,3,-0.4686903126769409,0.4788158177941409,246
B,1,7,outer,23,pred_high,0,,,246
B,1,101,inner,0,all,65,0.0314467807184593,0.17382449335213174,160
B,1,101,inner,0,true_high,7,-0.14217190182733871,0.32609292213647906,160
B,1,101,inner,0,pred_high,5,0.18664217552688517,0.3520242096321051,160
B,1,101,inner,6,all,65,0.020345265061447404,0.16267160204436398,160
B,1,101,inner,6,true_high,7,-0.15534859071035964,0.3335161381555829,160
B,1,101,inner,6,pred_high,4,0.048905602861654074,0.17648644345271255,160
B,1,101,inner,23,all,65,0.01904330176002946,0.1428626510026466,160
B,1,101,inner,23,true_high,7,-0.1702034076862208,0.2859791382404614,160
B,1,101,inner,23,pred_high,4,-0.026993545863639334,0.1587040313568495,160
B,1,101,outer,0,all,55,-0.031248374173898037,0.16340281813006668,246
B,1,101,outer,0,true_high,3,-0.52575601562995,0.5345304934398228,246
B,1,101,outer,0,pred_high,0,,,246
B,1,101,outer,6,all,55,-0.03676288572165697,0.16913822190042746,246
B,1,101,outer,6,true_high,3,-0.5501702689769238,0.5614214342178632,246
B,1,101,outer,6,pred_high,0,,,246
B,1,101,outer,23,all,55,-0.01961222731784564,0.15101244050261645,246
B,1,101,outer,23,true_high,3,-0.4760679774547823,0.48784656602600235,246
B,1,101,outer,23,pred_high,0,,,246
B,1,2024,inner,0,all,65,0.02621907926223788,0.17502577378416748,160
B,1,2024,inner,0,true_high,7,-0.16796849358738686,0.3405317050322944,160
B,1,2024,inner,0,pred_high,5,0.15714325753252806,0.34283562188790906,160
B,1,2024,inner,6,all,65,0.017686146696580432,0.16465208339877457,160
B,1,2024,inner,6,true_high,7,-0.17121024795432602,0.3444396148677271,160
B,1,2024,inner,6,pred_high,4,0.0287389607836413,0.18469576931352483,160
B,1,2024,inner,23,all,65,0.017933990600998234,0.1448689662401597,160
B,1,2024,inner,23,true_high,7,-0.1796038404943763,0.29562888885693606,160
B,1,2024,inner,23,pred_high,4,-0.03923026703687982,0.17244228306397139,160
B,1,2024,outer,0,all,55,-0.023450820833705442,0.1613115734357311,246
B,1,2024,outer,0,true_high,3,-0.5117005509886869,0.5197010293981587,246
B,1,2024,outer,0,pred_high,0,,,246
B,1,2024,outer,6,all,55,-0.030109102033176977,0.16486928160579187,246
B,1,2024,outer,6,true_high,3,-0.5342832648692957,0.54332135215793,246
B,1,2024,outer,6,pred_high,0,,,246
B,1,2024,outer,23,all,55,-0.013676027174662809,0.14839150236020957,246
B,1,2024,outer,23,true_high,3,-0.46281688756502337,0.4726279325157316,246
B,1,2024,outer,23,pred_high,0,,,246
B,2,7,inner,0,all,70,-0.034800880321356475,0.224481243955561,162
B,2,7,inner,0,true_high,7,-0.4742882090553608,0.6489109752834771,162
B,2,7,inner,0,pred_high,4,-0.05886733869783892,0.355093745802907,162
B,2,7,inner,6,all,70,-0.04419525597190323,0.2337419799940389,162
B,2,7,inner,6,true_high,7,-0.5149860241955729,0.6795994143752612,162
B,2,7,inner,6,pred_high,4,-0.08824477290671043,0.3789371537170554,162
B,2,7,inner,23,all,70,-0.03135157677380774,0.21896573443996256,162
B,2,7,inner,23,true_high,7,-0.47288083014904003,0.6272570348459979,162
B,2,7,inner,23,pred_high,4,-0.09405022000880583,0.3854700432597148,162
B,2,7,outer,0,all,51,-0.002429761286480205,0.27310226187376035,255
B,2,7,outer,0,true_high,6,-0.4173021514125554,0.6757829893005716,255
B,2,7,outer,0,pred_high,9,-0.1690673836059708,0.5842071638057681,255
B,2,7,outer,6,all,51,-0.01718237715931666,0.2712164883597194,255
B,2,7,outer,6,true_high,6,-0.4269762910183865,0.6843805540566765,255
B,2,7,outer,6,pred_high,9,-0.19194143667227473,0.5826698624212711,255
B,2,7,outer,23,all,51,0.0014228003993315191,0.25916050962700427,255
B,2,7,outer,23,true_high,6,-0.38657242873098197,0.644802252280585,255
B,2,7,outer,23,pred_high,8,-0.21503392314678177,0.5795249154673413,255
B,2,101,inner,0,all,70,-0.033119280005968074,0.22744817864423422,162
B,2,101,inner,0,true_high,7,-0.4757134028279584,0.6543012036091088,162
B,2,101,inner,0,pred_high,4,-0.049657816856785136,0.3875383045336941,162
B,2,101,inner,6,all,70,-0.04467054854017235,0.23264528277982485,162
B,2,101,inner,6,true_high,7,-0.5135671828964655,0.677343077331391,162
B,2,101,inner,6,pred_high,4,-0.09713592596984769,0.3894696658977322,162
B,2,101,inner,23,all,70,-0.031035668714356795,0.2184506324057553,162
B,2,101,inner,23,true_high,7,-0.4708468881625874,0.6265625059755388,162
B,2,101,inner,23,pred_high,4,-0.09876241245365011,0.3925153739848574,162
B,2,101,outer,0,all,51,-0.010524280834743454,0.27277671619584537,255
B,2,101,outer,0,true_high,6,-0.42696461087750315,0.6776698913546662,255
B,2,101,outer,0,pred_high,9,-0.17740567797389478,0.584556174259106,255
B,2,101,outer,6,all,51,-0.02070760273711933,0.2698414937122102,255
B,2,101,outer,6,true_high,6,-0.43211370210685,0.6783638180691846,255
B,2,101,outer,6,pred_high,9,-0.19390174966446105,0.5786485879906453,255
B,2,101,outer,23,all,51,-0.001199334855743288,0.2566552199559869,255
B,2,101,outer,23,true_high,6,-0.386737941812661,0.6389633231742674,255
B,2,101,outer,23,pred_high,8,-0.2156999028629239,0.5742582130443733,255
B,2,2024,inner,0,all,70,-0.03501233171359435,0.22669383920490216,162
B,2,2024,inner,0,true_high,7,-0.4796626364421624,0.6541765504796699,162
B,2,2024,inner,0,pred_high,4,-0.06017273478729088,0.37395776664079516,162
B,2,2024,inner,6,all,70,-0.04613539784033745,0.2348553579906209,162
B,2,2024,inner,6,true_high,7,-0.5212550560437624,0.6854382768448305,162
B,2,2024,inner,6,pred_high,4,-0.10164908905624634,0.386912605966171,162
B,2,2024,inner,23,all,70,-0.030940746547495478,0.2191796952548703,162
B,2,2024,inner,23,true_high,7,-0.47425171969814667,0.6307836344921496,162
B,2,2024,inner,23,pred_high,4,-0.10228719654025673,0.38698998452530675,162
B,2,2024,outer,0,all,51,-0.008807158572941672,0.27028377527343866,255
B,2,2024,outer,0,true_high,6,-0.4188850099028471,0.6710497297222977,255
B,2,2024,outer,0,pred_high,9,-0.17752606016735892,0.5770646543392164,255
B,2,2024,outer,6,all,51,-0.020251214306656405,0.2690667748992272,255
B,2,2024,outer,6,true_high,6,-0.4278962860724948,0.6793398649275167,255
B,2,2024,outer,6,pred_high,9,-0.1972736594368412,0.5767682275531449,255
B,2,2024,outer,23,all,51,9.849524494711288e-05,0.25739765106641765,255
B,2,2024,outer,23,true_high,6,-0.3826139050792423,0.6403898053707164,255
B,2,2024,outer,23,pred_high,8,-0.2162430508153949,0.573924547403265,255
B,3,7,inner,0,all,65,-0.007754457414454031,0.16130997063684055,164
B,3,7,inner,0,true_high,3,-0.46204866653835813,0.4831647916087429,164
B,3,7,inner,0,pred_high,2,-0.09813295964667984,0.5057521420893452,164
B,3,7,inner,6,all,65,-0.017216904667741395,0.16251354674295038,164
B,3,7,inner,6,true_high,3,-0.48289330322234875,0.4970889174386537,164
B,3,7,inner,6,pred_high,2,-0.07840675417709159,0.45770262152894337,164
B,3,7,inner,23,all,65,-0.0024611728565450556,0.13948928345936723,164
B,3,7,inner,23,true_high,3,-0.3401053434301549,0.3461789841753748,164
B,3,7,inner,23,pred_high,3,-0.11846498130161569,0.38720267101311573,164
B,3,7,outer,0,all,54,0.02235609710236333,0.2230375428187586,249
B,3,7,outer,0,true_high,8,-0.2935506320983513,0.3707175532635887,249
B,3,7,outer,0,pred_high,10,-0.017293496598794776,0.4008658267294602,249
B,3,7,outer,6,all,54,0.009374467201143486,0.21619025595404803,249
B,3,7,outer,6,true_high,8,-0.30515482097923685,0.3718300353300877,249
B,3,7,outer,6,pred_high,9,-0.09228412446164648,0.37436767888926514,249
B,3,7,outer,23,all,54,0.03233085269674706,0.20784928710886014,249
B,3,7,outer,23,true_high,8,-0.271988794156587,0.33505318359988606,249
B,3,7,outer,23,pred_high,9,-0.06425375697680875,0.3714798343740467,249
B,3,101,inner,0,all,65,-0.0036107277748823464,0.16186161731887372,164
B,3,101,inner,0,true_high,3,-0.4502068982969725,0.46791749848686925,164
B,3,101,inner,0,pred_high,3,-0.22585633464790209,0.49376132136999007,164
B,3,101,inner,6,all,65,-0.013944244236049027,0.16281032511099186,164
B,3,101,inner,6,true_high,3,-0.4761097086568178,0.4926618823594284,164
B,3,101,inner,6,pred_high,2,-0.0782817849698541,0.46021655208481493,164
B,3,101,inner,23,all,65,0.0003500173861045004,0.14042161333532807,164
B,3,101,inner,23,true_high,3,-0.3358272929589102,0.3437466742490522,164
B,3,101,inner,23,pred_high,3,-0.12272132939148257,0.3887202042077931,164
B,3,101,outer,0,all,54,0.005361680320902029,0.22176615441596126,249
B,3,101,outer,0,true_high,8,-0.3173803779287184,0.38635002627661763,249
B,3,101,outer,0,pred_high,9,-0.11148117071497891,0.3840425723430714,249
B,3,101,outer,6,all,54,0.0009486436993476467,0.21721820048204762,249
B,3,101,outer,6,true_high,8,-0.32256708417101787,0.38315462710644976,249
B,3,101,outer,6,pred_high,9,-0.11378045296917838,0.377740078631993,249
B,3,101,outer,23,all,54,0.02525118552738324,0.20666265177601992,249
B,3,101,outer,23,true_high,8,-0.28511361209076613,0.343049601676773,249
B,3,101,outer,23,pred_high,9,-0.08241684042903095,0.36998903253904797,249
B,3,2024,inner,0,all,65,-0.004359576018298473,0.1599985290538073,164
B,3,2024,inner,0,true_high,3,-0.4520649588473553,0.4679864207773521,164
B,3,2024,inner,0,pred_high,1,-0.574520377106364,0.574520377106364,164
B,3,2024,inner,6,all,65,-0.01608887346871052,0.1610289753685365,164
B,3,2024,inner,6,true_high,3,-0.4748291604187127,0.4884537046696968,164
B,3,2024,inner,6,pred_high,1,-0.5191572150023926,0.5191572150023926,164
B,3,2024,inner,23,all,65,-0.0010109270960586682,0.13854537639673442,164
B,3,2024,inner,23,true_high,3,-0.3320882438123854,0.33859071130656865,164
B,3,2024,inner,23,pred_high,3,-0.12457154111349426,0.3728625289639617,164
B,3,2024,outer,0,all,54,0.01640700300338395,0.22553407417283522,249
B,3,2024,outer,0,true_high,8,-0.3023763840781526,0.37763811226258853,249
B,3,2024,outer,0,pred_high,10,-0.01986791968388433,0.41385135298165265,249
B,3,2024,outer,6,all,54,0.00706312859396438,0.22060751940917359,249
B,3,2024,outer,6,true_high,8,-0.3112430680467465,0.3792545077440361,249
B,3,2024,outer,6,pred_high,8,-0.03980721994143063,0.36400542873097064,249
B,3,2024,outer,23,all,54,0.03188654800008406,0.2103093865684807,249
B,3,2024,outer,23,true_high,8,-0.27296767183372606,0.33719923748604325,249
B,3,2024,outer,23,pred_high,9,-0.06210061384747018,0.3787445030505558,249
B,4,7,inner,0,all,70,0.03859337027466071,0.1540442329435332,166
B,4,7,inner,0,true_high,2,-0.3481174314388509,0.3485377214671191,166
B,4,7,inner,0,pred_high,5,0.13127672830161466,0.44628358109763705,166
B,4,7,inner,6,all,70,0.027615000795603584,0.1493582025238919,166
B,4,7,inner,6,true_high,2,-0.3548329006167127,0.3560433754893444,166
B,4,7,inner,6,pred_high,5,0.11114576920669958,0.43578960018968493,166
B,4,7,inner,23,all,70,0.039165520484412575,0.1540916679403521,166
B,4,7,inner,23,true_high,2,-0.33742825140019483,0.33821639195629205,166
B,4,7,inner,23,pred_high,6,0.1794736107235999,0.42860231012792105,166
B,4,7,outer,0,all,50,0.0024303933067040817,0.19881332210809916,255
B,4,7,outer,0,true_high,12,-0.16365201956984068,0.26293975832306155,255
B,4,7,outer,0,pred_high,11,-0.002119271725672914,0.3084343479846036,255
B,4,7,outer,6,all,50,-0.006452648060916999,0.19502156929684988,255
B,4,7,outer,6,true_high,12,-0.16105481288057547,0.2731040206199342,255
B,4,7,outer,6,pred_high,8,0.020364851331669834,0.3222778462990614,255
B,4,7,outer,23,all,50,0.024240362046104944,0.18480763397382519,255
B,4,7,outer,23,true_high,12,-0.11377771984310482,0.22613431797697892,255
B,4,7,outer,23,pred_high,11,-0.020178047495377285,0.28808501722930996,255
B,4,101,inner,0,all,70,0.03349707455576133,0.1519935429743782,166
B,4,101,inner,0,true_high,2,-0.3661035468376398,0.3666038435768402,166
B,4,101,inner,0,pred_high,5,0.11872090893249232,0.4458025770053661,166
B,4,101,inner,6,all,70,0.025254451684733607,0.1480301611326596,166
B,4,101,inner,6,true_high,2,-0.3650568087644308,0.365922066373699,166
B,4,101,inner,6,pred_high,5,0.10460495218579244,0.4319981190500227,166
B,4,101,inner,23,all,70,0.037363595721349195,0.15135807434848544,166
B,4,101,inner,23,true_high,2,-0.3328541014017393,0.33352514762627505,166
B,4,101,inner,23,pred_high,5,0.1401428498275418,0.4326243992475506,166
B,4,101,outer,0,all,50,-0.010415386684052152,0.19996133914354663,255
B,4,101,outer,0,true_high,12,-0.17478078415344425,0.26999922520420755,255
B,4,101,outer,0,pred_high,10,0.013056958104046413,0.31056178130868445,255
B,4,101,outer,6,all,50,-0.012410625529073896,0.19767564456751088,255
B,4,101,outer,6,true_high,12,-0.1711354238872975,0.27669332518674233,255
B,4,101,outer,6,pred_high,9,-0.012673366862350124,0.3178102549284317,255
B,4,101,outer,23,all,50,0.01924508117848046,0.18716165201756307,255
B,4,101,outer,23,true_high,12,-0.12305721334573556,0.2318704066476494,255
B,4,101,outer,23,pred_high,10,-0.006752309927029054,0.3024732058944705,255
B,4,2024,inner,0,all,70,0.027066184984723362,0.15464044232099636,166
B,4,2024,inner,0,true_high,2,-0.3613045791828251,0.3616680081694129,166
B,4,2024,inner,0,pred_high,5,0.14613297938095138,0.47144173295102576,166
B,4,2024,inner,6,all,70,0.021899485345642417,0.14469793009177853,166
B,4,2024,inner,6,true_high,2,-0.35977573172209043,0.360189998087844,166
B,4,2024,inner,6,pred_high,5,0.1145659322379847,0.43256626918521446,166
B,4,2024,inner,23,all,70,0.036667904204602475,0.15106584653339108,166
B,4,2024,inner,23,true_high,2,-0.33031296320549985,0.3307081422160625,166
B,4,2024,inner,23,pred_high,6,0.1839218939348939,0.4231931141564852,166
B,4,2024,outer,0,all,50,-0.010251709961298636,0.19672908863900926,255
B,4,2024,outer,0,true_high,12,-0.18167367378922816,0.2782535807657454,255
B,4,2024,outer,0,pred_high,10,-0.007157338485689046,0.30448810526510295,255
B,4,2024,outer,6,all,50,-0.016280811494734423,0.19494488257087442,255
B,4,2024,outer,6,true_high,12,-0.17369554273950547,0.28393297417976454,255
B,4,2024,outer,6,pred_high,9,-0.023555924380975646,0.30974068379873776,255
B,4,2024,outer,23,all,50,0.016716989144189433,0.18454633867903594,255
B,4,2024,outer,23,true_high,12,-0.12463946190890977,0.2382184093382128,255
B,4,2024,outer,23,pred_high,9,0.021051343061155428,0.29184616459737367,255
EXT10,0,7,inner,0,all,50,-0.019166994626156484,0.13529370577918448,125
EXT10,0,7,inner,0,true_high,2,-0.48058938636623133,0.5627846761907669,125
EXT10,0,7,inner,0,pred_high,1,-0.18774056279462203,0.18774056279462203,125
EXT10,0,7,inner,6,all,50,-0.026076067645106383,0.13718422281166007,125
EXT10,0,7,inner,6,true_high,2,-0.5124404122229397,0.5856003179391757,125
EXT10,0,7,inner,6,pred_high,1,-0.22901042740967537,0.22901042740967537,125
EXT10,0,7,inner,23,all,50,-0.01696503714300417,0.13721129434425094,125
EXT10,0,7,inner,23,true_high,2,-0.4690895342945544,0.5859941378448852,125
EXT10,0,7,inner,23,pred_high,1,-0.11788569262438076,0.11788569262438076,125
EXT10,0,7,outer,0,all,75,-0.1000708418065544,0.39641659537046225,191
EXT10,0,7,outer,0,true_high,10,-0.9343893380044876,1.0191461868235199,191
EXT10,0,7,outer,0,pred_high,4,-0.22222800184291247,0.8056878869899271,191
EXT10,0,7,outer,6,all,75,-0.11528312637260797,0.40574540971418865,191
EXT10,0,7,outer,6,true_high,10,-0.9785592912775917,1.060086939088172,191
EXT10,0,7,outer,6,pred_high,1,0.5794553620988757,0.5794553620988757,191
EXT10,0,7,outer,23,all,75,-0.08478654113329893,0.38398304282232143,191
EXT10,0,7,outer,23,true_high,10,-0.9113326408237276,0.9976790565556559,191
EXT10,0,7,outer,23,pred_high,2,-0.1229096132427357,0.7223203614860876,191
EXT10,0,101,inner,0,all,50,-0.01897604862550826,0.13635790450993132,125
EXT10,0,101,inner,0,true_high,2,-0.4776126535794051,0.5733632147880388,125
EXT10,0,101,inner,0,pred_high,1,-0.16038792375382238,0.16038792375382238,125
EXT10,0,101,inner,6,all,50,-0.027998657784447614,0.13748699664302652,125
EXT10,0,101,inner,6,true_high,2,-0.5028164906243295,0.5877352392597386,125
EXT10,0,101,inner,6,pred_high,1,-0.19850039143807918,0.19850039143807918,125
EXT10,0,101,inner,23,all,50,-0.01837834616999765,0.13902987801261515,125
EXT10,0,101,inner,23,true_high,2,-0.46678127237422856,0.5952344310612241,125
EXT10,0,101,inner,23,pred_high,1,-0.09743147654177453,0.09743147654177453,125
EXT10,0,101,outer,0,all,75,-0.11649494902572939,0.4059327437471176,191
EXT10,0,101,outer,0,true_high,10,-0.9630208188075366,1.0477547008204386,191
EXT10,0,101,outer,0,pred_high,3,-0.026625685526924386,0.7861399262340314,191
EXT10,0,101,outer,6,all,75,-0.13000394129626638,0.4118950627178767,191
EXT10,0,101,outer,6,true_high,10,-0.9973650021102254,1.0782653481018534,191
EXT10,0,101,outer,6,pred_high,1,0.5645429693610508,0.5645429693610508,191
EXT10,0,101,outer,23,all,75,-0.09598224026780738,0.3868294401837886,191
EXT10,0,101,outer,23,true_high,10,-0.9235207597756829,1.0098393559176986,191
EXT10,0,101,outer,23,pred_high,2,-0.13666846704664776,0.7220419778757642,191
EXT10,0,2024,inner,0,all,50,-0.01883127642745039,0.1386430609498767,125
EXT10,0,2024,inner,0,true_high,2,-0.4760479651728969,0.571401034925922,125
EXT10,0,2024,inner,0,pred_high,1,-0.16001398350453422,0.16001398350453422,125
EXT10,0,2024,inner,6,all,50,-0.027328604360371017,0.13840643541513795,125
EXT10,0,2024,inner,6,true_high,2,-0.5083759122604885,0.5873855434370845,125
EXT10,0,2024,inner,6,pred_high,1,-0.21413840874981238,0.21413840874981238,125
EXT10,0,2024,inner,23,all,50,-0.018080828334779024,0.13886752142088146,125
EXT10,0,2024,inner,23,true_high,2,-0.47450051837687834,0.58970405847698,125
EXT10,0,2024,inner,23,pred_high,1,-0.12435749810616792,0.12435749810616792,125
EXT10,0,2024,outer,0,all,75,-0.10984933163306623,0.4019004740633188,191
EXT10,0,2024,outer,0,true_high,10,-0.9514545453328023,1.0387438565214517,191
EXT10,0,2024,outer,0,pred_high,2,-0.19185518007569863,0.9372287057042236,191
EXT10,0,2024,outer,6,all,75,-0.12317885013757833,0.4093163655624035,191
EXT10,0,2024,outer,6,true_high,10,-0.9887252233857918,1.0726621057262562,191
EXT10,0,2024,outer,6,pred_high,1,0.5833226171705138,0.5833226171705138,191
EXT10,0,2024,outer,23,all,75,-0.08990581617319592,0.3862958099992738,191
EXT10,0,2024,outer,23,true_high,10,-0.9167090290230467,1.0058040978336906,191
EXT10,0,2024,outer,23,pred_high,2,-0.13102269197495614,0.7364893767040097,191
EXT12,0,7,inner,0,all,29,-0.05465016108903668,0.23105525307344965,63
EXT12,0,7,inner,0,true_high,1,-1.1243963457249382,1.1243963457249382,63
EXT12,0,7,inner,0,pred_high,0,,,63
EXT12,0,7,inner,6,all,29,-0.057717836062228335,0.22947970261517525,63
EXT12,0,7,inner,6,true_high,1,-1.1200593768141356,1.1200593768141356,63
EXT12,0,7,inner,6,pred_high,0,,,63
EXT12,0,7,inner,23,all,29,-0.06058663474853539,0.23752103866884924,63
EXT12,0,7,inner,23,true_high,1,-1.1700205709462193,1.1700205709462193,63
EXT12,0,7,inner,23,pred_high,0,,,63
EXT12,0,7,outer,0,all,193,-0.06230469767972681,0.40347598439568666,100
EXT12,0,7,outer,0,true_high,18,-1.0003986390189197,1.1218029913176304,100
EXT12,0,7,outer,0,pred_high,10,0.47748565578744706,0.5005029895865003,100
EXT12,0,7,outer,6,all,193,-0.06773655102326323,0.39945259167536107,100
EXT12,0,7,outer,6,true_high,18,-1.001783001354065,1.1214206602043548,100
EXT12,0,7,outer,6,pred_high,9,0.4431315716336825,0.4709671342413108,100
EXT12,0,7,outer,23,all,193,-0.04891350742421343,0.404884483341358,100
EXT12,0,7,outer,23,true_high,18,-0.9869904328811194,1.1067824517689846,100
EXT12,0,7,outer,23,pred_high,12,0.5583305940122075,0.5758970579177222,100
EXT12,0,101,inner,0,all,29,-0.05553629913275014,0.23249478548449046,63
EXT12,0,101,inner,0,true_high,1,-1.1306266615983667,1.1306266615983667,63
EXT12,0,101,inner,0,pred_high,0,,,63
EXT12,0,101,inner,6,all,29,-0.059548204547568276,0.23094859167459203,63
EXT12,0,101,inner,6,true_high,1,-1.125575759591767,1.125575759591767,63
EXT12,0,101,inner,6,pred_high,0,,,63
EXT12,0,101,inner,23,all,29,-0.061763222934141535,0.2385840402250005,63
EXT12,0,101,inner,23,true_high,1,-1.1729190162866798,1.1729190162866798,63
EXT12,0,101,inner,23,pred_high,0,,,63
EXT12,0,101,outer,0,all,193,-0.061079645019295685,0.3999224643810677,100
EXT12,0,101,outer,0,true_high,18,-0.990583874346562,1.1118360931563676,100
EXT12,0,101,outer,0,pred_high,9,0.4917424454372864,0.517617760122633,100
EXT12,0,101,outer,6,all,193,-0.07256446171059719,0.39815839124113994,100
EXT12,0,101,outer,6,true_high,18,-1.0050943906096876,1.1226051990128798,100
EXT12,0,101,outer,6,pred_high,9,0.43419108712348237,0.46706157884123334,100
EXT12,0,101,outer,23,all,193,-0.054333251211908636,0.40343211765238085,100
EXT12,0,101,outer,23,true_high,18,-0.989231747549893,1.1081842853247417,100
EXT12,0,101,outer,23,pred_high,12,0.548308753931095,0.5672362981972451,100
EXT12,0,2024,inner,0,all,29,-0.059784719889604626,0.23502578885490424,63
EXT12,0,2024,inner,0,true_high,1,-1.139347580616369,1.139347580616369,63
EXT12,0,2024,inner,0,pred_high,0,,,63
EXT12,0,2024,inner,6,all,29,-0.06116968314210063,0.23190134453687386,63
EXT12,0,2024,inner,6,true_high,1,-1.130533465161521,1.130533465161521,63
EXT12,0,2024,inner,6,pred_high,0,,,63
EXT12,0,2024,inner,23,all,29,-0.06206097058802591,0.23890104639357382,63
EXT12,0,2024,inner,23,true_high,1,-1.1752955619838414,1.1752955619838414,63
EXT12,0,2024,inner,23,pred_high,0,,,63
EXT12,0,2024,outer,0,all,193,-0.05193107068313312,0.4012979940752349,100
EXT12,0,2024,outer,0,true_high,18,-0.9919505035398193,1.1127350142734793,100
EXT12,0,2024,outer,0,pred_high,9,0.4882612242280101,0.5133285447314048,100
EXT12,0,2024,outer,6,all,193,-0.06217022491867668,0.39690974853985117,100
EXT12,0,2024,outer,6,true_high,18,-0.9946639028632459,1.1144731101961582,100
EXT12,0,2024,outer,6,pred_high,9,0.4307124498443395,0.4623891496350657,100
EXT12,0,2024,outer,23,all,193,-0.04710325457646365,0.40120863511913835,100
EXT12,0,2024,outer,23,true_high,18,-0.9794698310170463,1.0997193825524814,100
EXT12,0,2024,outer,23,pred_high,11,0.5347153483607415,0.55487909377512,100
