seed,farm,day,truth,prediction,sse,raw_et,rmse,ordinary,pass2,delta_sse,prediction_change,raw_et_change,arm
ensemble,F47,132,2.7121666666666666,1.1777052281974694,61.231213419549704,1.1567003240740732,1.5972791112225515,False,False,4.619650839451715,-0.06398635776223371,-0.14642131944444503,D2
ensemble,F13,243,1.7187916666666665,0.9854766821062152,13.147093471728448,0.9209131249999998,0.740132124233247,False,True,1.5482256906809635,-0.04779916350885982,-0.0629680787037038,D2
ensemble,F47,145,2.141625,1.587283909676261,10.204446517308385,1.4536978703703651,0.6520623218332094,False,False,0.8472476800684365,-0.026911879261104055,-0.06803150462963159,D2
ensemble,F13,241,1.4315,0.994485291283846,4.875100822095778,0.9097027546296296,0.4506985699119284,False,True,0.6623796127682908,-0.03268045383610141,-0.06877912037037026,D2
ensemble,F47,141,1.8655,1.7165313983317771,1.8602010203485109,1.636647384259257,0.2784032612019023,False,False,0.605734344741683,-0.07208620386758624,-0.17156685185185383,D2
ensemble,F13,121,1.3183749999999999,0.8596869007040264,5.662906453052505,0.8809580324074076,0.4857514133215202,False,False,0.48236796831613304,-0.021661063620603827,-0.04950500000000002,D2
ensemble,F13,156,0.7513333333333333,1.1599458351720275,4.0587482781953765,1.1388865972222233,0.411235348178478,True,False,0.40688549247574723,0.021905918044202943,0.04986312500000012,D2
ensemble,F47,229,1.78825,1.3170988281589127,5.56083946539297,1.2580823842592581,0.4813539699549322,False,True,0.3298025759617085,-0.014577060814182863,-0.031076249999999916,D1
ensemble,F47,229,1.78825,1.3170988281589127,5.56083946539297,1.2580823842592581,0.4813539699549322,False,True,0.3298025759617085,-0.014577060814182863,-0.031076249999999916,D2
ensemble,F13,132,0.8696666666666667,1.2657520778524916,4.055072167443657,1.32539550925926,0.41104907287348597,True,False,0.28888589403747433,0.015103569249013349,0.030677592592592617,D2
ensemble,F47,178,0.30579166666666663,0.700214780428909,3.743191858459067,0.8063331018518509,0.39492572394792724,True,False,0.28384434379526446,0.01522063725210121,0.03441736111111082,D2
ensemble,F47,145,2.141625,1.608750160930567,9.634361250359149,1.497657314814809,0.6335863940813159,False,False,0.27716241311919987,-0.005445628006798042,-0.024072060185187816,D1
ensemble,F47,178,0.30579166666666663,0.6989672265362376,3.7185226310759023,0.801261203703703,0.39362220842007367,True,False,0.2591751164120999,0.013973083359429816,0.02934546296296292,D1
ensemble,F47,139,1.684375,1.5952987033330597,0.3494661783498413,1.5374667824074069,0.12066934475904276,False,False,0.22402400732576833,-0.08381233666469345,-0.19931909722222318,D2
ensemble,F47,138,1.7102916666666665,1.5581170264152,0.9212078750038056,1.4649280787037025,0.1959174863520148,False,False,0.22279064391149994,-0.059902988695050396,-0.14826178240740795,D2
ensemble,F13,243,1.7187916666666665,1.0267668109605268,11.821071968928504,0.9688271527777776,0.7018152644193634,False,True,0.2222041878810188,-0.006509034654548218,-0.015054050925925933,D1
ensemble,F47,161,0.646,1.1525809405500327,6.1829474556988355,1.4185014120370372,0.5075655727628876,True,False,0.18639750047384762,0.007746454703808858,0.014437361111110603,D1
ensemble,F13,231,0.620875,1.0041046104875606,3.53433646194154,0.950279444444444,0.3837499436450306,True,True,0.1638798093817222,0.009004135761402687,0.01517868055555549,D1
ensemble,F13,178,1.8420416666666668,1.0845142227328641,19.903341281123822,1.142194490740741,0.9106623340808011,False,False,0.14068695530392006,-0.0030970891013699653,-0.008912199074074367,D1
ensemble,F47,141,1.8655,1.7886506743070631,1.394303182001027,1.7936008796296283,0.24103104761982316,False,False,0.1398365063941991,3.307210769976088e-05,-0.014613356481482542,D1
ensemble,F13,241,1.4315,1.021096144475206,4.334624974835856,0.9649351157407406,0.42498161601590956,False,True,0.12190376550836923,-0.00606960064474138,-0.013546759259259189,D1
ensemble,F47,119,0.921875,0.5986998668739681,2.9977332513060784,0.6297593287037039,0.35341979590531325,True,False,0.1192149615271525,-0.006993484406406569,-0.018547453703703587,D1
ensemble,F13,217,1.69325,1.1883243682630538,6.283680922950916,1.1531869444444445,0.5116835335012142,False,True,0.08396868718827566,-0.0036246018554790815,-0.016215486111111233,D1
ensemble,F47,231,2.1767083333333335,1.4505742865965228,15.44588345174855,1.355439861111111,0.8022334305899933,False,True,0.07972697373268112,-0.0013014009568634854,-0.005357638888888738,D1
