stratum_family,rmse,maxabs,farm_i,day_i,farm_j,day_j,shift,a,b
F13_B1/identity,0.005473420624557673,0.009999999999999953,F13,20,F13,33,0,1.0,0.0
F13_B1/offset,0.0023153959922946727,0.004173913043478306,F13,16,F13,27,1,1.0,-0.03517391304347828
F13_B1/scale,0.0027559324385194903,0.005486200898445315,F13,16,F13,27,1,0.9019188147891256,0.0
F13_B1/affine,0.0022064332043191187,0.005478293922298261,F13,16,F13,28,1,1.2955627575721202,-0.15233317328852075
F13_B2/identity,0.006261655798056405,0.019000000000000017,F13,129,F13,138,0,1.0,0.0
F13_B2/offset,0.002899952106884203,0.0055833333333332735,F13,78,F13,90,0,1.0,0.018416666666666637
F13_B2/scale,0.0030224336659883276,0.006422099970242456,F13,78,F13,90,0,1.0329747028357257,0.0
F13_B2/affine,0.002803515263849468,0.005410309823246862,F13,77,F13,108,1,0.8179458081365522,0.10832942621294328
F13_B3/identity,0.006757711644237761,0.01799999999999996,F13,152,F13,242,0,1.0,0.0
F13_B3/offset,0.006639528095680739,0.01100000000000012,F13,162,F13,231,0,1.0,-0.03499999999999992
F13_B3/scale,0.0054946027094390955,0.011445301061067115,F13,162,F13,231,0,0.9434153474891521,0.0
F13_B3/affine,0.003424804620271442,0.007406679501820168,F13,150,F13,169,0,0.7307511862897471,0.22268626707288441
F47_B1/identity,0.009287087810503357,0.022999999999999965,F47,26,F47,45,4,1.0,0.0
F47_B1/offset,0.0039991318502339305,0.010083333333333278,F47,32,F47,45,0,1.0,0.03891666666666671
F47_B1/scale,0.00406778849492915,0.009880590789176191,F47,32,F47,45,0,1.1534094478855834,0.0
F47_B1/affine,0.003451123501532688,0.008519250165200165,F47,36,F47,63,0,1.1661600528640488,-0.10330444823148882
F47_B2/identity,0.007462951974514716,0.019000000000000017,F47,71,F47,120,-1,1.0,0.0
F47_B2/offset,0.002244978965504034,0.005958333333333343,F47,98,F47,107,0,1.0,-0.010958333333333348
F47_B2/scale,0.002119101793317234,0.003616095539745484,F47,92,F47,113,0,0.8263965154095506,0.0
F47_B2/affine,0.002091710914120041,0.0038047086623249626,F47,92,F47,113,0,0.7954872917987428,0.007755057345398136
F47_B3/identity,0.011236586206015491,0.029000000000000026,F47,144,F47,175,-1,1.0,0.0
F47_B3/offset,0.004595962722426687,0.008913043478260885,F47,152,F47,230,1,1.0,-0.01808695652173914
F47_B3/scale,0.004248267568554462,0.009323522929579164,F47,152,F47,230,1,0.960631454186145,0.0
F47_B3/affine,0.0037732071344864795,0.0068088237655989925,F47,149,F47,209,0,1.3132966791761889,-0.16282127083210474
