farm,day,hour,actual_day_mean,actual_current,actual_v2_current,et_shrunk,high_training_day_mass,selected_high_row_mean,selected_other_row_mean,effective_source_days,contributor_day_mean,available_high_days,train_day_max
F13,33,0,0.33975,0.329,0.2998109042508773,0.30623833333333206,0.0,,0.30623833333333367,3.154857894002673,0.3130395462962957,23,2.1767083333333335
F13,33,6,0.33975,0.327,0.292431592837614,0.3053070238095235,0.0,,0.30530702380952335,3.1258669255034803,0.31310913955026404,23,2.1767083333333335
F13,33,12,0.33975,0.343,0.2927284840533768,0.3046446794871795,0.0,,0.3046446794871793,3.801113693713049,0.30895243126780597,23,2.1767083333333335
F13,33,23,0.33975,0.346,0.311055907754478,0.31433461805555524,0.0,,0.31433461805555574,3.4027171909593354,0.3117089205246907,23,2.1767083333333335
F13,34,0,0.34991666666666665,0.345,0.3038693517546348,0.3137133333333315,0.0,,0.31371333333333434,3.086604932916754,0.3204466296296292,23,2.1767083333333335
F13,34,6,0.34991666666666665,0.341,0.2978971432979977,0.3116061904761893,0.0,,0.31160619047619065,3.1275527669391328,0.3193933310185181,23,2.1767083333333335
F13,34,12,0.34991666666666665,0.348,0.3295898168505575,0.31953314102564057,0.0,,0.3195331410256411,3.137721831427056,0.32174126086182303,23,2.1767083333333335
F13,34,23,0.34991666666666665,0.36,0.3372203911203445,0.34118906249999975,0.0,,0.3411890624999999,3.835318959167953,0.337588725067515,23,2.1767083333333335
F13,35,0,0.26345833333333335,0.279,0.2144277030581267,0.20890333333333214,0.0,,0.2089033333333338,6.867818863397149,0.19530062500000023,23,2.1767083333333335
F13,35,6,0.26345833333333335,0.265,0.1874221178719982,0.1916299999999997,0.0,,0.19162999999999997,8.69297080071427,0.19181785820578234,23,2.1767083333333335
F13,35,12,0.26345833333333335,0.258,0.20763899970252,0.1860777564102563,0.0,,0.1860777564102563,10.661558670119444,0.18762473888380138,23,2.1767083333333335
F13,35,23,0.26345833333333335,0.255,0.205018056541133,0.19302454861111085,0.0,,0.19302454861111107,8.719961804035785,0.1896001467806162,23,2.1767083333333335
F13,36,0,0.3588333333333333,0.36,0.3442380418542153,0.38693499999999864,0.0,,0.3869350000000006,8.752735229759283,0.3952053472222222,23,2.1767083333333335
F13,36,6,0.3588333333333333,0.356,0.304583016401873,0.3338088095238084,0.0,,0.33380880952380965,4.384416276409452,0.34292517939814793,23,2.1767083333333335
F13,36,12,0.3588333333333333,0.356,0.3091244735851705,0.3376414743589738,0.0,,0.3376414743589744,4.094514033049229,0.34065438345797694,23,2.1767083333333335
F13,36,23,0.3588333333333333,0.361,0.3304787078316228,0.35270093750000037,0.0,,0.3527009375,4.6016014774064296,0.35023666931905817,23,2.1767083333333335
F13,37,0,0.3379999999999999,0.36,0.3291451191579183,0.37978833333333234,0.0,,0.37978833333333406,12.509338568723203,0.388895833333333,23,2.1767083333333335
F13,37,6,0.3379999999999999,0.355,0.3236565281715046,0.3741167857142854,0.0,,0.37411678571428586,16.752025390144638,0.38603233382936486,23,2.1767083333333335
F13,37,12,0.3379999999999999,0.355,0.3283245206740559,0.3796901923076924,6.41025641025641e-05,1.134,0.3796418360151293,16.35787283125099,0.38290046073717926,23,2.1767083333333335
F13,37,23,0.3379999999999999,0.301,0.3404983956797728,0.3881449305555557,0.0011111111111111111,1.413875,0.3870039627363736,16.061924740341727,0.3851213057966818,23,2.1767083333333335
F13,83,0,0.5427083333333333,0.519,0.5245969406308029,0.5199583333333336,0.005,1.6813333333333333,0.5141222780569475,3.971734489549388,0.5385244791666661,23,2.1767083333333335
F13,83,6,0.5427083333333333,0.5,0.5095764211963925,0.5137208333333338,0.0054761904761904765,1.6486304347826086,0.5074716303567143,3.8362516428845703,0.5393962003968248,23,2.1767083333333335
F13,83,12,0.5427083333333333,0.549,0.5256760741280634,0.5271810897435897,0.005128205128205128,1.4610625,0.5223672680412367,5.045672604890067,0.5355332331730769,23,2.1767083333333335
F13,83,23,0.5427083333333333,0.555,0.5382847335546959,0.5374369444444445,0.005902777777777778,1.4874529411764708,0.5317959133775755,5.1335537067311785,0.5359467664930557,23,2.1767083333333335
F13,84,0,0.5364166666666667,0.528,0.5318158458175339,0.5396649999999984,0.02,1.2520000000000002,0.5251275510204091,6.345345424741546,0.5587665972222225,23,2.1767083333333335
F13,84,6,0.5364166666666667,0.5,0.5290142194434644,0.529012738095237,0.01869047619047619,1.2364458598726114,0.5155386388450822,6.919013564002413,0.5544002331349207,23,2.1767083333333335
F13,84,12,0.5364166666666667,0.546,0.5517902748787835,0.5687062179487172,0.02525641025641026,1.296444162436548,0.5498499276601352,8.100064180427164,0.5698683124109687,23,2.1767083333333335
F13,84,23,0.5364166666666667,0.543,0.5526679467997526,0.5769135069444449,0.02729166666666667,1.4510483460559793,0.552387556221889,8.964417388824497,0.5732661807966821,23,2.1767083333333335
F13,85,0,0.5724583333333334,0.551,0.5462485065448481,0.5509283333333315,0.0016666666666666668,1.3549999999999998,0.5495859766277116,3.567782920230337,0.5709371874999991,23,2.1767083333333335
F13,85,6,0.5724583333333334,0.54,0.5413662759572626,0.5455864285714269,0.0016666666666666668,1.2789285714285712,0.5443621512043885,3.684554606616248,0.5726903158068771,23,2.1767083333333335
F13,85,12,0.5724583333333334,0.581,0.5357714217643312,0.5604146794871805,0.000641025641025641,1.2530999999999999,0.5599703656189863,3.1284559199951736,0.5664040478098286,23,2.1767083333333335
F13,85,23,0.5724583333333334,0.565,0.5493628171990453,0.567656875000001,0.0012847222222222223,1.3075945945945946,0.5667050377220733,3.2579491554542503,0.563019019338348,23,2.1767083333333335
F13,86,0,0.556875,0.538,0.4985098651563388,0.5024550000000019,0.0016666666666666668,0.979,0.5016594323873099,4.134675571532782,0.517083263888888,23,2.1767083333333335
F13,86,6,0.556875,0.524,0.4894907571273139,0.4959296428571422,0.0016666666666666668,0.9675714285714285,0.4951422609110428,4.072350699448092,0.5186316278108456,23,2.1767083333333335
F13,86,12,0.556875,0.568,0.5111732306623562,0.5188013461538454,0.005512820512820513,1.1711162790697673,0.5151853164883335,4.604322397835368,0.5199811823361816,23,2.1767083333333335
F13,86,23,0.556875,0.559,0.5254381217380508,0.5209387152777776,0.005347222222222223,1.3625454545454545,0.5164142637715556,4.7875624410354884,0.5180107185570981,23,2.1767083333333335
F13,133,0,0.9788333333333333,0.941,1.204357343410334,1.3706016666666694,0.66,1.6795883838383814,0.770803921568627,6.191950464396268,1.3523806250000006,23,2.1767083333333335
F13,133,6,0.9788333333333333,0.933,1.177829538542332,1.3483097619047597,0.6599999999999999,1.6534686147186164,0.7559425770308125,6.080401940765013,1.3508454910714294,23,2.1767083333333335
F13,133,12,0.9788333333333333,0.997,1.1592362646760392,1.3139114743589748,0.6737820512820513,1.6035588431167371,0.7156635881312639,6.9967047406699585,1.3506990010683761,23,2.1767083333333335
F13,133,23,0.9788333333333333,0.975,1.213492633060811,1.3353788194444425,0.6825000000000001,1.628975020350023,0.7042625765529312,7.428579918991174,1.3482819878472225,23,2.1767083333333335
F13,134,0,0.7533333333333333,0.76,0.7351033446100433,0.7352716666666668,0.011666666666666667,1.5954285714285712,0.7251180438448516,3.90062084881846,0.74386579861111,23,2.1767083333333335
F13,134,6,0.7533333333333333,0.751,0.7192639497547142,0.7264744047619065,0.01011904761904762,1.6029294117647057,0.7175148526758887,3.768893731971695,0.741994421296295,23,2.1767083333333335
F13,134,12,0.7533333333333333,0.76,0.7282801981253415,0.7363066025641036,0.012820512820512822,1.6236049999999997,0.7247832467532469,4.430961012747401,0.7426723838141014,23,2.1767083333333335
F13,134,23,0.7533333333333333,0.738,0.737413919943171,0.7369390972222235,0.012604166666666666,1.6232341597796143,0.7256254879206664,5.397835165095339,0.739923500434027,23,2.1767083333333335
F13,135,0,1.0125833333333334,0.969,1.1380110247861968,1.2160633333333335,0.5133333333333334,1.700055194805198,0.7055513698630123,10.517090271691497,1.2384575694444442,23,2.1767083333333335
F13,135,6,1.0125833333333334,0.951,1.0895523270305472,1.1866695238095213,0.5060714285714285,1.6664980004704801,0.6950448300795373,11.115430978151627,1.2287370684523806,23,2.1767083333333335
F13,135,12,1.0125833333333334,1.012,1.1389627146707937,1.1683316025641024,0.5051923076923076,1.6467882248445644,0.6798335276590228,12.854131132226538,1.2084082189280623,23,2.1767083333333335
F13,135,23,1.0125833333333334,0.97,1.1358082995250496,1.2153639930555542,0.5011805555555554,1.7476994596092565,0.6805087707086172,13.287539403428033,1.1986775248360335,23,2.1767083333333335
F13,136,0,0.73775,0.735,0.7285531197461571,0.7585016666666656,0.04833333333333333,1.2747241379310346,0.7322837127845861,7.842026728241098,0.777909722222222,23,2.1767083333333335
F13,136,6,0.73775,0.722,0.7237372018602424,0.7495671428571433,0.047142857142857146,1.2313080808080805,0.7257328835582222,8.013707447598648,0.7774728811177247,23,2.1767083333333335
F13,136,12,0.73775,0.743,0.7451661568744048,0.7650925641025634,0.04403846153846154,1.335876273653566,0.7387981626768593,7.848394772967072,0.7747637415420225,23,2.1767083333333335
F13,136,23,0.73775,0.724,0.7488235817962491,0.7720462152777785,0.04475694444444444,1.413911559348332,0.741972265639199,7.507324711705148,0.7717356356095676,23,2.1767083333333335
F13,137,0,1.0758750000000001,0.965,1.3498458224340522,1.534413333333332,0.8100000000000006,1.726691358024693,0.714701754385967,7.258357191822236,1.5674009027777787,23,2.1767083333333335
F13,137,6,1.0758750000000001,0.944,1.285682093218229,1.4772846428571407,0.8079761904761911,1.6607163695299847,0.7054612523248626,7.493080369658619,1.5602424727182547,23,2.1767083333333335
F13,137,12,1.0758750000000001,1.032,1.2618981815241777,1.432678397435898,0.792564102564103,1.6296295697185386,0.6801739802224988,8.28448843411576,1.530255320512821,23,2.1767083333333335
F13,137,23,1.0758750000000001,1.068,1.3598659351299007,1.5516059722222222,0.7876041666666671,1.7876059163250024,0.6764732712113797,8.11534168096635,1.519781650028936,23,2.1767083333333335
F13,183,0,0.3569166666666666,0.358,0.2895370443109916,0.3035966666666654,0.0,,0.3035966666666667,3.071764088518017,0.3139232638888884,23,2.1767083333333335
F13,183,6,0.3569166666666666,0.345,0.2768478668302758,0.29662666666666626,0.0,,0.29662666666666787,2.30238021443558,0.31343892361111153,23,2.1767083333333335
F13,183,12,0.3569166666666666,0.355,0.276756426237515,0.30461230769230724,0.0,,0.3046123076923086,2.6034670754888793,0.31429886752136754,23,2.1767083333333335
F13,183,23,0.3569166666666666,0.358,0.277645320704058,0.3041956250000002,0.0,,0.3041956250000004,2.8339805678195775,0.30824422309027766,23,2.1767083333333335
F47,31,0,0.27995833333333336,0.278,0.3022816049825985,0.2971900000000013,0.0,,0.2971899999999986,1.65263457495155,0.29856395833333466,23,2.1767083333333335
F47,31,6,0.27995833333333336,0.27,0.2962690700498415,0.2904554761904771,0.0,,0.29045547619047496,1.6714635372396667,0.29815637896825525,23,2.1767083333333335
F47,31,12,0.27995833333333336,0.291,0.2957340305800726,0.2956323076923081,0.0,,0.29563230769230653,1.790485944367114,0.29900178819444556,23,2.1767083333333335
F47,31,23,0.27995833333333336,0.277,0.291643839892331,0.29706850694444553,0.0,,0.2970685069444433,1.9110041470407206,0.3002022388599547,23,2.1767083333333335
F47,32,0,0.29220833333333335,0.29,0.2547374073216787,0.25473833333333346,0.0,,0.2547383333333337,5.4563182987064796,0.260887800925926,23,2.1767083333333335
F47,32,6,0.29220833333333335,0.278,0.2440253267047445,0.25140607142857174,0.0,,0.2514060714285714,5.511531462929738,0.260524818617725,23,2.1767083333333335
F47,32,12,0.29220833333333335,0.288,0.2613376036611883,0.25700955128205133,0.0,,0.2570095512820516,5.636179410481883,0.2612251532229345,23,2.1767083333333335
F47,32,23,0.29220833333333335,0.289,0.2631248267138333,0.2603836458333333,0.0,,0.2603836458333336,5.8543067864652585,0.2609525532407407,23,2.1767083333333335
F47,33,0,0.2754166666666667,0.274,0.2106858980160643,0.19371999999999973,0.0,,0.19371999999999973,5.713922925528518,0.21192763888888916,23,2.1767083333333335
F47,33,6,0.2754166666666667,0.264,0.1968358964376455,0.20128928571428523,0.0,,0.2012892857142857,7.0465132732645905,0.22168007787698432,23,2.1767083333333335
F47,33,12,0.2754166666666667,0.284,0.203903124555792,0.20229320512820514,0.0,,0.2022932051282051,6.640807521360712,0.2142507759971512,23,2.1767083333333335
F47,33,23,0.2754166666666667,0.271,0.2212538114408138,0.2176815624999999,0.0,,0.21768156249999998,6.85629573464838,0.2166285346498845,23,2.1767083333333335
F47,35,0,0.11945833333333333,0.116,0.1642848688501137,0.16615833333333285,0.0,,0.1661583333333331,4.311480514503346,0.1927357638888888,23,2.1767083333333335
F47,35,6,0.11945833333333333,0.106,0.1520566021033915,0.1593654761904758,0.0,,0.1593654761904762,4.18608624666585,0.1908732539682539,23,2.1767083333333335
F47,35,12,0.11945833333333333,0.124,0.1660137294848057,0.16638955128205118,0.0,,0.16638955128205124,3.877309300402804,0.1902867637108261,23,2.1767083333333335
F47,35,23,0.11945833333333333,0.114,0.1836047743914677,0.18994954861111074,0.0,,0.18994954861111132,4.476445357167817,0.19373292127218356,23,2.1767083333333335
F47,81,0,0.18570833333333334,0.183,0.2355771883267717,0.2429483333333333,0.0,,0.24294833333333388,14.656621151223298,0.24394872685185182,23,2.1767083333333335
F47,81,6,0.18570833333333334,0.188,0.2095946044522772,0.21849380952380973,0.0,,0.2184938095238099,9.300306634993662,0.22428890079365077,23,2.1767083333333335
F47,81,12,0.18570833333333334,0.18,0.2063232111804565,0.21674070512820504,0.0,,0.2167407051282052,9.638557600835608,0.22156547159900286,23,2.1767083333333335
F47,81,23,0.18570833333333334,0.192,0.2124160634316765,0.21896611111111103,0.0,,0.21896611111111108,6.833890159997592,0.2185103966876101,23,2.1767083333333335
F47,83,0,0.2739166666666667,0.268,0.3230469565317673,0.3293316666666643,0.0,,0.32933166666666597,4.961513812992278,0.33893100694444434,23,2.1767083333333335
F47,83,6,0.2739166666666667,0.263,0.314613997284381,0.32309845238095175,0.0,,0.32309845238095225,5.593258349038302,0.3381590629960317,23,2.1767083333333335
F47,83,12,0.2739166666666667,0.271,0.3198548166567861,0.33158608974358983,6.41025641025641e-05,0.894,0.3315500352586705,5.237773356812708,0.3358239261039886,23,2.1767083333333335
F47,83,23,0.2739166666666667,0.284,0.3232962342086672,0.33685201388888886,3.472222222222222e-05,0.8939999999999999,0.3368326678009657,5.79820446451122,0.33563046759259263,23,2.1767083333333335
F47,85,0,0.19354166666666664,0.193,0.1964924986092292,0.21225333333333338,0.0,,0.21225333333333307,11.860057793900443,0.21276265244708986,23,2.1767083333333335
F47,85,6,0.19354166666666664,0.191,0.19927910348764,0.20279940476190472,0.0,,0.20279940476190486,9.006845684192246,0.2085254524577192,23,2.1767083333333335
F47,85,12,0.19354166666666664,0.199,0.2074341917235279,0.20698141025641015,0.0,,0.20698141025640998,9.24219834274336,0.20790311226533884,23,2.1767083333333335
F47,85,23,0.19354166666666664,0.196,0.2176085259625008,0.20976295138888867,0.0,,0.20976295138888906,8.776747050186188,0.2078586670266342,23,2.1767083333333335
F47,131,0,0.70275,0.711,0.6340182886803631,0.6174950000000002,0.011666666666666667,1.3135714285714286,0.6092782462057345,7.478879091454684,0.6277979282407408,23,2.1767083333333335
F47,131,6,0.70275,0.687,0.6206872090910789,0.6148055952380955,0.016666666666666666,1.4663214285714286,0.6003731234866846,6.579962999313014,0.6284537632275129,23,2.1767083333333335
F47,131,12,0.70275,0.712,0.6603833701917897,0.6395642948717956,0.025512820512820514,1.4808065326633164,0.6175399289567167,8.2172278877604,0.6471840869836181,23,2.1767083333333335
F47,131,23,0.70275,0.698,0.6475121616911251,0.6365227430555558,0.018506944444444444,1.572467166979362,0.6188746594969402,8.913838839579897,0.6387379550057869,23,2.1767083333333335
F47,132,0,2.7121666666666666,2.796,1.1995909146889945,1.236381666666664,0.6333333333333334,1.5769499999999987,0.6481272727272726,9.493670886075952,1.2928696527777774,23,2.1767083333333335
F47,132,6,2.7121666666666666,3.18,1.1594964873834306,1.2021960714285709,0.6210714285714287,1.5422238834579254,0.6448837574615142,9.452199113199933,1.284677123015873,23,2.1767083333333335
F47,132,12,2.7121666666666666,2.248,1.1889884011189813,1.2094117307692305,0.6568269230769231,1.4829132386668635,0.6859349024002994,9.029438507394035,1.3197563461538462,23,2.1767083333333335
F47,132,23,2.7121666666666666,2.771,1.341254917975382,1.3766215277777785,0.645486111111111,1.7270157073695545,0.7386364348677762,9.382331749472874,1.3276116239872682,23,2.1767083333333335
F47,133,0,0.46658333333333335,0.456,0.4922445587251361,0.5064316666666664,0.005,1.207,0.5029112227805728,5.350812654671914,0.4601657638888893,23,2.1767083333333335
F47,133,6,0.46658333333333335,0.436,0.4480632931976562,0.4485516666666666,0.005,1.1651904761904763,0.4449504666188093,7.149818125994765,0.4625268700396825,23,2.1767083333333335
F47,133,12,0.46658333333333335,0.465,0.4629083053891825,0.47270051282051323,0.014743589743589745,1.403630434782609,0.45876987638256345,10.926262008853616,0.48572059161324777,23,2.1767083333333335
F47,133,23,0.46658333333333335,0.482,0.4699917262447839,0.4892088194444442,0.013715277777777778,1.43433417721519,0.4760659038901603,14.90063191393526,0.49033532503858007,23,2.1767083333333335
F47,135,0,0.49066666666666664,0.483,0.477553518689005,0.4890816666666659,0.0,,0.4890816666666672,9.872544686329066,0.4580986805555555,23,2.1767083333333335
F47,135,6,0.49066666666666664,0.466,0.4459214091415054,0.44900785714285674,0.00511904761904762,1.349348837209302,0.4443752542778517,11.587824721577533,0.46020861342592584,23,2.1767083333333335
F47,135,12,0.49066666666666664,0.49,0.4410025551296421,0.4484821153846147,0.005833333333333334,1.3462307692307691,0.44321452060094146,13.297066759507683,0.45589969275284903,23,2.1767083333333335
F47,135,23,0.49066666666666664,0.504,0.4607212550420757,0.45190989583333313,0.005277777777777778,1.3482894736842106,0.4471539025411894,13.506509440436957,0.4512431133777006,23,2.1767083333333335
F47,191,0,0.29050000000000004,0.274,0.4774449169730161,0.5094649999999991,0.0,,0.5094650000000014,8.319083052179119,0.5213289236111113,23,2.1767083333333335
F47,191,6,0.29050000000000004,0.275,0.4641313249877739,0.4902255952380959,0.0,,0.490225595238095,9.595794822432227,0.5162606746031747,23,2.1767083333333335
F47,191,12,0.29050000000000004,0.286,0.4299954715170617,0.48410948717948726,0.0,,0.48410948717948776,14.345251444534405,0.48984585781695156,23,2.1767083333333335
F47,191,23,0.29050000000000004,0.293,0.4173564819433675,0.47988374999999994,0.00010416666666666667,2.3803333333333327,0.47968576587839035,15.674575502904455,0.478825310329861,23,2.1767083333333335
F47,192,0,0.14441666666666667,0.167,0.1629205547715864,0.17070833333333393,0.0,,0.17070833333333324,4.142934706067869,0.16248818584656088,23,2.1767083333333335
F47,192,6,0.14441666666666667,0.098,0.1469852396977261,0.1517805952380954,0.0,,0.15178059523809553,4.513287040276939,0.1621277894463341,23,2.1767083333333335
F47,192,12,0.14441666666666667,0.12,0.163307442250935,0.14857897435897455,0.0,,0.14857897435897444,5.8676972621690044,0.16418814590964587,23,2.1767083333333335
F47,192,23,0.14441666666666667,0.17,0.1608911788175963,0.16188652777777787,0.0,,0.16188652777777798,7.000922142053527,0.16344071571180557,23,2.1767083333333335
