query_farm,query_day,hour,source_farm,source_day,weight,source_day_ec
F13,33,0,F13,41,0.5083333333333315,0.33116666666666666
F13,33,0,F13,31,0.1933333333333336,0.32033333333333336
F13,33,0,F13,43,0.1283333333333332,0.34591666666666665
F13,33,0,F47,6,0.05166666666666663,0.24050000000000002
F13,33,0,F47,21,0.030611111111111113,0.14804166666666665
F13,33,6,F13,41,0.512619047619046,0.33116666666666666
F13,33,6,F13,31,0.18928571428571453,0.32033333333333336
F13,33,6,F13,43,0.12797619047619033,0.34591666666666665
F13,33,6,F47,6,0.05321428571428567,0.24050000000000002
F13,33,6,F47,21,0.03227777777777778,0.14804166666666665
F13,33,12,F13,41,0.45169871794871697,0.33116666666666666
F13,33,12,F13,31,0.19483974358974376,0.32033333333333336
F13,33,12,F13,43,0.1224358974358973,0.34591666666666665
F13,33,12,F47,6,0.050512820512820474,0.24050000000000002
F13,33,12,F47,23,0.03477136752136751,0.181625
F13,33,23,F13,41,0.4988368055555539,0.33116666666666666
F13,33,23,F13,31,0.14411458333333327,0.32033333333333336
F13,33,23,F13,43,0.1356597222222221,0.34591666666666665
F13,33,23,F47,6,0.05451388888888885,0.24050000000000002
F13,33,23,F47,21,0.03203587962962963,0.14804166666666665
F13,34,0,F13,41,0.4949999999999981,0.33116666666666666
F13,34,0,F13,43,0.22500000000000048,0.34591666666666665
F13,34,0,F13,31,0.1633333333333334,0.32033333333333336
F13,34,0,F47,6,0.02666666666666667,0.24050000000000002
F13,34,0,F47,21,0.018944444444444448,0.14804166666666665
F13,34,6,F13,41,0.4910714285714267,0.33116666666666666
F13,34,6,F13,43,0.2288095238095243,0.34591666666666665
F13,34,6,F13,31,0.1561904761904762,0.32033333333333336
F13,34,6,F47,6,0.02904761904761905,0.24050000000000002
F13,34,6,F47,21,0.018944444444444448,0.14804166666666665
F13,34,12,F13,41,0.5086271367521353,0.33116666666666666
F13,34,12,F13,43,0.20461538461538498,0.34591666666666665
F13,34,12,F13,31,0.12690705128205126,0.32033333333333336
F13,34,12,F47,6,0.02371794871794872,0.24050000000000002
F13,34,12,F47,21,0.022826923076923078,0.14804166666666665
F13,34,23,F13,41,0.46234085648148004,0.33116666666666666
F13,34,23,F13,43,0.18489583333333354,0.34591666666666665
F13,34,23,F13,31,0.09769965277777773,0.32033333333333336
F13,34,23,F13,51,0.030833333333333317,0.4850833333333333
F13,34,23,F47,21,0.020065972222222228,0.14804166666666665
F13,35,0,F13,39,0.24333333333333393,0.18516666666666667
F13,35,0,F47,52,0.21888888888888933,0.16025
F13,35,0,F13,40,0.17500000000000016,0.1728333333333333
F13,35,0,F13,45,0.04166666666666665,0.14758333333333332
F13,35,0,F13,49,0.039166666666666655,0.14991666666666667
F13,35,6,F13,39,0.2426190476190479,0.18516666666666667
F13,35,6,F13,40,0.15888888888888894,0.1728333333333333
F13,35,6,F47,52,0.12384353741496588,0.16025
F13,35,6,F13,49,0.061874999999999944,0.14991666666666667
F13,35,6,F13,45,0.06107142857142853,0.14758333333333332
F13,35,12,F13,40,0.1855555555555558,0.1728333333333333
F13,35,12,F13,39,0.15394230769230766,0.18516666666666667
F13,35,12,F47,52,0.13855845543345538,0.16025
F13,35,12,F13,42,0.06397435897435894,0.14945833333333333
F13,35,12,F13,44,0.04782051282051279,0.20025
F13,35,23,F13,40,0.22734953703703742,0.1728333333333333
F13,35,23,F13,39,0.17081597222222228,0.18516666666666667
F13,35,23,F47,52,0.14550388558201058,0.16025
F13,35,23,F47,79,0.05608217592592588,0.18629166666666666
F13,35,23,F13,44,0.04709259259259257,0.20025
F13,36,0,F13,41,0.25083333333333396,0.33116666666666666
F13,36,0,F13,31,0.1291666666666665,0.32033333333333336
F13,36,0,F13,51,0.09833333333333322,0.4850833333333333
F13,36,0,F13,197,0.08416666666666661,0.5479166666666667
F13,36,0,F13,50,0.07833333333333325,0.453625
F13,36,6,F13,41,0.3884325396825389,0.33116666666666666
F13,36,6,F13,31,0.26430555555555585,0.32033333333333336
F13,36,6,F47,28,0.04077380952380951,0.37166666666666665
F13,36,6,F13,43,0.0401190476190476,0.34591666666666665
F13,36,6,F13,197,0.03744047619047619,0.5479166666666667
F13,36,12,F13,41,0.42625534188034075,0.33116666666666666
F13,36,12,F13,31,0.23573183760683789,0.32033333333333336
F13,36,12,F47,28,0.04467948717948715,0.37166666666666665
F13,36,12,F13,43,0.037756410256410244,0.34591666666666665
F13,36,12,F13,197,0.031955128205128205,0.5479166666666667
F13,36,23,F13,41,0.4222569444444433,0.33116666666666666
F13,36,23,F13,31,0.17221064814814813,0.32033333333333336
F13,36,23,F47,28,0.04636574074074071,0.37166666666666665
F13,36,23,F13,197,0.04097800925925924,0.5479166666666667
F13,36,23,F13,43,0.03885416666666665,0.34591666666666665
F13,37,0,F13,41,0.12749999999999984,0.33116666666666666
F13,37,0,F13,51,0.1083333333333332,0.4850833333333333
F13,37,0,F13,197,0.10499999999999995,0.5479166666666667
F13,37,0,F13,43,0.10333333333333321,0.34591666666666665
F13,37,0,F13,31,0.09916666666666654,0.32033333333333336
F13,37,6,F13,41,0.1108333333333332,0.33116666666666666
F13,37,6,F13,43,0.10404761904761892,0.34591666666666665
F13,37,6,F13,31,0.09166666666666655,0.32033333333333336
F13,37,6,F13,51,0.09083333333333324,0.4850833333333333
F13,37,6,F47,37,0.06559523809523803,0.13954166666666667
F13,37,12,F13,41,0.11163461538461525,0.33116666666666666
F13,37,12,F13,31,0.09951923076923065,0.32033333333333336
F13,37,12,F13,43,0.09544871794871784,0.34591666666666665
F13,37,12,F13,51,0.09333333333333321,0.4850833333333333
F13,37,12,F13,50,0.07358974358974352,0.453625
F13,37,23,F13,41,0.10979166666666654,0.33116666666666666
F13,37,23,F13,31,0.10534722222222209,0.32033333333333336
F13,37,23,F13,51,0.10496527777777764,0.4850833333333333
F13,37,23,F13,43,0.09222222222222212,0.34591666666666665
F13,37,23,F13,50,0.06840277777777772,0.453625
F13,83,0,F13,81,0.42999999999999877,0.5222916666666667
F13,83,0,F13,91,0.22250000000000045,0.5779166666666666
F13,83,0,F13,79,0.09166666666666656,0.495625
F13,83,0,F13,80,0.07833333333333325,0.5730833333333333
F13,83,0,F47,71,0.028333333333333335,0.40004166666666663
F13,83,6,F13,81,0.4499999999999985,0.5222916666666667
F13,83,6,F13,91,0.20875000000000038,0.5779166666666666
F13,83,6,F13,79,0.08291666666666658,0.495625
F13,83,6,F13,80,0.06827380952380946,0.5730833333333333
F13,83,6,F47,71,0.026904761904761904,0.40004166666666663
F13,83,12,F13,81,0.3568589743589739,0.5222916666666667
F13,83,12,F13,91,0.19717948717948747,0.5779166666666666
F13,83,12,F13,79,0.14634615384615393,0.495625
F13,83,12,F13,77,0.06304487179487174,0.482875
F13,83,12,F13,80,0.05336538461538457,0.5730833333333333
F13,83,23,F13,81,0.33236111111111094,0.5222916666666667
F13,83,23,F13,91,0.1911979166666669,0.5779166666666666
F13,83,23,F13,79,0.19036458333333367,0.495625
F13,83,23,F13,89,0.07489583333333326,0.5786666666666667
F13,83,23,F13,77,0.05635416666666663,0.482875
F13,84,0,F13,77,0.27500000000000036,0.482875
F13,84,0,F13,78,0.199166666666667,0.5759583333333333
F13,84,0,F13,89,0.16833333333333345,0.5786666666666667
F13,84,0,F13,80,0.07999999999999992,0.5730833333333333
F13,84,0,F13,71,0.06499999999999995,0.549125
F13,84,6,F13,77,0.2800000000000003,0.482875
F13,84,6,F13,89,0.1613690476190477,0.5786666666666667
F13,84,6,F13,78,0.1289880952380952,0.5759583333333333
F13,84,6,F13,80,0.1219047619047618,0.5730833333333333
F13,84,6,F13,71,0.07071428571428565,0.549125
F13,84,12,F13,80,0.22379273504273517,0.5730833333333333
F13,84,12,F13,78,0.16477564102564107,0.5759583333333333
F13,84,12,F13,77,0.15070512820512832,0.482875
F13,84,12,F13,89,0.100534188034188,0.5786666666666667
F13,84,12,F13,90,0.08070512820512811,0.5575416666666667
F13,84,23,F13,80,0.22105324074074106,0.5730833333333333
F13,84,23,F13,78,0.15206597222222223,0.5759583333333333
F13,84,23,F13,90,0.10255208333333321,0.5575416666666667
F13,84,23,F13,77,0.10229166666666673,0.482875
F13,84,23,F13,89,0.08061921296296293,0.5786666666666667
F13,85,0,F13,89,0.5016666666666654,0.5786666666666667
F13,85,0,F47,99,0.08833333333333324,0.6459583333333333
F13,85,0,F13,78,0.08416666666666657,0.5759583333333333
F13,85,0,F13,62,0.07416666666666664,0.5582916666666667
F13,85,0,F13,77,0.05166666666666663,0.482875
F13,85,6,F13,89,0.4932936507936491,0.5786666666666667
F13,85,6,F47,99,0.0886904761904761,0.6459583333333333
F13,85,6,F13,78,0.07934523809523801,0.5759583333333333
F13,85,6,F13,80,0.0744841269841269,0.5730833333333333
F13,85,6,F13,62,0.054484126984126954,0.5582916666666667
F13,85,12,F13,89,0.5492841880341874,0.5786666666666667
F13,85,12,F47,99,0.07717948717948711,0.6459583333333333
F13,85,12,F13,81,0.05801282051282046,0.5222916666666667
F13,85,12,F13,77,0.05282051282051278,0.482875
F13,85,12,F13,80,0.04064102564102562,0.5730833333333333
F13,85,23,F13,89,0.5354918981481471,0.5786666666666667
F13,85,23,F13,81,0.08758680555555545,0.5222916666666667
F13,85,23,F47,99,0.07347222222222215,0.6459583333333333
F13,85,23,F13,77,0.050572916666666634,0.482875
F13,85,23,F13,80,0.0326273148148148,0.5730833333333333
F13,86,0,F13,90,0.4516666666666652,0.5575416666666667
F13,86,0,F13,94,0.11666666666666652,0.40116666666666667
F13,86,0,F13,109,0.09166666666666656,0.3450416666666667
F13,86,0,F13,78,0.08499999999999991,0.5759583333333333
F13,86,0,F13,76,0.058333333333333286,0.5653333333333334
F13,86,6,F13,90,0.4555357142857128,0.5575416666666667
F13,86,6,F13,94,0.11940476190476176,0.40116666666666667
F13,86,6,F13,78,0.08845238095238087,0.5759583333333333
F13,86,6,F13,109,0.08380952380952372,0.3450416666666667
F13,86,6,F13,76,0.07547619047619042,0.5653333333333334
F13,86,12,F13,90,0.43016025641025524,0.5575416666666667
F13,86,12,F13,94,0.11307692307692292,0.40116666666666667
F13,86,12,F13,109,0.07198717948717942,0.3450416666666667
F13,86,12,F13,78,0.06108974358974354,0.5759583333333333
F13,86,12,F13,64,0.056100427350427313,0.5405833333333333
F13,86,23,F13,90,0.4205902777777767,0.5575416666666667
F13,86,23,F13,94,0.11519097222222208,0.40116666666666667
F13,86,23,F13,109,0.0746527777777777,0.3450416666666667
F13,86,23,F13,64,0.0590856481481481,0.5405833333333333
F13,86,23,F13,80,0.046128472222222196,0.5730833333333333
F13,133,0,F47,147,0.27500000000000036,1.7504583333333334
F13,133,0,F13,130,0.24000000000000057,0.773125
F13,133,0,F13,153,0.09666666666666655,1.6374166666666667
F13,133,0,F13,151,0.07666666666666659,1.676875
F13,133,0,F47,138,0.06666666666666661,1.7102916666666665
F13,133,6,F47,147,0.279166666666667,1.7504583333333334
F13,133,6,F13,130,0.24154761904761962,0.773125
F13,133,6,F13,153,0.1083333333333332,1.6374166666666667
F13,133,6,F47,138,0.0678571428571428,1.7102916666666665
F13,133,6,F13,151,0.054999999999999966,1.676875
F13,133,12,F47,147,0.27858974358974387,1.7504583333333334
F13,133,12,F13,130,0.1877564102564105,0.773125
F13,133,12,F13,153,0.11006410256410243,1.6374166666666667
F13,133,12,F47,138,0.07429487179487172,1.7102916666666665
F13,133,12,F13,151,0.05980769230769227,1.676875
F13,133,23,F47,147,0.2697395833333337,1.7504583333333334
F13,133,23,F13,130,0.17277777777777792,0.773125
F13,133,23,F13,153,0.11649305555555546,1.6374166666666667
F13,133,23,F13,139,0.07065972222222217,1.3034583333333332
F13,133,23,F47,138,0.06711805555555549,1.7102916666666665
F13,134,0,F13,140,0.46583333333333177,0.714625
F13,134,0,F13,131,0.1566666666666667,0.73775
F13,134,0,F13,150,0.06999999999999994,0.8217500000000001
F13,134,0,F13,148,0.05999999999999995,0.7375833333333333
F13,134,0,F47,146,0.04999999999999997,0.7000000000000001
F13,134,6,F13,140,0.47753968253968093,0.714625
F13,134,6,F13,131,0.1526190476190476,0.73775
F13,134,6,F13,150,0.07410714285714279,0.8217500000000001
F13,134,6,F13,148,0.057400793650793605,0.7375833333333333
F13,134,6,F47,153,0.04624999999999997,0.8378333333333333
F13,134,12,F13,140,0.4382371794871782,0.714625
F13,134,12,F13,131,0.13817307692307684,0.73775
F13,134,12,F13,150,0.06102564102564098,0.8217500000000001
F13,134,12,F13,148,0.057873931623931577,0.7375833333333333
F13,134,12,F47,146,0.05365384615384612,0.7000000000000001
F13,134,23,F13,140,0.39118055555555475,0.714625
F13,134,23,F13,131,0.12151041666666654,0.73775
F13,134,23,F47,146,0.08253472222222213,0.7000000000000001
F13,134,23,F13,150,0.05173611111111107,0.8217500000000001
F13,134,23,F13,232,0.039097222222222214,0.738625
F13,135,0,F47,139,0.1866666666666669,1.684375
F13,135,0,F47,119,0.14833333333333332,0.921875
F13,135,0,F13,130,0.10666666666666653,0.773125
F13,135,0,F47,145,0.08333333333333325,2.141625
F13,135,0,F47,138,0.0716666666666666,1.7102916666666665
F13,135,6,F47,139,0.17333333333333348,1.684375
F13,135,6,F47,119,0.14488095238095233,0.921875
F13,135,6,F13,130,0.11249999999999985,0.773125
F13,135,6,F47,145,0.07904761904761896,2.141625
F13,135,6,F13,139,0.07202380952380946,1.3034583333333332
F13,135,12,F47,139,0.1690064102564104,1.684375
F13,135,12,F47,119,0.11826923076923067,0.921875
F13,135,12,F47,145,0.08487179487179478,2.141625
F13,135,12,F13,130,0.08243589743589735,0.773125
F13,135,12,F47,241,0.0794871794871794,0.65225
F13,135,23,F47,139,0.16741319444444455,1.684375
F13,135,23,F47,119,0.10760416666666658,0.921875
F13,135,23,F47,145,0.08809027777777768,2.141625
F13,135,23,F47,241,0.08597222222222212,0.65225
F13,135,23,F13,130,0.07451388888888882,0.773125
F13,136,0,F13,140,0.29833333333333345,0.714625
F13,136,0,F13,150,0.1191666666666665,0.8217500000000001
F13,136,0,F13,131,0.08833333333333324,0.73775
F13,136,0,F13,148,0.07833333333333325,0.7375833333333333
F13,136,0,F47,153,0.04749999999999997,0.8378333333333333
F13,136,6,F13,140,0.2956944444444447,0.714625
F13,136,6,F13,150,0.11148809523809511,0.8217500000000001
F13,136,6,F13,148,0.0888888888888888,0.7375833333333333
F13,136,6,F13,131,0.08017857142857135,0.73775
F13,136,6,F47,153,0.050714285714285684,0.8378333333333333
F13,136,12,F13,140,0.2964636752136754,0.714625
F13,136,12,F13,150,0.10727564102564091,0.8217500000000001
F13,136,12,F13,148,0.09638888888888879,0.7375833333333333
F13,136,12,F13,131,0.09099358974358965,0.73775
F13,136,12,F47,153,0.050897435897435866,0.8378333333333333
F13,136,23,F13,140,0.31676504629629626,0.714625
F13,136,23,F13,150,0.09241319444444435,0.8217500000000001
F13,136,23,F13,131,0.08631944444444435,0.73775
F13,136,23,F13,148,0.07500578703703695,0.7375833333333333
F13,136,23,F13,141,0.059947916666666615,0.7079166666666666
F13,137,0,F47,145,0.23666666666666722,2.141625
F13,137,0,F13,139,0.18833333333333357,1.3034583333333332
F13,137,0,F47,139,0.14666666666666664,1.684375
F13,137,0,F13,130,0.1083333333333332,0.773125
F13,137,0,F47,231,0.07666666666666659,2.1767083333333335
F13,137,6,F47,145,0.21511904761904804,2.141625
F13,137,6,F13,139,0.18892857142857167,1.3034583333333332
F13,137,6,F47,139,0.15583333333333335,1.684375
F13,137,6,F13,130,0.11172619047619034,0.773125
F13,137,6,F47,231,0.08797619047619037,2.1767083333333335
F13,137,12,F47,145,0.21923076923076965,2.141625
F13,137,12,F13,139,0.1702564102564104,1.3034583333333332
F13,137,12,F47,139,0.14993589743589741,1.684375
F13,137,12,F13,130,0.09374999999999989,0.773125
F13,137,12,F47,231,0.07756410256410248,2.1767083333333335
F13,137,23,F47,145,0.24302083333333374,2.141625
F13,137,23,F13,139,0.16236111111111118,1.3034583333333332
F13,137,23,F47,139,0.14982638888888888,1.684375
F13,137,23,F13,130,0.07782986111111104,0.773125
F13,137,23,F47,231,0.053923611111111075,2.1767083333333335
F13,183,0,F13,27,0.5074999999999983,0.3579583333333333
F13,183,0,F13,28,0.20166666666666697,0.366625
F13,183,0,F13,42,0.16000000000000006,0.14945833333333333
F13,183,0,F13,20,0.032499999999999994,0.34195833333333336
F13,183,0,F13,39,0.013333333333333334,0.18516666666666667
F13,183,6,F13,27,0.634761904761906,0.3579583333333333
F13,183,6,F13,42,0.1514285714285714,0.14945833333333333
F13,183,6,F13,28,0.0860119047619047,0.366625
F13,183,6,F13,20,0.018869047619047622,0.34195833333333336
F13,183,6,F13,180,0.01142857142857143,0.2919583333333333
F13,183,12,F13,27,0.5870192307692308,0.3579583333333333
F13,183,12,F13,42,0.1449358974358974,0.14945833333333333
F13,183,12,F13,28,0.1316346153846154,0.366625
F13,183,12,F13,20,0.02012820512820513,0.34195833333333336
F13,183,12,F13,39,0.01282051282051282,0.18516666666666667
F13,183,23,F13,27,0.5676041666666664,0.3579583333333333
F13,183,23,F13,42,0.1498611111111111,0.14945833333333333
F13,183,23,F13,28,0.06938657407407404,0.366625
F13,183,23,F13,20,0.046776620370370336,0.34195833333333336
F13,183,23,F13,39,0.015572916666666665,0.18516666666666667
F47,31,0,F13,29,0.7750000000000044,0.30795833333333333
F47,31,0,F47,39,0.03333333333333333,0.16545833333333335
F47,31,0,F13,8,0.030000000000000002,0.17720833333333333
F47,31,0,F13,26,0.028333333333333335,0.33208333333333334
F47,31,0,F47,37,0.023333333333333334,0.13954166666666667
F47,31,6,F13,29,0.7704761904761948,0.30795833333333333
F47,31,6,F13,8,0.032023809523809524,0.17720833333333333
F47,31,6,F47,37,0.03142857142857143,0.13954166666666667
F47,31,6,F13,26,0.029404761904761906,0.33208333333333334
F47,31,6,F47,39,0.024761904761904763,0.16545833333333335
F47,31,12,F13,29,0.7440064102564139,0.30795833333333333
F47,31,12,F13,26,0.03676282051282051,0.33208333333333334
F47,31,12,F13,8,0.02980769230769231,0.17720833333333333
F47,31,12,F47,37,0.025544871794871797,0.13954166666666667
F47,31,12,F47,39,0.025224358974358978,0.16545833333333335
F47,31,23,F13,29,0.7194618055555588,0.30795833333333333
F47,31,23,F13,26,0.03979166666666665,0.33208333333333334
F47,31,23,F47,39,0.027569444444444445,0.16545833333333335
F47,31,23,F47,37,0.02704861111111111,0.13954166666666667
F47,31,23,F13,30,0.026163194444444447,0.35904166666666665
F47,32,0,F47,45,0.32416666666666655,0.25329166666666664
F47,32,0,F47,29,0.22083333333333377,0.2630416666666667
F47,32,0,F47,38,0.1416666666666666,0.30158333333333337
F47,32,0,F13,63,0.04999999999999997,0.2705
F47,32,0,F13,198,0.04666666666666664,0.27608333333333335
F47,32,6,F47,45,0.29321428571428587,0.25329166666666664
F47,32,6,F47,29,0.25939285714285754,0.2630416666666667
F47,32,6,F47,38,0.14321428571428568,0.30158333333333337
F47,32,6,F47,43,0.04849206349206346,0.250375
F47,32,6,F13,63,0.044880952380952355,0.2705
F47,32,12,F47,29,0.30121581196581193,0.2630416666666667
F47,32,12,F47,45,0.23198717948717967,0.25329166666666664
F47,32,12,F47,38,0.15153846153846157,0.30158333333333337
F47,32,12,F47,43,0.07114316239316233,0.250375
F47,32,12,F13,63,0.03708333333333333,0.2705
F47,32,23,F47,29,0.32088078703703693,0.2630416666666667
F47,32,23,F47,45,0.17724768518518524,0.25329166666666664
F47,32,23,F47,38,0.14835069444444443,0.30158333333333337
F47,32,23,F47,43,0.09437152777777767,0.250375
F47,32,23,F47,27,0.03655671296296295,0.24479166666666666
F47,33,0,F47,39,0.25833333333333386,0.16545833333333335
F47,33,0,F13,29,0.22166666666666712,0.30795833333333333
F47,33,0,F47,37,0.21833333333333377,0.13954166666666667
F47,33,0,F13,8,0.07333333333333326,0.17720833333333333
F47,33,0,F47,44,0.06166666666666661,0.20350000000000001
F47,33,6,F47,37,0.22101190476190521,0.13954166666666667
F47,33,6,F13,29,0.20369047619047653,0.30795833333333333
F47,33,6,F47,39,0.20160714285714318,0.16545833333333335
F47,33,6,F47,44,0.06597222222222215,0.20350000000000001
F47,33,6,F13,8,0.0552380952380952,0.17720833333333333
F47,33,12,F47,37,0.25424145299145334,0.13954166666666667
F47,33,12,F13,29,0.20275641025641059,0.30795833333333333
F47,33,12,F47,39,0.19488247863247893,0.16545833333333335
F47,33,12,F47,44,0.04555555555555553,0.20350000000000001
F47,33,12,F13,8,0.041217948717948705,0.17720833333333333
F47,33,23,F47,37,0.23597800925925977,0.13954166666666667
F47,33,23,F13,29,0.21100694444444482,0.30795833333333333
F47,33,23,F47,39,0.18853009259259285,0.16545833333333335
F47,33,23,F47,44,0.07443344907407401,0.20350000000000001
F47,33,23,F13,8,0.03777777777777777,0.17720833333333333
F47,35,0,F47,39,0.3399999999999997,0.16545833333333335
F47,35,0,F47,37,0.31,0.13954166666666667
F47,35,0,F13,29,0.11666666666666652,0.30795833333333333
F47,35,0,F47,44,0.06833333333333327,0.20350000000000001
F47,35,0,F13,8,0.021666666666666667,0.17720833333333333
F47,35,6,F47,37,0.3708333333333328,0.13954166666666667
F47,35,6,F47,39,0.2870238095238097,0.16545833333333335
F47,35,6,F13,29,0.11273809523809511,0.30795833333333333
F47,35,6,F47,44,0.06678571428571423,0.20350000000000001
F47,35,6,F13,8,0.023452380952380954,0.17720833333333333
F47,35,12,F47,37,0.4111431623931614,0.13954166666666667
F47,35,12,F47,39,0.2612072649572653,0.16545833333333335
F47,35,12,F13,29,0.12846153846153835,0.30795833333333333
F47,35,12,F47,44,0.05413461538461535,0.20350000000000001
F47,35,12,F13,8,0.02032051282051282,0.17720833333333333
F47,35,23,F47,37,0.3778414351851845,0.13954166666666667
F47,35,23,F47,39,0.23471643518518556,0.16545833333333335
F47,35,23,F13,29,0.13196180555555545,0.30795833333333333
F47,35,23,F47,44,0.07790335648148142,0.20350000000000001
F47,35,23,F47,46,0.02844907407407406,0.19858333333333333
F47,81,0,F47,196,0.18833333333333357,0.18425
F47,81,0,F47,92,0.09666666666666655,0.20695833333333333
F47,81,0,F13,66,0.06666666666666661,0.25133333333333335
F47,81,0,F47,75,0.06333333333333328,0.194125
F47,81,0,F47,78,0.05999999999999995,0.256375
F47,81,6,F47,196,0.2783690476190479,0.18425
F47,81,6,F47,88,0.09644841269841259,0.19945833333333332
F47,81,6,F47,92,0.08154761904761897,0.20695833333333333
F47,81,6,F47,87,0.06107142857142853,0.19670833333333335
F47,81,6,F13,66,0.03976190476190475,0.25133333333333335
F47,81,12,F47,196,0.26962393162393206,0.18425
F47,81,12,F47,88,0.09556623931623923,0.19945833333333332
F47,81,12,F47,87,0.07882478632478626,0.19670833333333335
F47,81,12,F47,92,0.07439102564102557,0.20695833333333333
F47,81,12,F47,72,0.04499999999999997,0.18212499999999998
F47,81,23,F47,196,0.34803414351851814,0.18425
F47,81,23,F47,92,0.11403935185185174,0.20695833333333333
F47,81,23,F47,88,0.04978422619047616,0.19945833333333332
F47,81,23,F47,87,0.04968278769841267,0.19670833333333335
F47,81,23,F47,68,0.030524884259259262,0.208875
F47,83,0,F47,89,0.3558333333333329,0.3682083333333333
F47,83,0,F47,77,0.23333333333333384,0.25829166666666664
F47,83,0,F13,198,0.09416666666666657,0.27608333333333335
F47,83,0,F47,91,0.09083333333333324,0.3677916666666667
F47,83,0,F13,65,0.030833333333333334,0.2655
F47,83,6,F47,89,0.3388888888888887,0.3682083333333333
F47,83,6,F47,77,0.21944444444444489,0.25829166666666664
F47,83,6,F13,198,0.06809523809523803,0.27608333333333335
F47,83,6,F47,91,0.06706349206349199,0.3677916666666667
F47,83,6,F13,65,0.05363095238095234,0.2655
F47,83,12,F47,89,0.32315170940170934,0.3682083333333333
F47,83,12,F47,77,0.27050213675213697,0.25829166666666664
F47,83,12,F47,91,0.0646047008547008,0.3677916666666667
F47,83,12,F13,198,0.05108974358974355,0.27608333333333335
F47,83,12,F47,78,0.0469444444444444,0.256375
F47,83,23,F47,89,0.28941550925925946,0.3682083333333333
F47,83,23,F47,77,0.2665115740740744,0.25829166666666664
F47,83,23,F47,91,0.0886400462962962,0.3677916666666667
F47,83,23,F13,198,0.0467997685185185,0.27608333333333335
F47,83,23,F13,65,0.0453935185185185,0.2655
F47,85,0,F47,88,0.1808161375661377,0.19945833333333332
F47,85,0,F47,87,0.12269179894179878,0.19670833333333335
F47,85,0,F47,75,0.09583333333333321,0.194125
F47,85,0,F47,68,0.08217724867724863,0.208875
F47,85,0,F47,92,0.07555555555555547,0.20695833333333333
F47,85,6,F47,88,0.22137207105064277,0.19945833333333332
F47,85,6,F47,87,0.16487381897203338,0.19670833333333335
F47,85,6,F47,92,0.08555555555555547,0.20695833333333333
F47,85,6,F47,68,0.07419321617535897,0.208875
F47,85,6,F47,75,0.0734166666666666,0.194125
F47,85,12,F47,88,0.1849407305657307,0.19945833333333332
F47,85,12,F47,87,0.1561564153439154,0.19670833333333335
F47,85,12,F47,92,0.15179487179487192,0.20695833333333333
F47,85,12,F47,68,0.11254848392348385,0.208875
F47,85,12,F47,75,0.06033333333333329,0.194125
F47,85,23,F47,88,0.19185446979717832,0.19945833333333332
F47,85,23,F47,92,0.18096296296296321,0.20695833333333333
F47,85,23,F47,87,0.1355378499779541,0.19670833333333335
F47,85,23,F47,68,0.12204941027336855,0.208875
F47,85,23,F47,196,0.055337384259259215,0.18425
F47,131,0,F47,125,0.30166666666666675,0.671625
F47,131,0,F47,122,0.1716666666666668,0.5997916666666666
F47,131,0,F13,232,0.05999999999999995,0.738625
F47,131,0,F47,209,0.04999999999999997,0.6549583333333334
F47,131,0,F47,137,0.04499999999999998,0.511375
F47,131,6,F47,125,0.34559523809523773,0.671625
F47,131,6,F47,122,0.1495238095238095,0.5997916666666666
F47,131,6,F13,232,0.04476190476190474,0.738625
F47,131,6,F47,137,0.04476190476190474,0.511375
F47,131,6,F47,209,0.037619047619047614,0.6549583333333334
F47,131,12,F47,125,0.3123076923076923,0.671625
F47,131,12,F47,122,0.10163461538461532,0.5997916666666666
F47,131,12,F47,209,0.06519230769230763,0.6549583333333334
F47,131,12,F13,232,0.056410256410256376,0.738625
F47,131,12,F47,137,0.03032051282051281,0.511375
F47,131,23,F47,125,0.2935416666666668,0.671625
F47,131,23,F47,122,0.09921874999999991,0.5997916666666666
F47,131,23,F47,209,0.07842013888888881,0.6549583333333334
F47,131,23,F13,232,0.05041666666666664,0.738625
F47,131,23,F47,137,0.03538194444444443,0.511375
F47,132,0,F13,120,0.1800000000000002,1.25
F47,132,0,F47,229,0.16000000000000006,1.78825
F47,132,0,F47,216,0.11999999999999984,0.5559583333333333
F47,132,0,F47,231,0.10166666666666654,2.1767083333333335
F47,132,0,F13,214,0.09999999999999988,0.9180416666666668
F47,132,6,F47,229,0.17309523809523825,1.78825
F47,132,6,F13,120,0.16821428571428582,1.25
F47,132,6,F47,216,0.12261904761904746,0.5559583333333333
F47,132,6,F13,214,0.11226190476190462,0.9180416666666668
F47,132,6,F47,231,0.08916666666666656,2.1767083333333335
F47,132,12,F47,229,0.19275641025641052,1.78825
F47,132,12,F13,120,0.16205128205128214,1.25
F47,132,12,F13,214,0.12592948717948704,0.9180416666666668
F47,132,12,F47,216,0.10288461538461526,0.5559583333333333
F47,132,12,F47,231,0.08089743589743581,2.1767083333333335
F47,132,23,F47,229,0.18836805555555577,1.78825
F47,132,23,F13,214,0.151875,0.9180416666666668
F47,132,23,F13,120,0.11201388888888886,1.25
F47,132,23,F47,216,0.09996527777777767,0.5559583333333333
F47,132,23,F13,118,0.0888888888888888,1.101625
F47,133,0,F47,230,0.28833333333333355,0.460875
F47,133,0,F13,142,0.22666666666666715,0.4254583333333333
F47,133,0,F47,140,0.20666666666666703,0.4033333333333333
F47,133,0,F13,218,0.08333333333333325,0.38949999999999996
F47,133,0,F47,121,0.025,0.5975416666666666
F47,133,6,F47,230,0.2826190476190479,0.460875
F47,133,6,F47,140,0.1685714285714287,0.4033333333333333
F47,133,6,F13,142,0.11999999999999991,0.4254583333333333
F47,133,6,F13,218,0.08797619047619037,0.38949999999999996
F47,133,6,F47,167,0.06880952380952374,0.459625
F47,133,12,F47,230,0.19564102564102565,0.460875
F47,133,12,F47,140,0.15310897435897436,0.4033333333333333
F47,133,12,F13,142,0.11612179487179475,0.4254583333333333
F47,133,12,F13,218,0.07512820512820506,0.38949999999999996
F47,133,12,F13,154,0.04724358974358969,0.412625
F47,133,23,F47,230,0.15682291666666662,0.460875
F47,133,23,F47,140,0.1227719907407407,0.4033333333333333
F47,133,23,F13,142,0.08513888888888882,0.4254583333333333
F47,133,23,F13,218,0.06168402777777772,0.38949999999999996
F47,133,23,F47,215,0.061371527777777726,0.7052499999999999
F47,135,0,F13,242,0.18211111111111133,0.43204166666666666
F47,135,0,F13,142,0.15333333333333335,0.4254583333333333
F47,135,0,F47,137,0.13833333333333325,0.511375
F47,135,0,F47,230,0.1216666666666665,0.460875
F47,135,0,F47,140,0.06999999999999994,0.4033333333333333
F47,135,6,F47,230,0.1817857142857145,0.460875
F47,135,6,F13,142,0.13898809523809527,0.4254583333333333
F47,135,6,F47,140,0.10607142857142843,0.4033333333333333
F47,135,6,F13,242,0.08698015873015877,0.43204166666666666
F47,135,6,F47,167,0.07791666666666658,0.459625
F47,135,12,F47,140,0.18432692307692333,0.4033333333333333
F47,135,12,F47,230,0.11576923076923076,0.460875
F47,135,12,F13,142,0.09112179487179481,0.4254583333333333
F47,135,12,F47,167,0.06935897435897428,0.459625
F47,135,12,F13,242,0.05782905982905986,0.43204166666666666
F47,135,23,F47,140,0.1962962962962966,0.4033333333333333
F47,135,23,F13,142,0.0860416666666666,0.4254583333333333
F47,135,23,F47,230,0.08196180555555554,0.460875
F47,135,23,F13,242,0.06899189814814813,0.43204166666666666
F47,135,23,F47,137,0.06826388888888883,0.511375
F47,191,0,F13,71,0.25916666666666716,0.549125
F47,191,0,F13,55,0.16000000000000006,0.5199166666666667
F47,191,0,F13,64,0.0941666666666666,0.5405833333333333
F47,191,0,F13,67,0.08916666666666656,0.5415833333333333
F47,191,0,F13,76,0.06666666666666661,0.5653333333333334
F47,191,6,F13,71,0.1996428571428574,0.549125
F47,191,6,F13,67,0.1658928571428573,0.5415833333333333
F47,191,6,F13,55,0.14785714285714285,0.5199166666666667
F47,191,6,F13,64,0.07035714285714278,0.5405833333333333
F47,191,6,F13,76,0.05773809523809519,0.5653333333333334
F47,191,12,F13,71,0.15112179487179492,0.549125
F47,191,12,F13,55,0.1502564102564103,0.5199166666666667
F47,191,12,F13,67,0.08368589743589742,0.5415833333333333
F47,191,12,F47,66,0.0631623931623931,0.379125
F47,191,12,F13,64,0.04767094017094014,0.5405833333333333
F47,191,23,F13,55,0.15586805555555558,0.5199166666666667
F47,191,23,F13,71,0.11795138888888887,0.549125
F47,191,23,F13,67,0.08026041666666661,0.5415833333333333
F47,191,23,F47,66,0.05650462962962958,0.379125
F47,191,23,F13,64,0.05599537037037032,0.5405833333333333
F47,192,0,F47,67,0.35381746031746,0.16879166666666667
F47,192,0,F47,62,0.2752777777777782,0.15916666666666668
F47,192,0,F47,60,0.18297222222222237,0.14991666666666667
F47,192,0,F47,65,0.07168253968253963,0.15483333333333335
F47,192,0,F13,39,0.02666666666666667,0.18516666666666667
F47,192,6,F47,67,0.33533049886621297,0.16879166666666667
F47,192,6,F47,62,0.2849206349206352,0.15916666666666668
F47,192,6,F47,60,0.1309240362811791,0.14991666666666667
F47,192,6,F47,65,0.08181802721088431,0.15483333333333335
F47,192,6,F47,50,0.04593253968253964,0.1525
F47,192,12,F47,67,0.3214386446886447,0.16879166666666667
F47,192,12,F47,62,0.19444444444444442,0.15916666666666668
F47,192,12,F47,60,0.12467872405372396,0.14991666666666667
F47,192,12,F47,65,0.0846434676434676,0.15483333333333335
F47,192,12,F47,58,0.04382478632478629,0.16016666666666665
F47,192,23,F47,67,0.2508110119047621,0.16879166666666667
F47,192,23,F47,62,0.18336640211640218,0.15916666666666668
F47,192,23,F47,60,0.13873470568783058,0.14991666666666667
F47,192,23,F47,65,0.13697569444444443,0.15483333333333335
F47,192,23,F47,58,0.06570601851851847,0.16016666666666665
