farm,day,sub_ec
F13,8,0.17720833333333333
F13,9,0.3919166666666667
F13,10,0.37424999999999997
F13,11,0.36833333333333335
F13,12,0.3505
F13,13,0.40054166666666663
F13,14,0.3236666666666667
F13,16,0.322875
F13,17,0.39683333333333337
F13,18,0.3305416666666667
F13,19,0.383375
F13,20,0.34195833333333336
F13,21,0.3625833333333333
F13,22,0.3542083333333333
F13,25,0.33645833333333336
F13,26,0.33208333333333334
F13,27,0.3579583333333333
F13,28,0.366625
F13,29,0.30795833333333333
F13,30,0.35904166666666665
F13,31,0.32033333333333336
F13,32,0.3295
F13,33,0.33975
F13,34,0.34991666666666665
F13,35,0.26345833333333335
F13,36,0.35883333333333334
F13,37,0.338
F13,38,0.297625
F13,39,0.18516666666666667
F13,40,0.1728333333333333
F13,41,0.33116666666666666
F13,42,0.14945833333333333
F13,43,0.34591666666666665
F13,44,0.20025
F13,45,0.14758333333333332
F13,46,0.3981666666666666
F13,48,0.4250833333333333
F13,49,0.14991666666666667
F13,50,0.453625
F13,51,0.4850833333333333
F13,52,0.23383333333333334
F13,53,0.23683333333333334
F13,54,0.24454166666666666
F13,55,0.5199166666666667
F13,56,0.2577083333333334
F13,57,0.549625
F13,58,0.258375
F13,59,0.26229166666666665
F13,60,0.26495833333333335
F13,61,0.26429166666666665
F13,62,0.5582916666666667
F13,63,0.2705
F13,64,0.5405833333333333
F13,65,0.2655
F13,66,0.25133333333333335
F13,67,0.5415833333333333
F13,68,0.24787499999999998
F13,69,0.42891666666666667
F13,70,0.44295833333333334
F13,71,0.549125
F13,72,0.45575000000000004
F13,73,0.56725
F13,75,0.46820833333333334
F13,76,0.5653333333333334
F13,77,0.482875
F13,78,0.5759583333333333
F13,79,0.495625
F13,80,0.5730833333333333
F13,81,0.5222916666666667
F13,82,0.5330833333333334
F13,83,0.5427083333333333
F13,84,0.5364166666666667
F13,85,0.5724583333333334
F13,86,0.556875
F13,88,0.5509166666666667
F13,89,0.5786666666666667
F13,90,0.5575416666666667
F13,91,0.5779166666666666
F13,92,0.48141666666666666
F13,93,0.3935416666666667
F13,94,0.40116666666666667
F13,95,0.482
F13,96,0.4086666666666667
F13,97,0.4735416666666667
F13,98,0.39937500000000004
F13,99,0.46108333333333335
F13,100,0.4057916666666667
F13,101,0.45108333333333334
F13,102,0.38608333333333333
F13,103,0.447375
F13,104,0.31779166666666664
F13,105,0.442
F13,106,0.31616666666666665
F13,107,0.44425
F13,108,0.4572083333333334
F13,109,0.3450416666666667
F13,110,0.35375
F13,111,0.3712083333333333
F13,112,0.39633333333333337
F13,113,0.5562916666666667
F13,116,0.9369166666666667
F13,117,0.3037916666666666
F13,118,1.101625
F13,119,0.3114166666666667
F13,120,1.25
F13,121,1.3183749999999999
F13,122,0.34879166666666667
F13,125,1.4950833333333333
F13,126,0.3818333333333333
F13,128,0.7817083333333333
F13,129,0.7205833333333334
F13,130,0.773125
F13,131,0.73775
F13,132,0.8696666666666667
F13,133,0.9788333333333333
F13,134,0.7533333333333333
F13,135,1.0125833333333334
F13,136,0.73775
F13,137,1.075875
F13,138,0.7215416666666666
F13,139,1.3034583333333332
F13,140,0.714625
F13,141,0.7079166666666666
F13,142,0.4254583333333333
F13,143,1.52975
F13,145,0.6891666666666666
F13,146,1.4956666666666667
F13,147,0.41225
F13,148,0.7375833333333333
F13,149,0.7759166666666667
F13,150,0.8217500000000001
F13,151,1.676875
F13,152,0.43320833333333336
F13,153,1.6374166666666667
F13,154,0.412625
F13,155,0.807375
F13,156,0.7513333333333333
F13,157,0.42483333333333334
F13,158,0.4527083333333333
F13,159,0.5987083333333333
F13,160,0.45808333333333334
F13,161,0.491625
F13,162,0.585875
F13,166,0.7276666666666668
F13,167,0.43249999999999994
F13,168,0.6692083333333333
F13,169,0.8197916666666667
F13,170,0.433875
F13,171,0.8714583333333333
F13,172,0.9783749999999999
F13,173,0.42091666666666666
F13,174,0.9472083333333333
F13,175,1.2699166666666668
F13,176,0.4254166666666666
F13,177,1.0051249999999998
F13,178,1.8420416666666668
F13,179,0.4014166666666667
F13,180,0.2919583333333333
F13,181,0.38358333333333333
F13,182,0.33537500000000003
F13,183,0.3569166666666666
F13,195,0.55625
F13,196,0.5474166666666667
F13,197,0.5479166666666667
F13,198,0.27608333333333335
F13,211,0.5396666666666666
F13,212,0.29433333333333334
F13,213,0.292
F13,214,0.9180416666666668
F13,215,0.32666666666666666
F13,217,1.69325
F13,218,0.38949999999999996
F13,231,0.620875
F13,232,0.738625
F13,233,0.6336666666666667
F13,241,1.4315
F13,242,0.43204166666666666
F13,243,1.7187916666666665
F13,244,0.44004166666666666
F13,245,0.84025
F47,6,0.24050000000000002
F47,7,0.35720833333333335
F47,8,0.20741666666666667
F47,9,0.174625
F47,10,0.146625
F47,11,0.21845833333333334
F47,12,0.13158333333333336
F47,14,0.11625
F47,15,0.19104166666666667
F47,16,0.19587500000000002
F47,17,0.112375
F47,18,0.2031666666666667
F47,19,0.12375000000000001
F47,20,0.2107083333333333
F47,21,0.14804166666666665
F47,22,0.21754166666666666
F47,23,0.181625
F47,24,0.22620833333333334
F47,25,0.23175
F47,26,0.25654166666666667
F47,27,0.24479166666666666
F47,28,0.37166666666666665
F47,29,0.2630416666666667
F47,30,0.28824999999999995
F47,31,0.27995833333333336
F47,32,0.29220833333333335
F47,33,0.2754166666666667
F47,35,0.11945833333333333
F47,36,0.298875
F47,37,0.13954166666666667
F47,38,0.30158333333333337
F47,39,0.16545833333333335
F47,40,0.29683333333333334
F47,42,0.21241666666666667
F47,43,0.250375
F47,44,0.20350000000000001
F47,45,0.25329166666666664
F47,46,0.19858333333333333
F47,47,0.19670833333333335
F47,48,0.24883333333333332
F47,49,0.203375
F47,50,0.1525
F47,51,0.22654166666666667
F47,52,0.16025
F47,53,0.239375
F47,54,0.16
F47,55,0.250625
F47,57,0.26466666666666666
F47,58,0.16016666666666665
F47,59,0.31383333333333335
F47,60,0.14991666666666667
F47,61,0.33525
F47,62,0.15916666666666668
F47,63,0.344875
F47,64,0.3558333333333334
F47,65,0.15483333333333335
F47,66,0.379125
F47,67,0.16879166666666667
F47,68,0.208875
F47,69,0.388125
F47,70,0.19441666666666668
F47,71,0.40004166666666663
F47,72,0.18212499999999998
F47,73,0.4183333333333334
F47,74,0.21416666666666664
F47,75,0.194125
F47,76,0.20341666666666666
F47,77,0.25829166666666664
F47,78,0.256375
F47,79,0.18629166666666666
F47,80,0.24941666666666665
F47,81,0.18570833333333334
F47,83,0.27391666666666664
F47,85,0.1935416666666667
F47,86,0.318125
F47,87,0.19670833333333335
F47,88,0.19945833333333332
F47,89,0.3682083333333333
F47,90,0.20099999999999998
F47,91,0.3677916666666667
F47,92,0.20695833333333333
F47,93,0.44687499999999997
F47,95,0.6083333333333333
F47,96,0.2085
F47,97,0.6187083333333333
F47,98,0.218
F47,99,0.6459583333333333
F47,100,0.22024999999999997
F47,101,0.6589166666666667
F47,102,0.21483333333333332
F47,103,0.6706249999999999
F47,104,0.21458333333333335
F47,105,0.6841666666666667
F47,107,0.22895833333333335
F47,108,0.726625
F47,109,0.231
F47,110,0.7380416666666667
F47,111,0.236
F47,112,0.7764166666666666
F47,113,0.2504166666666667
F47,114,0.7670833333333333
F47,116,0.819
F47,117,0.9079166666666666
F47,118,0.28562499999999996
F47,119,0.921875
F47,120,0.4049583333333333
F47,121,0.5975416666666666
F47,122,0.5997916666666666
F47,123,0.44
F47,124,0.47941666666666666
F47,125,0.671625
F47,126,0.496875
F47,127,0.688125
F47,128,0.48029166666666673
F47,129,0.71075
F47,130,0.4907916666666667
F47,131,0.70275
F47,132,2.7121666666666666
F47,133,0.46658333333333335
F47,135,0.49066666666666664
F47,136,1.65275
F47,137,0.511375
F47,138,1.7102916666666665
F47,139,1.684375
F47,140,0.4033333333333333
F47,141,1.8655
F47,144,0.409875
F47,145,2.141625
F47,146,0.7000000000000001
F47,147,1.7504583333333334
F47,148,0.40570833333333334
F47,149,0.6973333333333334
F47,150,0.4267916666666667
F47,151,1.3133333333333332
F47,152,0.4427083333333333
F47,153,0.8378333333333333
F47,154,1.6209999999999998
F47,155,0.41566666666666663
F47,156,0.83225
F47,157,1.2108333333333332
F47,158,0.410125
F47,159,0.721
F47,160,0.6937083333333334
F47,161,0.646
F47,163,0.56975
F47,165,0.487875
F47,166,0.6535
F47,167,0.459625
F47,168,0.782625
F47,169,0.4135416666666667
F47,170,0.7702083333333333
F47,171,0.8664999999999999
F47,173,0.9253333333333332
F47,174,1.0531666666666666
F47,175,0.40491666666666665
F47,176,0.9803333333333333
F47,177,1.4867916666666667
F47,178,0.30579166666666663
F47,179,0.248
F47,180,0.20129166666666667
F47,191,0.29050000000000004
F47,192,0.14441666666666667
F47,193,0.381
F47,194,0.253375
F47,195,0.19183333333333333
F47,196,0.18425
F47,209,0.6549583333333334
F47,210,0.51825
F47,212,0.521125
F47,214,0.5314583333333333
F47,215,0.7052499999999999
F47,216,0.5559583333333333
F47,229,1.78825
F47,230,0.460875
F47,231,2.1767083333333335
F47,239,0.433875
F47,240,0.47258333333333336
F47,241,0.65225
F47,242,0.7242083333333333
F47,243,0.449
