model,pair,group,raw_phi,smooth_phi,high_phi
original_1_7,F47_161_to_165,season,0.002835728064373842,0.00404861505490609,0.00123389008618092
original_1_7,F47_161_to_165,temperature,-0.036163020254629655,-0.03999828585236475,0.010623432192616408
original_1_7,F47_161_to_165,humidity,-0.022197485146604967,-0.022494048184630886,0.010117373084946793
original_1_7,F47_161_to_165,co2_sensor,0.22978311367394205,0.23203685035677324,0.1586521406720117
original_1_7,F47_161_to_165,ventilation,0.039840917493386196,0.025800454193424603,0.020784129897424484
original_1_7,F47_161_to_165,heating,0.1602860074404762,0.15651924596186423,0.11328312715475819
original_1_7,F47_161_to_165,curtains,0.02120922977292788,0.017983773019250388,0.010373421890697353
original_1_7,F47_161_to_165,co2_action,0.008501770750661369,0.005457366281490437,0.002209657388034056
original_1_7,F47_161_to_165,fan,0.5471022396660058,0.5688862493416958,0.3732702490009565
original_1_7,F47_161_to_165,fog,0.009667817983906504,0.006369077739665212,0.0010587880572492166
original_1_7,F47_161_to_160,season,-0.003971489914021147,-0.00471059032701157,-0.007012813387659677
original_1_7,F47_161_to_160,temperature,0.0026267139550261386,0.0022699744582722007,0.04170992969876201
original_1_7,F47_161_to_160,humidity,0.0008059426256612646,0.0011453883348392074,0.03355661998584948
original_1_7,F47_161_to_160,co2_sensor,0.59303941848545,0.5956820060616711,0.4765910908935632
original_1_7,F47_161_to_160,ventilation,0.003333364748677254,0.0020619019913522677,-0.002444462046442161
original_1_7,F47_161_to_160,heating,0.08264349057539655,0.08813542011394457,0.12977178778145895
original_1_7,F47_161_to_160,curtains,-0.0024574021164020807,-0.0023319009942917948,-0.0010197014516067642
original_1_7,F47_161_to_160,co2_action,0.002487560681216925,0.0017062517486337973,0.002211754518757484
original_1_7,F47_161_to_160,fog,0.0010029565145502355,0.000618328811398993,0.0015567902704005903
original_4_7,F47_130_to_127,season,0.0760117798170196,0.07970809692562913,0.054060497673885086
original_4_7,F47_130_to_127,temperature,-0.01643139767967293,-0.021689357927353048,0.010400814178100985
original_4_7,F47_130_to_127,humidity,0.006985812885802545,0.006100389347724933,0.012632029520872588
original_4_7,F47_130_to_127,co2_sensor,0.031635929866622475,0.03198333730584838,0.028541489769060714
original_4_7,F47_130_to_127,ventilation,0.0076156563051143706,0.0047889050092571155,0.012408960056230874
original_4_7,F47_130_to_127,heating,-0.007523918016974767,-0.010937473921946042,-0.0038953721229330733
original_4_7,F47_130_to_127,curtains,-0.007428006062610283,-0.004915243316798982,-0.0018647467134092575
original_4_7,F47_130_to_127,co2_action,0.0007664048445770544,0.001554478358959846,-0.00013663027476313485
original_4_7,F47_130_to_127,fan,0.11375241986331638,0.12075414590549294,0.16875780140227534
original_4_7,F47_130_to_127,fog,-0.0009015568231921993,-0.0005932616607027983,0.000259588451555662
original_8_7,F13_231_to_232,season,0.002410696759259222,0.0019732071345025287,0.0049189594068582785
original_8_7,F13_231_to_232,temperature,0.00046395618386240774,0.0005341112442698536,-0.002124208267453056
original_8_7,F13_231_to_232,humidity,-0.012303177744708996,-0.012163911205352733,-0.006798676318043362
original_8_7,F13_231_to_232,co2_sensor,0.00207238458994705,0.004100436455380118,0.006254205230773117
original_8_7,F13_231_to_232,ventilation,-0.020782295965608478,-0.014102458931454712,0.00685112616981411
original_8_7,F13_231_to_232,heating,0.013858541501322827,0.009841368311860749,0.02553366901578567
original_8_7,F13_231_to_232,curtains,-0.0015938387896826452,5.537680165234653e-05,-0.004216829139615245
original_8_7,F13_231_to_232,co2_action,0.006347352843915286,0.0053986036953784615,0.0032387345233554667
original_8_7,F13_231_to_232,fan,0.19020009937169283,0.20382474158849623,0.2515943038496083
original_8_7,F13_231_to_232,fog,0.0006803090277777659,0.0005196648512859733,0.0009492374993769985
original_8_7,F13_233_to_232,season,-0.0025534619708994675,-0.002966580199597971,-0.00244278916702442
original_8_7,F13_233_to_232,temperature,0.09804777422288347,0.1036103407928365,0.06559341776381258
original_8_7,F13_233_to_232,humidity,-0.011623383845899544,-0.013461147560270512,0.01580954495461405
original_8_7,F13_233_to_232,co2_sensor,-0.00022538731812175319,0.0008152376595629222,0.0017681000215199684
original_8_7,F13_233_to_232,ventilation,-0.01142897528108454,-0.007933996064475706,0.008995640054490444
original_8_7,F13_233_to_232,heating,-0.027885994460978683,-0.02578272861614207,-0.0951315641820871
original_8_7,F13_233_to_232,curtains,-0.0014852466104498213,-0.0006110040363225304,-0.0015654895965801314
original_8_7,F13_233_to_232,co2_action,0.006818993716931264,0.0059220592085492295,0.004329545076732197
original_8_7,F13_233_to_232,fan,0.29113998487103165,0.29272666926986524,0.23481839562701368
original_8_7,F13_233_to_232,fog,-0.0012038866567460134,-0.0007449384479610563,0.0013116025584502954
common_7,F47_161_to_165,season,0.0027169718639769892,0.0049850455810878345,0.0058250981057521205
common_7,F47_161_to_165,temperature,-0.09768593069334205,-0.10364087210216348,-0.023779783090375085
common_7,F47_161_to_165,humidity,0.00491148338293643,0.00733460116322642,0.028021571343627642
common_7,F47_161_to_165,co2_sensor,0.12194257812499991,0.12479263302001498,0.09687291910827583
common_7,F47_161_to_165,ventilation,0.03285713334986763,0.021115545565903258,0.015926693341330136
common_7,F47_161_to_165,heating,0.12311969113756645,0.1135759343808119,0.12378166525791975
common_7,F47_161_to_165,curtains,0.02575954844576746,0.021423720553637837,0.01688734682123757
common_7,F47_161_to_165,co2_action,0.007515929315476276,0.004255705843575205,0.0070061334643831815
common_7,F47_161_to_165,fan,0.43933966369047656,0.47001998585647853,0.2799344732492934
common_7,F47_161_to_165,fog,0.0034750841600529082,0.0022862953323171237,-0.0006857495661866968
common_7,F47_130_to_127,season,0.10774000396825398,0.11294646747926224,0.05550593338724545
common_7,F47_130_to_127,temperature,-0.0028084530423280506,-0.00356506067448508,0.006773547819673599
common_7,F47_130_to_127,humidity,-0.00036370089285712916,-0.000541327280072147,0.005884268028291659
common_7,F47_130_to_127,co2_sensor,0.03640026347552912,0.03781964072736916,0.025512107647315475
common_7,F47_130_to_127,ventilation,0.007245018105158736,0.004731187882933493,0.011740470562644175
common_7,F47_130_to_127,heating,-0.032280928819444416,-0.03730927812481591,-0.02222774713983801
common_7,F47_130_to_127,curtains,-0.003398681051587314,-0.0021681808223174845,-4.18612750619538e-05
common_7,F47_130_to_127,co2_action,0.004388718088624349,0.005076497622149607,0.0033417067403273028
common_7,F47_130_to_127,fan,0.2719563016699734,0.29704594778854043,0.1529757964847741
common_7,F47_130_to_127,fog,0.0005533334986772842,0.00022875301703541065,0.002350076218127454
common_7,F13_231_to_232,season,0.005981080935846523,0.005629022058018757,0.008219767714349019
common_7,F13_231_to_232,temperature,0.003510896742724686,0.0038707478210282843,0.0003253507331897334
common_7,F13_231_to_232,humidity,-0.002203407738095238,-0.001864418109209553,0.002136844725009305
common_7,F13_231_to_232,co2_sensor,-0.0010598396164021857,0.00033706514625594995,0.006702162085365167
common_7,F13_231_to_232,ventilation,0.005247707754629558,0.002668021955246983,0.01749254928146626
common_7,F13_231_to_232,heating,-0.0009068072916671795,-0.00141037039576665,0.007849911853193333
common_7,F13_231_to_232,curtains,-0.0017733997189153343,-0.001483153307108204,-0.002732571756838211
common_7,F13_231_to_232,co2_action,0.012816001240079436,0.010971656986256684,0.009890641158951777
common_7,F13_231_to_232,fan,0.3903168501157404,0.4079006062887847,0.4773136091033321
common_7,F13_231_to_232,fog,0.012134042576058122,0.007969282963121379,0.0072064197096586005
common_7,F13_233_to_232,season,-0.002938135416666635,-0.0030383617367793015,-0.0029866877353372534
common_7,F13_233_to_232,temperature,0.08188013128306869,0.09080401091692242,0.05400247241686377
common_7,F13_233_to_232,humidity,-0.003266592757936451,-0.0032673302258587854,0.013221423377638533
common_7,F13_233_to_232,co2_sensor,0.0008863968253968678,0.0016255123398045104,0.0018400825099957998
common_7,F13_233_to_232,ventilation,0.023253751488095,0.014086561585429697,0.02150881879427158
common_7,F13_233_to_232,heating,-0.02732121858465574,-0.02325735375183636,-0.08872503348895869
common_7,F13_233_to_232,curtains,-0.004500425925925599,-0.002933059305225482,-0.0015517768149813248
common_7,F13_233_to_232,co2_action,0.013117592096560831,0.011507322341488248,0.010911919928890434
common_7,F13_233_to_232,fan,0.5112779861111107,0.5254465495973581,0.4012990138877704
common_7,F13_233_to_232,fog,0.007666139880952381,0.005076723309357914,0.005070579356841285
common_7,F47_161_to_160,season,-0.0023872069279100533,-0.0029730616098792213,-0.00427749935932881
common_7,F47_161_to_160,temperature,-0.0010097794312169954,-0.0007391846987667655,0.028351473364749035
common_7,F47_161_to_160,humidity,0.041476563822751084,0.04736251930263971,0.06475016947397254
common_7,F47_161_to_160,co2_sensor,0.2908547706679895,0.2952199622293099,0.263553186941179
common_7,F47_161_to_160,ventilation,0.0037919872685185023,0.0024135622217937337,-0.00028557390392003974
common_7,F47_161_to_160,heating,0.036920741071428745,0.04551661336267198,0.15537187434541777
common_7,F47_161_to_160,curtains,-0.0004336939484126586,-0.0004294029057267871,-0.00023178085175970553
common_7,F47_161_to_160,co2_action,-0.00048400851521166805,-0.00036110211159839207,-5.803575458096491e-05
common_7,F47_161_to_160,fog,0.009995278769841286,0.006356958306668902,0.007581884935480491
common_101,F47_161_to_165,season,0.0067441994874337715,0.00923604514687213,0.0069623415630697925
common_101,F47_161_to_165,temperature,-0.08898223635912683,-0.09525289262502595,-0.02356422951251507
common_101,F47_161_to_165,humidity,0.0038625295138888203,0.006035229649939158,0.026907178044258285
common_101,F47_161_to_165,co2_sensor,0.12704371378968243,0.1291971739495194,0.10599078188683779
common_101,F47_161_to_165,ventilation,0.02689201612103165,0.017348538386663427,0.013955352281093184
common_101,F47_161_to_165,heating,0.13831108738425946,0.12786053481240528,0.13458179536794845
common_101,F47_161_to_165,curtains,0.012527107308201184,0.00824820548388899,0.010743359679558692
common_101,F47_161_to_165,co2_action,0.013552031415344001,0.008587597658720301,0.008528900787835159
common_101,F47_161_to_165,fan,0.4023041174768522,0.43095387465787577,0.2650076793803433
common_101,F47_161_to_165,fog,0.003000642195767185,0.001962759308652778,-0.0011520486679143852
common_101,F47_130_to_127,season,0.14527884815917105,0.150549430227297,0.075329863647639
common_101,F47_130_to_127,temperature,-0.004653990354938349,-0.0058803663569440435,0.0034170951631807846
common_101,F47_130_to_127,humidity,-0.0033494659115962024,-0.004056214288926946,-0.0002922599713776437
common_101,F47_130_to_127,co2_sensor,0.03049580285493823,0.030905233438798085,0.025336068339545062
common_101,F47_130_to_127,ventilation,0.0030024795249117657,0.0018712865432187796,0.011680563870222666
common_101,F47_130_to_127,heating,-0.0506484911816579,-0.05560263586544194,-0.030204058653642424
common_101,F47_130_to_127,curtains,-0.004822299492945364,-0.003511736269929921,-0.0009271211342787786
common_101,F47_130_to_127,co2_action,0.004451917934303336,0.004835712421118895,0.003143313590802092
common_101,F47_130_to_127,fan,0.2791283541115519,0.3088529223825135,0.17229812229326696
common_101,F47_130_to_127,fog,0.0023409415784832904,0.0015439012607721553,0.003308163471470159
common_101,F13_231_to_232,season,0.004904706514550168,0.004187286625668383,0.00980387759123971
common_101,F13_231_to_232,temperature,0.002813738095237967,0.003245524626240452,-0.0011814893451603213
common_101,F13_231_to_232,humidity,0.0013643141534391227,0.001665919355010747,0.007221792963160107
common_101,F13_231_to_232,co2_sensor,0.0006372371031745717,0.0020283307165724286,0.008227997946775468
common_101,F13_231_to_232,ventilation,0.0044963725198411564,0.0020674429093816794,0.015167596752493106
common_101,F13_231_to_232,heating,-0.00404846180555622,-0.004016142826664961,0.009974102194201568
common_101,F13_231_to_232,curtains,0.002609234788360035,0.0022641551129790175,-0.0020192700767313423
common_101,F13_231_to_232,co2_action,0.011612527116402111,0.009987656760424174,0.00823207591527164
common_101,F13_231_to_232,fan,0.4004921699735453,0.4186118838657677,0.49288109271201175
common_101,F13_231_to_232,fog,0.009341217096560786,0.006197716516303861,0.005065225607862246
common_101,F13_233_to_232,season,-0.0035775911044973576,-0.0033651417470001296,-0.0035555198905035733
common_101,F13_233_to_232,temperature,0.06742595353835987,0.07671061028843161,0.03374351532310374
common_101,F13_233_to_232,humidity,-0.0013801567460316843,-0.0019647057122201867,0.015555594777086129
common_101,F13_233_to_232,co2_sensor,0.0018393470568783311,0.002609008464391653,0.002813884076907477
common_101,F13_233_to_232,ventilation,0.018245937499999823,0.010529009845757248,0.01813652659594185
common_101,F13_233_to_232,heating,-0.04837291451719536,-0.04712786506671294,-0.11266857046419072
common_101,F13_233_to_232,curtains,-0.0033274346891531944,-0.0020377644628975173,-0.001271361615243836
common_101,F13_233_to_232,co2_action,0.012359984126984117,0.011008826126618219,0.009813361871011226
common_101,F13_233_to_232,fan,0.5306529867724867,0.5426354313350686,0.40666096797795165
common_101,F13_233_to_232,fog,0.008187013062169308,0.005436802569387664,0.004456832984416822
common_101,F47_161_to_160,season,-0.007994320436507968,-0.008940986027821058,-0.010803721737823907
common_101,F47_161_to_160,temperature,-0.01706597676917986,-0.018417372889016858,0.015328625044620238
common_101,F47_161_to_160,humidity,0.03944755282738077,0.04403257806684436,0.05896231157798623
common_101,F47_161_to_160,co2_sensor,0.30061211102843943,0.3054893686720115,0.2827582604695322
common_101,F47_161_to_160,ventilation,0.0034769691633597852,0.002260644241729172,-0.0006921638331266983
common_101,F47_161_to_160,heating,0.030910697503307192,0.03624163147515239,0.15641067850551063
common_101,F47_161_to_160,curtains,-0.0013409711474867106,-0.0013201629232293642,-0.000874418952940348
common_101,F47_161_to_160,co2_action,-0.0005323448247354383,-0.0004123864183245815,0.00021231189518581777
common_101,F47_161_to_160,fog,0.0064062132109788126,0.004020084372450655,0.0060423475267242024
common_2024,F47_161_to_165,season,0.0014124656911375026,0.003498756361311522,0.003100885436803746
common_2024,F47_161_to_165,temperature,-0.07472775705467359,-0.08076765712748538,-0.010174104394022025
common_2024,F47_161_to_165,humidity,0.00592498583553786,0.009383160142091198,0.02861129440883957
common_2024,F47_161_to_165,co2_sensor,0.1223168500881834,0.1265876146989699,0.09326592884873657
common_2024,F47_161_to_165,ventilation,0.04013536703593466,0.026484165495684026,0.019206859680008882
common_2024,F47_161_to_165,heating,0.12574355230379203,0.11725573822078329,0.12468980016588964
common_2024,F47_161_to_165,curtains,0.01959189894731058,0.015075958134601386,0.010428643906409081
common_2024,F47_161_to_165,co2_action,0.012670139274691381,0.008150875270537561,0.005947145776185465
common_2024,F47_161_to_165,fan,0.41661604916225764,0.4478380300512904,0.27392513408538777
common_2024,F47_161_to_165,fog,0.0030556848269399826,0.0019707049350338535,-0.0011954012498428938
common_2024,F47_130_to_127,season,0.08901102044753094,0.08625033586481534,0.04594001347608038
common_2024,F47_130_to_127,temperature,-0.0065659098600088,-0.008625153267986203,0.00154227135525727
common_2024,F47_130_to_127,humidity,0.005361735559964662,0.004782662829720895,0.0040970112299008755
common_2024,F47_130_to_127,co2_sensor,0.033883488343253984,0.034318300363859425,0.02577689170579234
common_2024,F47_130_to_127,ventilation,0.006526398341049371,0.0041444565045509855,0.013129102133722296
common_2024,F47_130_to_127,heating,-0.04422228254519392,-0.0489897837023003,-0.024980031375394344
common_2024,F47_130_to_127,curtains,-0.0030168899360669896,-0.0022190654612035793,-6.40903334400892e-05
common_2024,F47_130_to_127,co2_action,0.00679131327160495,0.006818436590987267,0.004332232766310964
common_2024,F47_130_to_127,fan,0.32309577987213384,0.3484327526620611,0.19240690597493412
common_2024,F47_130_to_127,fog,0.002353124283509709,0.0016113890011577607,0.002478430795659919
common_2024,F13_231_to_232,season,0.005965463458994759,0.006004825277145489,0.00862680397961561
common_2024,F13_231_to_232,temperature,0.002779635416666674,0.003034757110780547,0.0008906702845521554
common_2024,F13_231_to_232,humidity,-0.004855058697089966,-0.0036981905834770554,0.0022730254457375455
common_2024,F13_231_to_232,co2_sensor,0.0035004776785714504,0.004640474790981132,0.0094285831515741
common_2024,F13_231_to_232,ventilation,0.005045854993386079,0.002164119651225545,0.013927071477905485
common_2024,F13_231_to_232,heating,-0.006145119543650926,-0.005730988943328322,0.010907592724917077
common_2024,F13_231_to_232,curtains,-0.0006200929232803614,0.000323583050569016,-0.003294259132184179
common_2024,F13_231_to_232,co2_action,0.012806517691798984,0.011070098225687407,0.008814221080427665
common_2024,F13_231_to_232,fan,0.3810748966600528,0.40128302932277976,0.4813580642656257
common_2024,F13_231_to_232,fog,0.012723119708994712,0.00843606041112201,0.007000434982784715
common_2024,F13_233_to_232,season,-0.004076912533068791,-0.004116553291552208,-0.0035430045722178987
common_2024,F13_233_to_232,temperature,0.07030849016203707,0.0770744834320289,0.041617389631856336
common_2024,F13_233_to_232,humidity,-0.005598422371031687,-0.0049798967640313375,0.011928636462638644
common_2024,F13_233_to_232,co2_sensor,0.0022747343750000064,0.002945785045715584,0.004662260995355971
common_2024,F13_233_to_232,ventilation,0.010585766947751136,0.005568837317938994,0.01556747321295255
common_2024,F13_233_to_232,heating,-0.05356082481812143,-0.05341193513982338,-0.10325504925920034
common_2024,F13_233_to_232,curtains,-0.005299114169973412,-0.0035521717926807524,-0.002441416013385226
common_2024,F13_233_to_232,co2_action,0.012676256531084635,0.01119909374983469,0.009791575136220082
common_2024,F13_233_to_232,fan,0.48071882382605813,0.49141083522914225,0.390596683224661
common_2024,F13_233_to_232,fog,0.011811896494708925,0.007842984432096613,0.005892246006428592
common_2024,F47_161_to_160,season,-0.005232260251322742,-0.006045963114674594,-0.011141255498280843
common_2024,F47_161_to_160,temperature,0.003696558201058166,0.0030586313957221833,0.03206888720076007
common_2024,F47_161_to_160,humidity,0.04363426984126963,0.04815817347295432,0.06137104766954508
common_2024,F47_161_to_160,co2_sensor,0.30364884160052924,0.3116053634548864,0.2752782663723776
common_2024,F47_161_to_160,ventilation,0.0036728966600528823,0.002386358244930196,-0.0007142947650432788
common_2024,F47_161_to_160,heating,0.03857925595238115,0.04570855647718702,0.15430678777985635
common_2024,F47_161_to_160,curtains,-0.0004606084656083711,-0.00044732946196790913,-0.00025461994667901717
common_2024,F47_161_to_160,co2_action,-0.0007085410052909816,-0.0004925467201811341,-0.00017047521763220009
common_2024,F47_161_to_160,fog,0.010314587466931268,0.006410916012000089,0.00615288415068995
