farm,day,weight,weighted_y,day_truth,selected_y
F47,132,0.2054534565868474,0.534316624398911,2.7121666666666666,2.600669919481494
F47,170,0.10992331557867614,0.07375212162753214,0.7702083333333333,0.6709415672123268
F47,242,0.07679703636568659,0.055561217476908537,0.7242083333333333,0.7234812709743269
F13,120,0.07325547330913247,0.08829080626896528,1.25,1.2052451821092585
F47,120,0.06211721445265373,0.024102051316619622,0.4049583333333333,0.3880092101520491
F47,123,0.06052675715854745,0.026104281731566,0.44,0.43128498794651865
F47,136,0.055190952137053516,0.09079641084337574,1.65275,1.645132169814802
F13,156,0.04226083447221399,0.03183106582823135,0.7513333333333333,0.7532048580148106
F47,124,0.0376069191364577,0.01725300399000968,0.47941666666666666,0.45877206605004517
F13,214,0.030271706648049564,0.02831603771468008,0.9180416666666668,0.9353961454467421
F47,108,0.027633213286789186,0.019637161797345804,0.726625,0.7106362041049308
F13,159,0.027477535930790276,0.016670306198897446,0.5987083333333333,0.6066885415375743
F47,138,0.02339932984595424,0.04001459707059816,1.7102916666666665,1.7100744907665255
F13,139,0.016954298511999782,0.021395169971732502,1.3034583333333332,1.2619318904046424
F47,139,0.016178389146493624,0.0266514242139262,1.684375,1.647347209453323
F47,152,0.01576349324629414,0.006830023415278247,0.4427083333333333,0.4332810823441007
F47,117,0.013424274129334463,0.011916421278777406,0.9079166666666666,0.8876771409738925
F13,106,0.009192786506309558,0.002857685703112474,0.31616666666666665,0.31086175025940976
F13,142,0.008248287252398217,0.003560562544262481,0.4254583333333333,0.4316729564949664
F13,135,0.007320965992432612,0.007225855753622007,1.0125833333333334,0.9870085124136736
F47,241,0.00545974749069515,0.0033079300157217314,0.65225,0.6058760082511722
F47,243,0.0054091655918353165,0.0024024127795726565,0.449,0.44413740692259407
F13,154,0.005324182775346675,0.0021580482156348113,0.412625,0.40532947622075083
F13,121,0.005053581790798623,0.006447889541161789,1.3183749999999999,1.2759048548302652
F13,243,0.0042263296095738,0.007030345364560564,1.7187916666666665,1.6634635757312672
F13,146,0.004083623531958744,0.006199765418983949,1.4956666666666667,1.5182020013510353
F47,157,0.004038346674504384,0.004871832137411243,1.2108333333333332,1.206392746855779
F47,119,0.0037450940108383693,0.003323622134673417,0.921875,0.8874602680346061
F47,109,0.0037439548351451864,0.0008737287051361214,0.231,0.2333705249150633
F47,121,0.0035721610780598007,0.0021093908357735234,0.5975416666666666,0.5905083196638006
F13,161,0.003556567428382941,0.0017748108349486206,0.491625,0.49902353060562415
F47,167,0.0033185991672623452,0.0014963256072541837,0.459625,0.45089073185315326
F13,109,0.002895646729282404,0.0010360298376615859,0.3450416666666667,0.3577887548175926
F13,96,0.0025514646404379976,0.0010408369129585033,0.4086666666666667,0.40793703211181004
F13,110,0.0025161391763601007,0.0008538213053327502,0.35375,0.339337868649979
F13,137,0.002470230541253236,0.002495302423912404,1.075875,1.0101496124513334
F13,171,0.0024123989821504418,0.002073146548223269,0.8714583333333333,0.8593713409608724
F13,211,0.0021700163562789476,0.0011323497138135043,0.5396666666666666,0.5218162114479219
F13,160,0.001917458617360746,0.000874617847491676,0.45808333333333334,0.4561338844931783
F13,169,0.0018441166994939582,0.0014770811181393324,0.8197916666666667,0.80096943894313
F13,158,0.0012549169973865072,0.0006216365599782197,0.4527083333333333,0.4953606981759282
F47,239,0.0010168841146627034,0.0004414597919045046,0.433875,0.4341298930123765
F13,157,0.0009625770606376592,0.0004448885774842971,0.42483333333333334,0.4621848947756771
F13,176,0.0008538593009125859,0.0003813342087419292,0.4254166666666666,0.4466007553403326
F13,38,0.0007736703904261996,0.00022839923222203019,0.297625,0.29521516533185355
F47,155,0.0007277323392798151,0.0003121971735510407,0.41566666666666663,0.429
F13,212,0.0006078385092542027,0.00018478290681327766,0.29433333333333334,0.30400000000000005
F47,209,0.0005755804102805016,0.00037743787545823135,0.6549583333333334,0.6557517745857471
F47,103,0.000551843372716913,0.000368621676074576,0.6706249999999999,0.6679824281656693
F47,122,0.000529655828393952,0.0003124969387524317,0.5997916666666666,0.59
F13,84,0.0004329805572223377,0.00023640738424339638,0.5364166666666667,0.546
F47,154,0.00042016478967742593,0.0006477400928838717,1.6209999999999998,1.5416334466797246
F13,155,0.00040974852910850493,0.00033243327822696716,0.807375,0.8113104858490803
F13,241,0.00033598378637527017,0.0004310671979194716,1.4315,1.283
F13,140,0.00023859870412583313,0.00016868928381696401,0.714625,0.707
F13,111,0.00022287923543104534,8.88672406990576e-05,0.3712083333333333,0.3987237327299225
F47,137,0.00020753753064121076,0.00010752988770327423,0.511375,0.5181226131536231
F13,170,0.00016583188117199674,6.931772632989464e-05,0.433875,0.418
F13,91,0.00013932239372202972,8.20608899022755e-05,0.5779166666666666,0.589
F47,240,0.00013173541137397588,6.428688075050023e-05,0.47258333333333336,0.488
F47,140,7.146184148945708e-05,2.8013041863867178e-05,0.4033333333333333,0.392
F13,242,6.413159457587683e-05,2.667874334356476e-05,0.43204166666666666,0.416
